,,,,,,,,,,,,,,,Collection Date: 2022-05-13 to 2022-05-16,,,,Collection Date: 2022-05-24 to 2022-05-26,,,,Collection Date: 2022-06-06 to 2022-06-08,,,,Collection Date: 2022-06-22,,,,Collection Date: NA,,,
,,,,Plant number of fitness plant (when chosen),,,,,,,,,,,# of CLOSED Fruits collected from FITNESS plant,# of OPEN undamaged Fruits collected from FITNESS plant,# of eaten/damaged OPEN Fruits collected from FITNESS plant,# of Fruits collected from any non-fitness plants,# of CLOSED Fruits collected from FITNESS plant,# of OPEN undamaged Fruits collected from FITNESS plant,# of eaten/damaged OPEN Fruits collected from FITNESS plant,# of Fruits collected from any non-fitness plants,# of CLOSED Fruits collected from FITNESS plant,# of OPEN undamaged Fruits collected from FITNESS plant,# of eaten/damaged OPEN Fruits collected from FITNESS plant,# of Fruits collected from any non-fitness plants,# of CLOSED Fruits collected from FITNESS plant,# of OPEN undamaged Fruits collected from FITNESS plant,# of eaten/damaged OPEN Fruits collected from FITNESS plant,# of Fruits collected from any non-fitness plants,# of CLOSED Fruits collected from FITNESS plant,# of OPEN undamaged Fruits collected from FITNESS plant,# of eaten/damaged OPEN Fruits collected from FITNESS plant,# of Fruits collected from any non-fitness plants
Sequence,Transect,Recipient,Recipient for Sorting,Plant number of fitness plant (when chosen),Number of closed fruits used to estimate mean seeds per fruit (include multiple dates),Open Fruits ,Eaten or damaged fruits,Total number of viable seeds counted across multiple dates,Total number of all fruits produced by the plant (open + closed),Total number of non-fitness fruits collected from segment,Mean seeds/fruit (G/F),Total production of viable seeds (I*H),Date Sown,Date Flowered ,,,,,,,,,,,,,,,,,,,,
26,1,AC_15,AC_015,5,3,0,0,6,3,0,2,18,11/04/2021,04/21/2022,,,,,,,,,3,,,,,,,,,,,
12,1,AC_46,AC_046,3,8,4,0,28,12,11,3.5,42,11/04/2021,04/09/2022,,,,,,,,6,6,3,,5,2,1,,,,,,
6,1,AC_48,AC_048,4,21,9,0,73,30,29,3.476190476,104.2857143,11/04/2021,04/21/2022,,,,,7,,,11,9,,,18,5,9,,,,,,
32,1,AC_55,AC_055,5,14,12,0,54,26,6,3.857142857,100.2857143,11/04/2021,04/09/2022,,,,,14,1,,,,,,6,,11,,,,,,
32,1,AC_55,AC_055,9,5,0,0,11,5,0,2.75,13.75,11/04/2021,04/09/2022,,,,,4,,,,1,,,,,,,,,,,
15,1,AC_56,AC_056,5,11,0,0,20,11,24,1.818181818,20,11/04/2021,04/09/2022,,,,,4,,,15,7,,,9,,,,,,,,
25,1,AC_57,AC_057,7,1,2,0,3,3,4,3,9,11/04/2021,04/21/2022,,,,,,2,,4,1,,,,,,,,,,,
29,1,AC_58,AC_058,1,3,3,0,3,6,33,1,6,11/04/2021,04/21/2022,,,,,3,,,16,,,,17,,3,,,,,,
29,1,AC_58,AC_058,7,7,2,0,8,9,0,4,36,11/04/2021,04/21/2022,,,,,,,,,5,2,,,2,,,,,,,
29,1,AC_58,AC_058,9,1,20,0,0,21,0,0,0,11/04/2021,04/09/2022,,,,,1,1,,,,,,,,19,,,,,,
17,1,AC_62,AC_062,6,1,0,0,1,1,23,1,1,11/04/2021,04/09/2022,,,,,1,,,9,,,,14,,,,,,,,
34,1,AC_66,AC_066,10,6,0,0,9,6,16,1.8,10.8,11/04/2021,04/21/2022,1,,,,3,,,16,2,,,,,,,,,,,
10,1,AC_70,AC_070,7,8,6,0,31,14,30,3.875,54.25,11/04/2021,04/21/2022,,,,,4,,,30,4,3,,,,3,,,,,,
10,1,AC_70,AC_070,8,3,2,0,14,5,0,4.666666667,23.33333333,11/04/2021,04/21/2022,,,,,2,,,,1,2,,,,,,,,,,
10,1,AC_70,AC_070,9,9,2,0,28,11,0,3.111111111,34.22222222,11/04/2021,04/21/2022,,,,,5,,,,4,1,,,,1,,,,,,
8,1,AC_74,AC_074,6,7,1,0,18,8,45,2.571428571,20.57142857,11/04/2021,04/21/2022,1,,,,3,,,33,3,,,12,,,,,,1,,
14,1,AC_86,AC_086,4,11,4,0,22,15,11,2,30,11/04/2021,04/21/2022,,,,,,,,8,11,1,,3,,3,,,,,,
27,1,AC_88,AC_088,1,1,3,0,1,4,35,1,4,11/04/2021,04/21/2022,,,,,,,,18,1,3,,17,,,,,,,,
19,1,AC_89,AC_089,10,7,0,0,20,7,0,2.857142857,20,11/04/2021,04/21/2022,,,,,4,,,,3,,,,,,,,,,,
28,1,AC_96,AC_096,9,10,0,0,19,10,13,1.9,19,11/04/2021,04/21/2022,,,,,1,,,5,,,,8,9,,,,,,,
18,1,AC_97,AC_097,1,45,7,0,182,52,0,4.044444444,210.3111111,11/04/2021,04/09/2022,,,,,,,,,16,2,,,29,5,,,,,,
18,1,AC_97,AC_097,3,140,13,0,763,153,0,5.45,833.85,11/04/2021,04/09/2022,,,,,,,,,8,,,,132,13,,,,,,
18,1,AC_97,AC_097,9,6,0,0,14,6,0,2.333333333,14,11/04/2021,04/21/2022,,,,,,,,,4,,,,2,,,,,,,
3,1,AC_107,AC_107,4,8,6,0,15,14,34,1.875,26.25,11/04/2021,05/03/2022,,,,,5,,,14,3,,,20,,6,,,,,,
4,1,AC_109,AC_109,1,8,22,0,26,30,0,3.25,97.5,11/04/2021,05/03/2022,,,,,6,1,,,2,,,,,21,,,,,,
4,1,AC_109,AC_109,3,11,14,0,59,25,0,5.363636364,134.0909091,11/04/2021,04/21/2022,,,,,6,,,,5,3,,,,11,,,,,,
4,1,AC_109,AC_109,4,6,1,0,18,7,45,3,21,11/04/2021,05/03/2022,,,,,3,,,23,3,,,22,,1,,,,,,
5,1,AC_110,AC_110,4,10,9,0,56,19,42,5.6,106.4,11/04/2021,05/03/2022,,,,,5,,,25,5,,,17,,9,,,,,,
20,1,AC_120,AC_120,8,4,4,0,12,8,13,3,24,11/04/2021,04/21/2022,,,,,3,,,7,1,,,6,,4,,,,,,
36,1,AC_128,AC_128,10,6,10,0,27,16,48,4.5,72,11/04/2021,04/09/2022,,,,,6,5,,45,,5,,3,,,,,,,,
9,1,AC_130,AC_130,10,2,1,0,7,3,13,3.5,10.5,11/04/2021,05/13/2022,,,,,,,,8,2,1,,5,,,,,,,,
13,1,AC_131,AC_131,6,28,3,0,43,31,18,1.535714286,47.60714286,11/04/2021,04/21/2022,,,,,6,,,12,12,1,,6,10,2,,,,,,
21,1,AC_136,AC_136,4,3,0,0,7,3,10,1,3,11/04/2021,04/21/2022,,,,,,,,4,3,,,6,,,,,,,,
23,1,AC_151,AC_151,6,5,3,0,14,8,9,2.8,22.4,11/04/2021,04/21/2022,,,,,1,,,3,4,,,6,,3,,,,,,
22,1,AC_168,AC_168,5,2,0,0,5,2,15,2.5,5,11/04/2021,04/09/2022,,,,,,,,,2,,,15,,,,,,,,
11,1,AC_181,AC_181,7,7,0,0,15,7,18,2.142857143,15,11/04/2021,04/09/2022,,,,1,3,,,14,4,,,3,,,,,,,,
31,1,AC_185,AC_185,10,10,2,0,25,12,4,2.5,30,11/04/2021,04/09/2022,,,,,5,,,4,5,2,,,,,,,,,,
33,1,AC_189,AC_189,3,7,2,0,15,9,0,2.142857143,19.28571429,11/04/2021,04/09/2022,,,,,5,2,,,2,,,,,,,,,,,
33,1,AC_189,AC_189,4,12,2,0,65,14,0,5.416666667,75.83333333,11/04/2021,04/09/2022,,,,,9,1,,,3,,,,,1,,,,,,
33,1,AC_189,AC_189,5,21,2,0,79,23,22,3.761904762,86.52380952,11/04/2021,04/09/2022,,,,,13,,,22,8,,,,,2,,,,,,
7,1,AC_190,AC_190,2,10,16,0,66,26,0,6.6,171.6,11/04/2021,04/21/2022,,,,,5,,,,5,,,,,16,,,,,,
7,1,AC_190,AC_190,3,7,10,0,35,17,0,5,85,11/04/2021,04/21/2022,,,,,3,,,,4,1,,,,9,,,,,,
7,1,AC_190,AC_190,4,10,5,0,62,15,13,6.2,93,11/04/2021,04/21/2022,,,,,5,,,,5,,,13,,5,,,,,,
2,1,AC_191,AC_191,5,1,3,0,0,4,23,0,0,11/04/2021,05/03/2022,,,,,1,,,9,,,,14,,3,,,,,,
24,1,AC_193,AC_193,5,0,3,0,0,3,5,#DIV/0!,#DIV/0!,11/04/2021,04/21/2022,,,,,,1,,3,,2,,2,,,,,,,,
1,1,AC_200,AC_200,10,3,2,0,18,5,28,6,30,11/04/2021,05/03/2022,,,,,,,,8,3,,,20,,2,,,,,,
16,1,AC_203,AC_203,2,16,0,0,58,16,14,3.625,58,11/04/2021,04/21/2022,,,,,4,,,14,5,,,,7,,,,,,,
35,1,AC_205,AC_205,6,0,1,0,0,1,25,#DIV/0!,#DIV/0!,11/04/2021,,,,,,,1,,13,,,,12,,,,,,,,
30,1,AC_218,AC_218,6,5,1,0,10,6,0,2,12,11/04/2021,04/09/2022,,,,,2,,,,3,,,,,1,,,,,,
30,1,AC_218,AC_218,9,9,2,0,13,11,8,4.333333333,47.66666667,11/04/2021,04/09/2022,,,,,3,1,,6,6,,,2,,1,,,,,,
48,2,AC_11,AC_011,9,6,0,0,15,6,21,,#REF!,11/04/2021,05/03/2022,,,,,3,,,,3,,,21,,,,,,,,
41,2,AC_14,AC_014,6,5,0,0,8,5,20,1.6,8,11/04/2021,05/03/2022,,,,,1,,,,3,,,20,1,,,,,,,
62,2,AC_30,AC_030,4,4,0,0,10,4,0,2.5,10,11/04/2021,04/09/2022,,,,,4,,,,,,,,,,,,,,,
38,2,AC_34,AC_034,2,8,2,0,28,10,0,3.5,35,11/04/2021,05/03/2022,,,,,3,,,,5,,,,,2,,,,,,
38,2,AC_34,AC_034,9,0,9,0,0,9,0,#DIV/0!,#DIV/0!,11/04/2021,05/03/2022,,,,,,,,,,,,,,9,,,,,,
46,2,AC_38,AC_038,8,5,0,0,3,5,7,0.6,3,11/04/2021,04/21/2022,,,,,3,,,,2,,,7,,,,,,,,
61,2,AC_52,AC_052,3,7,0,0,6,7,16,0.8571428571,6,11/04/2021,04/09/2022,,,,,5,,,,2,,,16,,,,,,,,
54,2,AC_54,AC_054,4,14,0,0,10,14,35,0.7142857143,10,11/04/2021,04/21/2022,,,,,4,,,,7,,,35,3,,,,,,,
39,2,AC_68,AC_068,9,18,0,0,34,18,0,1.888888889,34,11/04/2021,05/03/2022,,,,,6,,,,7,,,,5,,,,,,,
58,2,AC_72,AC_072,7,9,1,0,13,10,11,1.444444444,14.44444444,11/04/2021,04/09/2022,,,,,5,,,,4,1,,11,,,,,,,,
64,2,AC_82,AC_082,7,4,1,0,10,5,0,2.5,12.5,11/04/2021,04/09/2022,,,,,4,1,,,,,,,,,,,,,,
64,2,AC_82,AC_082,8,6,1,0,10,7,0,1.666666667,11.66666667,11/04/2021,04/09/2022,,,,,5,1,,,1,,,,,,,,,,,
64,2,AC_82,AC_082,9,1,1,0,0,2,0,0,0,11/04/2021,04/09/2022,,,,,1,1,,,,,,,,,,,,,,
40,2,AC_83,AC_083,1,4,0,0,5,4,13,1.25,5,11/04/2021,05/03/2022,,,,,2,,,,2,,,13,,,,,,,,
50,2,AC_94,AC_094,7,14,1,0,33,15,5,2.357142857,35.35714286,11/04/2021,04/21/2022,,,,,6,,,,5,,,5,3,1,,,,,,
49,2,AC_104,AC_104,7,20,1,0,25,21,21,1.25,26.25,11/04/2021,04/09/2022,,,,,6,,,,9,,,21,5,1,,,,,,
47,2,AC_114,AC_114,6,9,1,0,21,10,9,2.333333333,23.33333333,11/04/2021,04/21/2022,,,,,5,,,,4,,,9,,1,,,,,,
68,2,AC_118,AC_118,6,1,1,0,0,2,6,0,0,11/04/2021,04/09/2022,,,,,1,1,,,,,,6,,,,,,,,
60,2,AC_123,AC_123,1,1,1,0,5,2,16,5,10,11/04/2021,04/21/2022,,,,,1,,,,,1,,16,,,,,,,,
45,2,AC_142,AC_142,2,10,4,0,27,14,15,2.7,37.8,11/04/2021,05/03/2022,,,,,4,,,,6,,,15,,4,,,,,,
59,2,AC  143,AC_143,7,11,1,0,,12,0,,,,,,,,,4,,,,5,,,,2,1,,,,,,
63,2,AC_144,AC_144,5,5,2,0,23,7,4,4.6,32.2,11/04/2021,04/09/2022,,,,,3,,,,2,,,4,,2,,,,,,
71,2,AC_148,AC_148,8,5,1,0,9,6,0,1.8,10.8,11/04/2021,04/09/2022,,,,,5,1,,,,,,,,,,,,,,
65,2,AC_152,AC_152,5,0,1,0,0,1,0,#DIV/0!,#DIV/0!,11/04/2021,04/09/2022,,,,,,,,,,1,,,,,,,,,,
37,2,AC_153,AC_153,4,4,0,0,0,4,9,0,0,11/04/2021,05/03/2022,,,,,1,,,,3,,,9,,,,,,,,
53,2,AC_158,AC_158,6,39,1,0,115,40,20,2.948717949,117.9487179,11/04/2021,04/09/2022,,,,,9,,,,14,,,20,16,1,,,,,,
69,2,AC_159,AC_159,3,7,3,0,10,10,6,1.428571429,14.28571429,11/04/2021,04/09/2022,,,,,7,3,,,,,,6,,,,,,,,
52,2,AC_171,AC_171,7,3,1,0,8,4,15,2.666666667,10.66666667,11/04/2021,04/21/2022,,,,,1,,,,2,,,15,,1,,,,,,
55,2,AC_172,AC_172,3,7,0,0,20,7,26,2.857142857,20,11/04/2021,04/09/2022,,,,,2,,,,4,,,26,1,,,,,,,
56,2,AC_178,AC_178,8,7,1,0,19,8,21,3.166666667,25.33333333,11/04/2021,04/09/2022,,,,,3,,,,2,,,21,1,1,,,1,,0,
51,2,AC_182,AC_182,9,13,2,0,11,15,8,0.8461538462,12.69230769,11/04/2021,04/21/2022,,,,,9,,,,3,2,,8,1,,,,,,,
67,2,AC_186,AC_186,8,6,1,0,25,7,8,4.166666667,29.16666667,11/04/2021,04/21/2022,,,,,4,1,,,2,,,8,,,,,,,,
70,2,AC_195,AC_195,2,2,0,0,3,2,3,1.5,3,11/04/2021,04/21/2022,,,,,2,,,,,,,3,,,,,,,,
57,2,AC_199,AC_199,4,24,7,0,30,31,0,2.142857143,66.42857143,11/04/2021,04/09/2022,,,,,10,,,,12,,,,2,7,,,,,,
42,2,AC_204,AC_204,1,32,4,0,29,36,0,0.90625,32.625,11/04/2021,04/21/2022,,,,,10,1,,,11,,,,11,3,,,,,,
42,2,AC_204,AC_204,2,13,1,0,35,14,0,2.692307692,37.69230769,11/04/2021,05/03/2022,,,,,6,,,,7,,,,,1,,,,,,
42,2,AC_204,AC_204,4,19,0,0,49,19,0,2.578947368,49,11/04/2021,04/21/2022,,,,,9,,,,8,,,,2,,,,,,,
72,2,AC_206,AC_206,6,3,1,0,4,4,0,1.333333333,5.333333333,11/04/2021,04/09/2022,,,,,3,1,,,,,,,,,,,,,,
44,2,AC_211,AC_211,7,12,1,0,24,13,36,2,26,11/04/2021,04/21/2022,,,,,5,,,,5,,,36,2,1,,,,,,
43,2,AC_213,AC_213,7,8,3,0,12,11,2,1.5,16.5,11/04/2021,05/03/2022,,,,,6,,,,2,,,2,,3,,,,,,
66,2,AC_215,AC_215,1,7,1,0,8,8,10,1.142857143,9.142857143,11/04/2021,04/09/2022,,,,,5,1,,,2,,,10,,,,,,,,
103,3,AC_5,AC_005,1,4,0,0,5,4,6,1.25,5,11/04/2021,,,,,,1,,,,3,,,6,,,,,,,,
76,3,AC_10,AC_010,7,7,0,0,9,7,5,1.285714286,9,11/04/2021,,,,,,5,,,,2,,,5,,,,,,,,
82,3,AC_16,AC_016,9,10,0,0,13,10,6,1.3,13,11/04/2021,,,,,,6,,,,4,,,6,,,,,,,,
73,3,AC_17,AC_017,3,3,0,0,6,3,8,2,6,11/04/2021,,,,,,,,,,3,,,8,,,,,,,,
77,3,AC_32,AC_032,7,3,0,0,4,3,5,2,6,11/04/2021,,,,,,2,,,,1,,,5,,,,,,,,
89,3,AC_40,AC_040,2,1,0,0,0,1,0,0,0,11/04/2021,,,,,,1,,,,,,,,,,,,,,,
89,3,AC_40,AC_040,4,37,2,0,87,39,0,2.351351351,91.7027027,11/04/2021,,,,,,17,1,,,12,,,,8,1,,,,,,
89,3,AC_40,AC_040,8,9,1,0,9,10,0,1,10,11/04/2021,,,,,,6,1,,,2,,,,1,,,,,,,
107,3,AC_51,AC_051,6,4,3,0,10,7,2,2.5,17.5,11/04/2021,,,,,,4,3,,,,,,2,,,,,,,,
98,3,AC_64,AC_064,8,17,6,0,84,23,21,4.941176471,113.6470588,11/04/2021,,,,,,9,1,,,8,,,21,,5,,,,,,
81,3,AC_75,AC_075,5,2,0,0,3,2,2,1.5,3,11/04/2021,,,,,,2,,,,,,,2,,,,,,,,
90,3,AC_81,AC_081,2,20,8,0,52,28,0,2.6,72.8,11/04/2021,,,,,,12,,,,7,1,,,1,7,,,,,,
90,3,AC_81,AC_081,1,2,0,0,7,2,0,3.5,7,11/04/2021,,,,,,2,,,,,,,,,,,,,,,
90,3,AC_81,AC_081,6,13,0,0,30,13,0,2.307692308,30,11/04/2021,,,,,,8,,,,4,,,,1,,,,,,,
94,3,AC_90,AC_090,4,7,2,0,14,9,16,2,18,11/04/2021,,,,,,5,,,,2,,,16,,2,,,,,,
75,3,AC_92,AC_092,1,3,0,0,3,3,8,1,3,11/04/2021,,,,,,2,,,,1,,,8,,,,,,,,
91,3,AC_95,AC_095,10,5,1,0,10,6,8,2,12,11/04/2021,,,,,,3,1,,,2,,,8,,,,,,,,
102,3,AC_99,AC_099,2,5,3,0,16,8,0,4,32,11/04/2021,,,,,,4,1,,,1,2,,,,,,,,,,
102,3,AC_99,AC_099,8,3,3,0,2,6,1,0.6666666667,4,11/04/2021,,,,,,1,1,,,2,2,,1,,,,,,,,
102,3,AC_99,AC_099,9,4,0,0,7,4,0,1.75,7,11/04/2021,,,,,,4,,,,,,,,,,,,,,,
74,3,AC_100,AC_100,5,4,0,0,10,4,11,2.5,10,11/04/2021,,,,,,1,,,,3,,,11,,,,,,,,
105,3,AC_111,AC_111,2,7,1,0,7,8,0,#DIV/0!,#DIV/0!,11/04/2021,,,,,,7,1,,,,,,,,,,,,,,
105,3,AC_111,AC_111,4,0,3,0,0,3,0,#DIV/0!,#DIV/0!,11/04/2021,,,,,,,3,,,,,,,,,,,,,,
105,3,AC_111,AC_111,10,7,0,0,28,7,0,#DIV/0!,#DIV/0!,11/04/2021,,,,,,7,,,,,,,,,,,,,,,
80,3,AC_113,AC_113,8,10,0,0,23,10,8,2.3,23,11/04/2021,,,,,,6,,,,4,,,8,,,,,,,,
100,3,AC_115,AC_115,6,2,1,0,3,3,10,1.5,4.5,11/04/2021,,,,,,1,1,,,1,,,10,,,,,,,,
99,3,AC_119,AC_119,6,4,0,0,15,4,16,3.75,15,11/04/2021,,,,,,,,,,4,,,16,,,,,,,,
92,3,AC_122,AC_122,2,4,0,0,4,4,11,1,4,11/04/2021,,,,,,3,,,,1,,,11,,,,,,,,
95,3,AC_133,AC_133,4,0,0,0,0,0,0,#DIV/0!,#DIV/0!,11/04/2021,,,,,,,,,,,,,,,,,,,,,
86,3,AC_147,AC_147,9,8,2,0,25,10,13,3.125,31.25,11/04/2021,,,,,,4,,,,4,,,13,,2,,,,,,
93,3,AC_154,AC_154,3,1,2,0,4,3,15,2,6,11/04/2021,,,,,,1,1,,,,1,,15,,,,,,,,
96,3,AC_155,AC_155,4,11,0,0,41,11,19,3.727272727,41,11/04/2021,,,,,,5,,,,4,,,19,2,,,,,,,
104,3,AC_160,AC_160,2,11,6,0,12,17,10,1.090909091,18.54545455,11/04/2021,,,,,,10,3,,,1,,,10,,3,,,,,,
83,3,AC_179,AC_179,5,5,0,0,21,5,7,5.25,26.25,11/04/2021,,,,,,4,,,,1,,,7,,,,,,,,
84,3,AC_187,AC_187,2,9,1,0,17,10,0,1.888888889,18.88888889,11/04/2021,,,,,,6,,,,3,,,,,1,,,,,,
84,3,AC_187,AC_187,5,26,3,0,93,29,0,3.576923077,103.7307692,11/04/2021,,,,,,14,,,,12,2,,,,1,,,,,,
84,3,AC_187,AC_187,7,17,0,0,10,17,0,0.5882352941,10,11/04/2021,,,,,,5,,,,12,,,,,,,,,,,
85,3,AC_188,AC_188,4,4,0,0,8,4,12,2,8,11/04/2021,,,,,,3,,,,1,,,12,,,,,,,,
101,3,AC_192,AC_192,10,0,6,0,0,6,0,#DIV/0!,#DIV/0!,11/04/2021,,,,,,,,,,,6,,,,,,,,,,
78,3,AC_197,AC_197,4,6,1,0,7,7,0,1.166666667,8.166666667,11/04/2021,,,,,,4,,,,2,,,,,1,,,,,,
78,3,AC_197,AC_197,9,19,1,0,40,20,0,2.105263158,42.10526316,11/04/2021,,,,,,8,,,,8,,,,3,1,,,,,,
78,3,AC_197,AC_197,10,9,2,0,22,11,0,2.444444444,26.88888889,11/04/2021,,,,,,5,,,,4,1,,,,1,,,,,,
87,3,AC_201,AC_201,8,7,0,0,9,7,7,1.285714286,9,11/04/2021,,,,,,5,,,,2,,,7,,,,,,,,
79,3,AC_208,AC_208,3,5,3,0,18,8,0,3.6,28.8,11/04/2021,,,,,,4,,,,1,1,,,,2,,,,,,
79,3,AC_208,AC_208,6,1,0,0,0,1,0,0,0,11/04/2021,,,,,,1,,,,,,,,,,,,,,,
79,3,AC_208,AC_208,8,5,2,0,4,7,0,0.8,5.6,11/04/2021,,,,,,1,,,,2,,,,2,2,,,,,,
106,3,AC_212,AC_212,8,5,1,0,8,6,0,2,12,11/04/2021,,,,,,5,1,,,,,,,,,,,,,,
88,3,AC_216,AC_216,1,4,1,0,2,5,0,0.5,2.5,11/04/2021,,,,,,2,1,,,2,,,,,,,,,,,
88,3,AC_216,AC_216,5,14,2,0,32,16,0,2.285714286,36.57142857,11/04/2021,,,,,,6,,,,6,2,,,2,,,,,,,
88,3,AC_216,AC_216,10,4,0,0,10,4,0,2.5,10,11/04/2021,,,,,,1,,,,3,,,,,,,,,,,
97,3,AC_217,AC_217,5,4,3,0,13,7,0,3.25,22.75,11/04/2021,,,,,,4,1,,,,,,,,2,,,,,,
97,3,AC_217,AC_217,10,7,2,0,17,9,0,2.428571429,21.85714286,11/04/2021,,,,,,7,,,,,,,,,2,,,,,,
111,4,AC_10,AC_010,7,1,2,0,0,3,2,0,0,,,,,,,1,,,2,,,,,,2,,,,,,
135,4,AC_14,AC_014,1,5,1,0,1,6,38,0.2,1.2,,,,,,,4,,,31,1,,,7,,1,,,,,,
114,4,AC_16,AC_016,2,4,4,0,11,8,14,2.75,22,,,,,,,,,,2,4,,,12,,4,,,,,,
109,4,AC_32,AC_032,5,3,5,0,0,8,19,0,0,,,,,,,,,,,3,3,,19,,2,,,,,,
125,4,AC_34,AC_034,1,6,1,0,0,7,0,0,0,,,,,,,4,1,,,2,,,,,,,,,,,
125,4,AC_34,AC_034,4,13,12,0,0,25,0,0,0,,,,,,,,2,,,5,3,,,,7,,,8,,,
125,4,AC_34,AC_034,7,6,5,0,0,11,19,0,0,,,,,,,4,1,,12,2,,,7,,4,,,,,,
116,4,AC_40,AC_040,2,7,7,0,0,14,0,0,0,,,,,,,,,,,7,5,,,,2,,,,,,
116,4,AC_40,AC_040,7,12,4,0,0,16,0,0,0,,,,,,,,,,,12,4,,,,,,,,,,
116,4,AC_40,AC_040,8,10,5,0,0,15,20,0,0,,,,,,,,,,3,10,5,,17,,,,,,,,
126,4,AC_46,AC_046,8,10,3,0,0,13,19,0,0,,,1,,,,4,1,,19,5,2,,,,,,,,,,
113,4,AC_55,AC_055,1,9,9,0,0,18,0,0,0,,,,,,,2,,,,7,4,,,,5,,,,,,
113,4,AC_55,AC_055,2,16,11,0,0,27,0,0,0,,,,,,,1,,,,15,4,,,,7,,,,,,
113,4,AC_55,AC_055,3,14,11,0,0,25,5,0,0,,,,,,,,,,5,11,8,,,3,3,,,,,,
132,4,AC_58,AC_058,4,25,5,0,0,30,0,0,0,,,,,,,5,,,,13,,,,7,5,,,,,,
132,4,AC_58,AC_058,7,35,9,0,0,44,0,0,0,,,,,,,15,3,,,13,,,,7,6,,,,,,
132,4,AC_58,AC_058,8,5,2,0,0,7,52,0,0,,,,,,,,2,,30,5,,,22,,,,,,,,
137,4,AC_70,AC_070,4,3,2,0,0,5,0,0,0,,,,,,,3,2,,,,,,,,,,,,,,
137,4,AC_70,AC_070,5,9,4,0,0,13,0,0,0,,,,,,,4,,,,5,1,,,,3,,,,,,
137,4,AC_70,AC_070,7,1,4,0,0,5,21,0,0,,,,,,,,1,,21,1,3,,,,,,,,,,
131,4,AC_72,AC_072,2,14,12,0,0,26,15,0,0,,,,,,,10,1,,15,4,,,,,11,,,,,,
134,4,AC_83,AC_083,3,2,1,0,0,3,18,0,0,,,,,,,,1,,11,2,,,7,,,,,,,,
118,4,AC_88,AC_088,6,7,6,0,0,13,10,0,0,,,,,,,,,,2,7,6,,8,,,,,,,,
119,4,AC_92,AC_092,2,6,1,0,0,7,12,0,0,,,,,,,3,,,12,3,1,,,,,,,,,,
133,4,AC_109,AC_109,3,31,10,0,0,41,0,0,0,,,,,,,13,1,,,18,3,,,,6,,,,,,
133,4,AC_109,AC_109,6,23,10,0,0,33,44,0,0,,,,,,,14,2,,23,8,2,,21,1,6,,,,,,
124,4,AC_113,AC_113,8,0,0,0,0,0,2,#DIV/0!,#DIV/0!,,,,,,,,,,2,,,,,,,,,,,,
139,4,AC_115,AC_115,8,10,3,0,,13,11,,,,,,,,,5,1,,11,5,2,,,,,,,,,,
121,4,AC_118,AC_118,4,17,11,0,0,28,6,0,0,,,,,,,7,,,6,10,1,,,,10,,,,,,
108,4,AC_119,AC_119,1,8,0,0,0,8,0,0,0,,,,,,,2,,,,6,,,,,,,,,,,
122,4,AC_130,AC_130,5,8,9,0,,17,0,,,,,,,,,,,,,,,,,,2,,,8,7,,
117,4,AC_144,AC_144,4,0,3,0,0,3,2,#DIV/0!,#DIV/0!,,,,,,,,,,2,,3,,,,,,,,,,
123,4,AC_148,AC_148,5,14,3,0,0,17,2,0,0,,,,,,,5,,,2,6,2,,,3,1,,,,,,
128,4,AC_151,AC_151,5,3,3,0,0,6,18,0,0,,,,,,,1,1,,12,2,1,,6,,1,,,,,,
140,4,AC_152,AC_152,7,2,0,0,0,2,6,0,0,,,,,,,,,,,,,,6,2,,,,,,,
136,4,AC_154,AC_154,6,13,0,0,0,13,47,0,0,,,,,,,6,,,30,7,,,17,,,,,,,,
141,4,AC_158,AC_158,5,7,1,0,0,8,25,0,0,,,,,,,6,1,,19,1,,,6,,,,,,,,
138,4,AC_171,AC_171,1,0,3,0,0,3,0,#DIV/0!,#DIV/0!,,,,,,,,,,,,3,,,,,,,,,,
143,4,AC_178,AC_178,3,9,5,0,0,14,26,0,0,,,1,,,1,7,5,,19,1,,,6,,,,,,,,
127,4,AC_179,AC_179,2,3,4,0,0,7,9,0,0,,,,,,,3,,,9,,4,,,,,,,,,,
115,4,AC_182,AC_182,4,5,2,0,0,7,0,0,0,,,,,,,,,,,5,2,,,,,,,,,,
112,4,AC_185,AC_185,4,8,3,0,0,11,3,0,0,,,,,,,1,,,,5,2,,3,2,1,,,,,,
130,4,AC_197,AC_197,3,30,14,0,0,44,0,0,0,,,,,,,9,,,,21,2,,,,12,,,,,,
130,4,AC_197,AC_197,6,7,1,0,0,8,0,0,0,,,,,,,4,,,,3,1,,,,,,,,,,
130,4,AC_197,AC_197,7,15,10,0,0,25,22,0,0,,,,,,,7,,,16,8,3,,6,,7,,,,,,
142,4,AC_203,AC_203,9,0,0,0,0,0,28,#DIV/0!,#DIV/0!,,,,,,,,,,7,,,,21,,,,,,,,
120,4,AC_204,AC_204,3,5,14,0,0,19,0,0,0,,,,,,,5,2,,,,,,,,12,,,,,,
120,4,AC_204,AC_204,5,6,9,0,0,15,0,0,0,,,,,,,6,1,,,,,,,,8,,,,,,
120,4,AC_204,AC_204,6,11,7,0,0,18,19,0,0,,,,,,,5,,,19,6,3,,,,4,,,,,,
110,4,AC_206,AC_206,2,4,2,0,0,6,8,0,0,,,,,,,,,,3,4,1,,5,,1,,,,,,
129,4,AC_215,AC_215,2,17,5,0,0,22,18,0,0,,,,,,,9,,,11,8,5,,7,,,,,,,,
147,5,AC_5,AC_005,9,0,1,0,0,1,6,#DIV/0!,#DIV/0!,,,,,,,,,,,,1,,6,,,,,,,,
164,5,AC_17,AC_017,3,4,1,0,0,5,14,0,0,,,,,,,3,1,,,1,,,14,,,,,,,,
155,5,AC_48,AC_048,2,20,0,0,0,20,13,0,0,,,,,,,6,,,,10,,,13,4,,,,,,,
174,5,AC_54,AC_054,6,23,2,0,0,25,7,0,0,,,,,,,10,1,,,12,1,,7,1,,,,,,,
149,5,AC_56,AC_056,6,8,0,0,0,8,27,0,0,,,,,,,5,,,,3,,,27,,,,,,,,
146,5,AC_62,AC_062,1,7,1,0,0,8,8,0,0,,,,,,,4,,,,3,,,8,,1,,,,,,
156,5,AC_64,AC_064,8,17,1,0,0,18,16,0,0,,,,,,,8,,,,7,,,16,2,1,,,,,,
158,5,AC_82,AC_082,6,4,1,0,0,5,0,0,0,,,,,,,3,,,,1,,,,,1,,,,,,
158,5,AC_82,AC_082,1,2,11,0,0,13,0,0,0,,,,,,,,,,,2,11,,,,,,,,,,
158,5,AC_82,AC_082,10,14,8,0,0,22,0,0,0,,,,,,,,,,,14,8,,,,,,,,,,
169,5,AC_86,AC_086,4,3,0,0,0,3,10,0,0,,,,,,,1,,,,2,,,10,,,,,,,,
159,5,AC_89,AC_089,6,3,0,0,0,3,3,0,0,,,,,,,3,,,,,,,3,,,,,,,,
151,5,AC_90,AC_090,3,12,4,0,0,16,19,0,0,,,,,,,6,,,,6,,,19,,4,,,,,,
175,5,AC_96,AC_096,1,2,0,0,0,2,0,0,0,,,,,,,2,,,,,,,,,,,,,,,
161,5,AC_97,AC_097,4,8,0,0,0,8,0,0,0,,,,,,,4,,,,4,,,,,,,,,,,
161,5,AC_97,AC_097,8,4,2,0,0,6,0,0,0,,,,,,,2,,,,2,1,,,,1,,,,,,
161,5,AC_97,AC_097,9,12,1,0,0,13,0,0,0,,,,,,,8,,,,3,1,,,1,,,,,,,
179,5,AC_100,AC_100,9,13,2,0,0,15,10,0,0,,,,,,,8,2,,,5,,,10,,,,,,,,
148,5,AC_110,AC_110,5,7,2,0,0,9,6,0,0,,,,,,,3,,,,4,,,6,,2,,,,,,
177,5,AC_111,AC_111,8,9,3,0,0,12,0,0,0,,,,,,,6,1,,,2,2,,,1,,,,,,,
177,5,AC_111,AC_111,9,2,3,0,0,5,0,0,0,,,,,,,2,1,,,,,,,,2,,,,,,
177,5,AC_111,AC_111,10,2,0,2,0,2,0,0,0,,,,,,,1,,2,,1,,,,,,,,,,,
165,5,AC_122,AC_122,6,1,4,0,0,5,14,0,0,,,,,,,1,4,,,,,,14,,,,,,,,
170,5,AC_123,AC_123,10,3,2,0,0,5,12,0,0,,,,,,,1,1,,,2,1,,12,,,,,,,,
163,5,AC_128,AC_128,1,11,3,0,0,14,18,0,0,,,,,,,8,1,,,3,1,,18,,1,,,,,,
144,5,AC_131,AC_131,3,9,3,0,0,12,28,0,0,,,,,,,2,,,,5,2,,28,2,1,,,,,,
173,5,AC_136,AC_136,3,8,2,0,0,10,4,0,0,,,,,,,6,1,,,2,1,,4,,,,,,,,
153,5,AC_143,AC_143,8,5,0,0,0,5,3,0,0,,,,,,,4,,,,1,,,3,,,,,,,,
167,5,AC_147,AC_147,7,18,2,0,0,20,14,0,0,,,,,,,11,2,,,6,,,14,1,,,,,,,
150,5,AC_155,AC_155,9,12,0,0,0,12,0,0,0,,,,,,,7,,,,4,,,,1,,,,,,,
154,5,AC_159,AC_159,1,0,1,0,0,1,8,#DIV/0!,#DIV/0!,,,,,,,,1,,,,,,8,,,,,,,,
171,5,AC_172,AC_172,7,16,4,0,0,20,9,0,0,,,,,,,9,,,,7,2,,9,,2,,,,,,
157,5,AC_186,AC_186,6,5,1,0,0,6,30,0,0,,,,,,,3,,,,2,1,,30,,,,,,,,
176,5,AC_192,AC_192,2,3,0,0,0,3,0,0,0,,,,,,,3,,,,,,,,,,,,,,,
172,5,AC_200,AC_200,6,7,1,0,0,8,2,0,0,,,,,,,6,1,,,1,,,2,,,,,,,,
160,5,AC_201,AC_201,2,4,0,0,0,4,11,0,0,,,,,,,4,,,,,,,11,,,,,,,,
152,5,AC_211,AC_211,10,6,0,0,0,6,0,0,0,,,,,,,2,,,,4,,,,,,,,,,,
168,5,AC_212,AC_212,9,1,1,0,0,2,0,0,0,,,,,,,1,,,,,,,,,1,,,,,,
162,5,AC_213,AC_213,4,12,1,0,0,13,1,0,0,,,,,,,7,1,,,5,,,1,,,,,,,,
145,5,AC_216,AC_216,4,24,2,0,0,26,0,0,0,,,,,,,5,,,,16,,,,3,2,,,,,,
145,5,AC_216,AC_216,5,25,0,0,0,25,0,0,0,,,,,,,6,,,,11,,,,8,,,,,,,
145,5,AC_216,AC_216,6,21,0,0,0,21,0,0,0,,,,,,,4,,,,11,,,,6,,,,,,,
166,5,AC_217,AC_217,2,26,3,0,0,29,0,0,0,,,,,,,14,2,,,12,,,,,1,,,,,,
166,5,AC_217,AC_217,8,11,3,0,0,14,0,0,0,,,,,,,7,2,,,4,1,,,,,,,,,,
166,5,AC_217,AC_217,10,31,7,0,0,38,33,0,0,,,,,,,13,3,,,15,1,,33,3,3,,,,,,
178,5,AC_218,AC_218,4,7,11,0,0,18,0,0,0,,,,,,,,,,,7,11,,,,,,,,,,
178,5,AC_218,AC_218,5,7,25,0,0,32,0,0,0,,,,,,,,,,,7,24,,,,1,,,,,,
178,5,AC_218,AC_218,6,2,3,0,0,5,0,0,0,,,,,,,2,2,,,,1,,,,,,,,,,
214,6,AC_11,AC_011,6,12,3,0,0,15,8,0,0,,,,,,,11,1,,,,1,,8,1,1,,,,,,
190,6,AC_15,AC_015,4,3,0,0,0,3,11,0,0,,,,,,,2,,,,1,,,11,,,,,,,,
213,6,AC_30,AC_030,10,2,1,0,0,3,4,0,0,,,,,,,2,1,,,,,,4,,,,,,,,
191,6,AC_38,AC_038,5,9,11,0,0,20,0,0,0,,,,,,,4,,,,5,10,,,,1,,,,,,
194,6,AC_51,AC_051,3,1,1,0,0,2,5,0,0,,,,,,,1,1,,,,,,5,,,,,,,,
180,6,AC_52,AC_052,6,0,0,0,0,0,22,#DIV/0!,#DIV/0!,,,,,,,,,,,,,,22,,,,,,,,
206,6,AC_57,AC_057,5,23,5,0,0,28,3,0,0,,,,,,,16,3,,,7,2,,3,,,,,,,,
196,6,AC_66,AC_066,6,0,0,0,0,0,4,#DIV/0!,#DIV/0!,,,,,,,,,,,,,,4,,,,,,,,
205,6,AC_68,AC_068,8,24,4,0,0,28,15,0,0,,,2,,,6,15,3,,,7,1,,9,,,,,,,,
200,6,AC_74,AC_074,7,3,1,0,0,4,6,0,0,,,,,,,3,1,,,,,,6,,,,,,,,
199,6,AC_75,AC_075,3,4,0,0,0,4,3,0,0,,,1,,,,3,,,,,,,3,,,,,,,,
193,6,AC_81,AC_081,2,4,2,0,0,6,0,0,0,,,,,,,3,,,,1,2,,,,,,,,,,
193,6,AC_81,AC_081,7,17,10,0,0,27,0,0,0,,,,,,,8,1,,,9,5,,,,4,,,,,,
193,6,AC_81,AC_081,8,5,0,0,0,5,0,0,0,,,,,,,5,,,,,,,,,,,,,,,
181,6,AC_94,AC_094,5,3,0,0,0,3,15,0,0,,,,,,,1,,,,2,,,15,,,,,,,,
185,6,AC_95,AC_095,6,1,5,0,0,6,15,0,0,,,,,,,,5,,,1,,,15,,,,,,,,
202,6,AC_99,AC_099,10,8,11,0,0,19,0,0,0,,,,,,,8,1,,,,,,,,10,,,,,,
202,6,AC_99,AC_099,5,6,1,0,0,7,0,0,0,,,,,,,6,,,,,,,,,1,,,,,,
209,6,AC_104,AC_104,10,13,4,0,0,17,6,0,0,,,2,,,,8,1,,,3,2,,6,,1,,,,,,
203,6,AC_107,AC_107,8,29,7,0,0,36,15,0,0,,,,,,,16,4,,,13,1,,15,,2,,,,,,
208,6,AC_114,AC_114,9,24,2,0,0,26,0,0,0,,,2,,,,17,2,,,5,,,,,,,,,,,
182,6,AC_120,AC_120,4,1,1,0,0,2,11,0,0,,,,,,,1,,,,,,,11,,1,,,,,,
201,6,AC_133,AC_133,3,5,0,0,0,5,4,0,0,,,,,,,3,,,,2,,,4,,,,,,,,
189,6,AC_142,AC_142,2,1,0,0,0,1,4,0,0,,,,,,,1,,,,,,,4,,,,,,,,
211,6,AC_153,AC_153,7,16,2,0,0,18,8,0,0,,,2,,,,9,2,,,5,,,8,,,,,,,,
207,6,AC_160,AC_160,2,32,5,0,0,37,7,0,0,,,3,,,,20,5,,,8,,,7,1,,,,,,,
192,6,AC_168,AC_168,3,3,1,0,0,4,11,0,0,,,,,,,2,1,,,1,,,11,,,,,,,,
197,6,AC_181,AC_181,4,3,0,0,0,3,4,0,0,,,,,,,2,,,,1,,,4,,,,,,,,
212,6,AC_187,AC_187,2,26,10,0,0,36,0,0,0,,,,,,,19,10,,,7,,,,,,,,,,,
212,6,AC_187,AC_187,5,13,14,0,0,27,0,0,0,,,,,,,12,9,,,,4,,,1,1,,,,,,
212,6,AC_187,AC_187,8,11,2,0,0,13,1,0,0,,,1,,,,8,2,,,1,,,1,1,,,,,,,
204,6,AC_188,AC_188,4,6,1,0,0,7,11,0,0,,,,,,,4,1,,,2,,,11,,,,,,,,
186,6,AC_189,AC_189,4,7,1,0,0,8,0,0,0,,,,,,,3,,,,4,1,,,,,,,,,,
186,6,AC_189,AC_189,5,3,0,0,0,3,0,0,0,,,,,,,3,,,,,,,,,,,,,,,
186,6,AC_189,AC_189,10,8,1,0,0,9,0,0,0,,,,,,,8,,,,,,,,,1,,,,,,
183,6,AC_190,AC_190,3,3,2,0,0,5,0,0,0,,,,,,,2,,,,1,2,,,,,,,,,,
183,6,AC_190,AC_190,7,9,0,0,0,9,0,0,0,,,,,,,3,,,,6,,,,,,,,,,,
183,6,AC_190,AC_190,9,5,0,0,0,5,0,0,0,,,,,,,3,,,,2,,,,,,,,,,,
210,6,AC_191,AC_191,7,2,0,0,0,2,2,0,0,,,,,,,1,,,,1,,,2,,,,,,,,
198,6,AC_193,AC_193,8,2,0,0,0,2,2,0,0,,,,,,,2,,,,,,,2,,,,,,,,
188,6,AC_195,AC_195,1,12,4,0,0,16,3,0,0,,,,,,,7,1,,,5,,,3,,3,,,,,,
187,6,AC_199,AC_199,5,22,8,0,0,30,9,0,0,,,,,,,12,,,,10,,,9,,8,,,,,,
195,6,AC_205,AC_205,5,10,1,0,0,11,3,0,0,,,,,,,7,1,,,3,,,3,,,,,,,,
184,6,AC_208,AC_208,1,2,1,0,0,3,0,0,0,,,,,,,1,,,,1,1,,,,,,,,,,
184,6,AC_208,AC_208,4,6,0,0,0,6,0,0,0,,,,,,,3,,,,3,,,,,,,,,,,
184,6,AC_208,AC_208,8,3,0,0,0,3,0,0,0,,,,,,,3,,,,,,,,,,,,,,,
228,7,AC_17,AC_017,6,23,0,0,0,23,6,0,0,,,,,,,13,,,,10,,,6,,,,,,,,
232,7,AC_32,AC_032,6,4,0,0,0,4,0,0,0,,,,,,,3,,,,1,,,,,,,,,,,
243,7,AC_38,AC_038,1,11,2,0,0,13,5,0,0,,,2,,,,7,1,,,2,1,,5,,,,,,,,
241,7,AC_40,AC_040,1,7,1,0,0,8,11,0,0,,,,,,,7,1,,,,,,11,,,,,,,,
241,7,AC_40,AC_040,4,0,10,0,0,10,0,#DIV/0!,#DIV/0!,,,,,,,,,,,,5,,,,5,,,,,,
241,7,AC_40,AC_040,7,6,15,0,0,21,0,0,0,,,2,,,,,,,,4,15,,,,,,,,,,
239,7,AC_46,AC_046,8,9,1,0,0,10,0,0,0,,,,,,,6,1,,,3,,,,,,,,,,,
231,7,AC_48,AC_048,1,3,0,0,0,3,0,0,0,,,,,,,3,,,,,,,,,,,,,,,
233,7,AC_54,AC_054,7,0,2,0,0,2,0,#DIV/0!,#DIV/0!,,,,,,,,2,,,,,,,,,,,,,,
218,7,AC_58,AC_058,3,11,0,0,0,11,10,0,0,,,,,,,7,,,,,,,10,2,,,,2,,,
218,7,AC_58,AC_058,5,14,5,0,0,19,0,0,0,,,,,,,8,,,,6,,,,,5,,,,,,
218,7,AC_58,AC_058,9,2,1,0,0,3,0,0,0,,,,,,,2,,,,,,,,,1,,,,,,
237,7,AC_62,AC_062,4,16,6,0,0,22,0,0,0,,,5,,,,7,4,,,4,,,,,2,,,,,,
238,7,AC_68,AC_068,8,7,1,0,0,8,10,0,0,,,,,,,7,1,,,,,,10,,,,,,,,
246,7,AC_72,AC_072,6,6,0,0,0,6,0,0,0,,,,,,,6,,,,,,,,,,,,,,,
217,7,AC_74,AC_074,2,5,0,0,0,5,7,0,0,,,,,,,3,,,,2,,,7,,,,,,,,
216,7,AC_81,AC_081,3,15,3,0,0,18,0,0,0,,,,,,,5,,,,10,1,,,,2,,,,,,
216,7,AC_81,AC_081,6,29,5,0,0,34,0,0,0,,,,,,,8,,,,15,,,,6,5,,,,,,
216,7,AC_81,AC_081,8,16,2,0,0,18,0,0,0,,,,,,,9,,,,7,,,,,2,,,,,,
225,7,AC_94,AC_094,2,2,0,0,0,2,0,0,0,,,,,,,2,,,,,,,,,,,,,,,
245,7,AC_97,AC_097,1,7,0,0,0,7,0,0,0,,,,,,,5,,,,2,,,,,,,,,,,
245,7,AC_97,AC_097,7,11,1,0,0,12,0,0,0,,,2,,,,9,1,,,,,,,,,,,,,,
245,7,AC_97,AC_097,10,16,3,0,0,19,0,0,0,,,5,,,,9,,,,2,3,,,,,,,,,,
219,7,AC_100,AC_100,9,9,0,0,0,9,8,0,0,,,,,,,5,,,,4,,,8,,,,,,,,
244,7,AC_104,AC_104,8,7,0,0,0,7,0,0,0,,,1,,,,6,,,,,,,,,,,,,,,
220,7,AC_107,AC_107,6,12,2,0,0,14,7,0,0,,,,,,,7,,,,5,,,7,,2,,,,,,
223,7,AC_111,AC_111,1,3,0,0,0,3,7,0,0,,,,,,,3,,,,,,,7,,,,,,,,
223,7,AC_111,AC_111,5,9,1,0,0,10,0,0,0,,,,,,,5,,,,4,,,,,1,,,,,,
223,7,AC_111,AC_111,7,7,1,0,0,8,0,0,0,,,,,,,4,,,,3,,,,,1,,,,,,
248,7,AC_113,AC_113,8,2,1,0,0,3,0,0,0,,,,,,,2,1,,,,,,,,,,,,,,
230,7,AC_120,AC_120,7,14,1,0,0,15,4,0,0,,,,,,,11,,,,3,,,4,,1,,,,,,
236,7,AC_122,AC_122,3,3,2,0,0,5,2,0,0,,,,,,,3,,,,,,,2,,2,,,,,,
221,7,AC_128,AC_128,3,11,0,0,0,11,21,0,0,,,,,,,7,,,,4,,,21,,,,,,,,
234,7,AC_130,AC_130,7,5,0,0,0,5,0,0,0,,,,,,,5,,,,,,,,,,,,,,,
240,7,AC_143,AC_143,4,1,0,0,0,1,0,0,0,,,,,,,1,,,,,,,,,,,,,,,
224,7,AC_160,AC_160,8,17,9,0,0,26,1,0,0,,,,,,,10,,,,7,,,1,,9,,,,,,
226,7,AC_171,AC_171,10,16,2,0,0,18,7,0,0,,,,,,,11,,,,,,,7,,1,,,5,1,,
249,7,AC_172,AC_172,3,5,3,0,0,8,0,0,0,,,,,,,5,3,,,,,,,,,,,,,,
247,7,AC_178,AC_178,4,1,1,0,0,2,0,0,0,,,,,,,1,1,,,,,,,,,,,,,,
215,7,AC_186,AC_186,9,3,1,0,0,4,8,#DIV/0!,#DIV/0!,,,,,,,,,,,3,,,8,,1,,,,,,
250,7,AC_190,AC_190,1,0,4,0,0,4,0,#DIV/0!,#DIV/0!,,,,,,,,,,,,4,,,,,,,,,,
250,7,AC_190,AC_190,4,23,4,0,0,27,0,0,0,,,4,1,,,17,2,,,2,,,,,1,,,,,,
250,7,AC_190,AC_190,8,2,2,0,0,4,0,0,0,,,2,,,,,,,,,2,,,,,,,,,,
242,7,AC_193,AC_193,5,7,0,0,0,7,0,0,0,,,,,,,7,,,,,,,,,,,,,,,
222,7,AC_201,AC_201,8,8,0,0,0,8,9,0,0,,,,,,,4,,,,4,,,9,,,,,,,,
235,7,AC_203,AC_203,5,3,0,0,0,3,0,0,0,,,,,,,3,,,,,,,,,,,,,,,
227,7,AC_215,AC_215,2,16,1,0,0,17,2,0,0,,,,,,,12,1,,,4,,,2,,,,,,,,
229,7,AC_217,AC_217,2,8,0,0,0,8,0,0,0,,,,,,,5,,,,3,,,,,,,,,,,
229,7,AC_217,AC_217,9,14,1,0,0,15,0,0,0,,,,,,,8,,,,5,,,,1,1,,,,,,
229,7,AC_217,AC_217,10,6,0,0,0,6,9,0,0,,,,,,,5,,,,1,,,9,,,,,,,,
257,8,AC_5,AC_005,6,7,0,0,0,7,0,0,0,,,,,,,5,,,,2,,,,,,,,,,,
275,8,AC_10,AC_010,8,2,0,0,0,2,0,0,0,,,2,,,,,,,,,,,,,,,,,,,
286,8,AC_14,AC_014,5,12,2,0,0,14,0,0,0,,,,,,,4,1,,,4,,,,4,1,,,,,,
276,8,AC_15,AC_015,3,5,1,0,0,6,0,0,0,,,,,,,5,1,,,,,,,,,,,,,,
274,8,AC_16,AC_016,6,6,0,0,0,6,6,0,0,,,,,,,2,,,,4,,,6,,,,,,,,
262,8,AC_51,AC_051,7,0,0,0,0,0,0,#DIV/0!,#DIV/0!,,,,,,,,,,,,,,,,,,,,,,
258,8,AC_52,AC_052,9,6,0,0,0,6,0,0,0,,,1,,,,3,,,,2,,,,,,,,,,,
251,8,AC_56,AC_056,6,7,2,0,0,9,4,0,0,,,,,,,4,,,,3,,,4,,2,,,,,,
267,8,AC_66,AC_066,1,3,0,0,0,3,0,0,0,,,,,,,3,,,,,,,,,,,,,,,
269,8,AC_70,AC_070,2,4,1,0,0,5,0,0,0,,,,,,,4,1,,,,,,,,,,,,,,
269,8,AC_70,AC_070,4,4,1,0,0,5,0,0,0,,,,,,,4,1,,,,,,,,,,,,,,
269,8,AC_70,AC_070,5,5,2,0,0,7,0,0,0,,,,,,,5,2,,,,,,,,,,,,,,
263,8,AC_82,AC_082,6,3,2,0,0,5,0,0,0,,,,,,,3,1,,,,1,,,,,,,,,,
263,8,AC_82,AC_082,7,4,0,0,0,4,0,0,0,,,,,,,4,,,,,,,,,,,,,,,
263,8,AC_82,AC_082,8,3,0,0,0,3,0,0,0,,,,,,,3,,,,,,,,,,,,,,,
278,8,AC_86,AC_086,1,3,2,0,0,5,3,0,0,,,1,,,,2,1,,,,,,3,,1,,,,,,
264,8,AC_88,AC_088,2,6,1,0,0,7,0,0,0,,,,,,,6,1,,,,,,,,,,,,,,
255,8,AC_92,AC_092,2,9,1,0,0,10,16,0,0,,,,,,,5,,,,4,,,16,,1,,,,,,
253,8,AC_114,AC_114,8,13,0,0,0,13,6,0,0,,,,,,,6,,,,7,,,6,,,,,,,,
277,8,AC_131,AC_131,7,41,3,0,0,44,5,0,0,,,2,,,,18,,,,13,2,,5,8,1,,,,,,
260,8,AC_133,AC_133,3,7,0,0,0,7,0,0,0,,,,,,,6,,,,1,,,,,,,,,,,
266,8,AC_136,AC_136,3,3,0,0,0,3,0,0,0,,,,,,,3,,,,,,,,,,,,,,,
281,8,AC_144,AC_144,2,0,1,0,0,1,0,#DIV/0!,#DIV/0!,,,,,,,,1,,,,,,,,,,,,,,
259,8,AC_148,AC_148,5,0,0,0,0,0,0,#DIV/0!,#DIV/0!,,,,,,,,,,,,,,,,,,,,,,
270,8,AC_154,AC_154,10,7,1,0,0,8,7,0,0,,,1,,,,4,,,,2,1,,7,,,,,,,,
261,8,AC_158,AC_158,5,6,0,0,0,6,0,0,0,,,,,,,4,,,,2,,,,,,,,,,,
279,8,AC_159,AC_159,7,8,12,0,0,20,0,0,0,,,,,,,8,3,,,,3,,,,6,,,,,,
256,8,AC_179,AC_179,1,11,0,0,0,11,10,0,0,,,,,,,8,,,,3,,,10,,,,,,,,
252,8,AC_181,AC_181,10,8,1,0,0,9,8,0,0,,,,,,,4,,,,3,,,8,1,1,,,,,,
284,8,AC_182,AC_182,3,1,1,0,0,2,0,0,0,,,,,,,1,1,,,,,,,,,,,,,,
283,8,AC_185,AC_185,6,12,2,0,0,14,0,0,0,,,3,,,,8,1,,,1,1,,,,,,,,,,
268,8,AC_191,AC_191,NA,0,0,0,0,0,0,#DIV/0!,#DIV/0!,,,,,,,,,,,,,,,,,,,,,,
273,8,AC_192,AC_192,1,2,1,0,0,3,0,0,0,,,,,,,2,,,,,1,,,,,,,,,,
265,8,AC_195,AC_195,5,2,0,0,0,2,0,0,0,,,,,,,2,,,,,,,,,,,,,,,
285,8,AC_199,AC_199,4,4,0,0,0,4,4,0,0,,,1,,,4,2,,,,,,,,1,,,,,,,
282,8,AC_200,AC_200,7,7,0,0,0,7,3,0,0,,,3,,,3,4,,,,,,,,,,,,,,,
271,8,AC_206,AC_206,7,3,0,0,0,3,0,0,0,,,1,,,,2,,,,,,,,,,,,,,,
272,8,AC_208,AC_208,2,5,0,0,0,5,0,0,0,,,,,,,4,,,,1,,,,,,,,,,,
272,8,AC_208,AC_208,6,1,1,0,0,2,0,0,0,,,,,,,1,1,,,,,,,,,,,,,,
254,8,AC_211,AC_211,7,6,0,0,0,6,7,0,0,,,,,,,3,,,,3,,,7,,,,,,,,
280,8,AC_213,AC_213,4,6,3,0,0,9,0,0,0,,,,,,,6,3,,,,,,,,,,,,,,
301,9,AC_11,AC_011,2,5,0,0,0,5,24,0,0,,,,,,,3,,,,2,,,24,,,,,,,,
320,9,AC_30,AC_030,9,2,1,0,0,3,0,0,0,,,1,,,,1,1,,,,,,,,,,,,,,
310,9,AC_34,AC_034,3,15,4,0,0,19,9,0,0,,,2,1,,,8,2,,,5,,,9,,1,,,,,,
310,9,AC_34,AC_034,7,13,0,0,0,13,0,0,0,,,1,,,,8,,,,4,,,,,,,,,,,
310,9,AC_34,AC_034,9,4,2,0,0,6,0,0,0,,,2,,,,2,2,,,,,,,,,,,,,,
316,9,AC_55,AC_055,3,11,1,0,0,12,0,0,0,,,3,,,,8,,,,,,,,,1,,,,,,
316,9,AC_55,AC_055,5,11,0,0,0,11,0,0,0,,,5,,,,5,,,,1,,,,,,,,,,,
316,9,AC_55,AC_055,6,4,1,0,0,5,0,0,0,,,1,,,,3,,,,,,,,,1,,,,,,
307,9,AC_57,AC_057,NA,0,0,0,0,0,0,#DIV/0!,#DIV/0!,,,,,,,,,,,,,,,,,,,,,,
300,9,AC_64,AC_064,2,3,0,0,0,3,0,0,0,,,,,,,3,,,,,,,,,,,,,,,
299,9,AC_75,AC_075,6,6,0,0,0,6,0,0,0,,,2,,,,4,,,,,,,,,,,,,,,
309,9,AC_83,AC_083,7,1,0,0,0,1,0,0,0,,,,,,,1,,,,,,,,,,,,,,,
315,9,AC_89,AC_089,2,5,0,0,0,5,1,0,0,,,3,,,,2,,,,,,,1,,,,,,,,
287,9,AC_90,AC_090,10,3,0,0,0,3,10,0,0,,,,,,,1,,,,2,,,10,,,,,,,,
308,9,AC_95,AC_095,10,13,2,0,0,15,2,0,0,,,3,,,2,7,,,,3,2,,,,,,,,,,
305,9,AC_96,AC_096,10,5,0,0,0,5,0,0,0,,,,,,,4,,,,1,,,,,,,,,,,
294,9,AC_99,AC_099,3,2,0,0,0,2,0,0,0,,,,,,,2,,,,,,,,,,,,,,,
294,9,AC_99,AC_099,6,3,0,0,0,3,0,0,0,,,,,,,3,,,,,,,,,,,,,,,
294,9,AC_99,AC_099,7,5,0,0,0,5,3,0,0,,,,,,,3,,,,2,,,3,,,,,,,,
297,9,AC_109,AC_109,5,10,0,0,0,10,0,0,0,,,3,,,,5,,,,2,,,,,,,,,,,
297,9,AC_109,AC_109,1,4,0,0,0,4,0,0,0,,,,,,,4,,,,,,,,,,,,,,,
297,9,AC_109,AC_109,8,10,1,0,0,11,0,0,0,,,,,,,5,1,,,5,,,,,,,,,,,
317,9,AC_110,AC_110,10,13,1,0,0,14,5,0,0,,,3,,,,7,,,,3,1,,5,,,,,,,,
313,9,AC_115,AC_115,1,16,0,0,0,16,0,0,0,,,6,,,,9,,,,,,,,,,,,1,,,
293,9,AC_118,AC_118,2,6,0,0,0,6,0,0,0,,,,,,,3,,,,3,,,,,,,,,,,
298,9,AC_119,AC_119,6,10,0,0,0,10,14,0,0,,,,,,,5,,,,5,,,14,,,,,,,,
314,9,AC_123,AC_123,10,5,0,0,0,5,2,0,0,,,2,,,,3,,,,,,,2,,,,,,,,
321,9,AC_142,AC_142,10,1,1,0,0,2,0,0,0,,,,,,,1,1,,,,,,,,,,,,,,
295,9,AC_147,AC_147,4,7,0,0,0,7,0,0,0,,,,,,,6,,,,1,,,,,,,,,,,
296,9,AC_151,AC_151,1,2,0,0,0,2,0,0,0,,,,,,,2,,,,,,,,,,,,,,,
302,9,AC_152,AC_152,6,0,1,0,0,1,0,#DIV/0!,#DIV/0!,,,,,,,,1,,,,,,,,,,,,,,
292,9,AC_153,AC_153,9,6,1,0,0,7,5,0,0,,,,,,,3,,,,3,1,,5,,,,,,,,
312,9,AC_155,AC_155,5,13,1,0,0,14,6,0,0,,,,,,,13,1,,,.,,,6,,,,,,,,
306,9,AC_168,AC_168,9,2,0,0,0,2,4,0,0,,,1,,,4,1,,,,,,,,,,,,,,,
303,9,AC_187,AC_187,6,10,0,0,0,10,0,0,0,,,1,,,,5,,,,,,,,,,,,4,,,
303,9,AC_187,AC_187,2,4,0,0,0,4,0,0,0,,,,,,,4,,,,,,,,,,,,,,,
303,9,AC_187,AC_187,3,2,0,0,0,2,0,0,0,,,,,,,2,,,,,,,,,,,,,,,
288,9,AC_188,AC_188,7,3,0,0,0,3,9,0,0,,,,,,,1,,,,2,,,9,,,,,,,,
290,9,AC_189,AC_189,2,10,1,0,0,11,0,0,0,,,,,,,6,,,,4,,,,,1,,,,,,
290,9,AC_189,AC_189,4,6,0,0,0,6,0,0,0,,,,,,,3,,,,3,,,,,,,,,,,
290,9,AC_189,AC_189,9,4,0,0,0,4,0,0,0,,,,,,,4,,,,,,,,,,,,,,,
319,9,AC_197,AC_197,5,6,0,0,0,6,0,0,0,,,1,,,,5,,,,,,,,,,,,,,,
319,9,AC_197,AC_197,8,6,12,0,0,18,0,0,0,,,3,,,,,,,,3,12,,,,,,,,,,
319,9,AC_197,AC_197,10,0,6,0,0,6,0,#DIV/0!,#DIV/0!,,,,,,,,,,,,6,,,,,,,,,,
304,9,AC_204,AC_204,3,9,1,0,0,10,0,0,0,,,,,,,8,1,,,,,,,,,,,1,,,
304,9,AC_204,AC_204,6,9,1,0,0,10,0,0,0,,,,,,,7,1,,,2,,,,,,,,,,,
304,9,AC_204,AC_204,10,1,1,0,0,2,3,0,0,,,,,,,1,1,,,,,,3,,,,,,,,
289,9,AC_205,AC_205,1,10,1,0,0,11,11,0,0,,,,,,,5,,,,5,,,11,,1,,,,,,
291,9,AC_212,AC_212,10,4,0,0,0,4,0,0,0,,,,,,,2,,,,2,,,,,,,,,,,
318,9,AC_216,AC_216,3,5,1,0,0,6,0,0,0,,,2,,,,3,,,,,1,,,,,,,,,,
318,9,AC_216,AC_216,8,6,1,0,0,7,0,0,0,,,2,,,,4,1,,,,,,,,,,,,,,
311,9,AC_218,AC_218,2,6,0,0,0,6,0,0,0,,,,,,,6,,,,,,,,,,,,,,,
311,9,AC_218,AC_218,8,1,0,0,0,1,0,0,0,,,,,,,1,,,,,,,,,,,,,,,
311,9,AC_218,AC_218,10,8,0,0,0,8,0,0,0,,,2,,,,6,,,,,,,,,,,,,,,
322,W1,AC_34,AC_034,1,8,0,0,0,8,0,0,0,,,,,,,2,,,,6,,,,,,,,,,,
322,W1,AC_34,AC_034,2,10,2,0,0,12,0,0,0,,,,,,,2,,,,8,,,,,2,,,,,,
322,W1,AC_34,AC_034,6,9,1,0,0,10,0,0,0,,,,,,,3,,,,6,,,,,1,,,,,,
332,W1,AC_40,AC_040,4,9,1,0,0,10,0,0,0,,,,,,,7,1,,,2,,,,,,,,,,,
332,W1,AC_40,AC_040,6,3,1,0,0,4,0,0,0,,,,,,,3,,,,,1,,,,,,,,,,
329,W1,AC_55,AC_055,1,6,0,0,0,6,0,0,0,,,,,,,4,,,,2,,,,,,,,,,,
329,W1,AC_55,AC_055,4,2,0,0,0,2,0,0,0,,,,,,,2,,,,,,,,,,,,,,,
329,W1,AC_55,AC_055,8,1,3,0,0,4,0,0,0,,,,,,,1,,,,,3,,,,,,,,,,
339,W1,AC_58,AC_058,3,3,4,0,0,7,0,0,0,,,,,,,2,1,,,1,3,,,,,,,,,,
339,W1,AC_58,AC_058,6,1,2,0,0,3,0,0,0,,,,,,,1,1,,,,1,,,,,,,,,,
339,W1,AC_58,AC_058,7,0,3,0,0,3,0,#DIV/0!,#DIV/0!,,,,,,,,1,,,,2,,,,,,,,,,
337,W1,AC_70,AC_070,4,3,0,0,0,3,0,0,0,,,,,,,3,,,,,,,,,,,,,,,
337,W1,AC_70,AC_070,6,1,0,0,0,1,0,0,0,,,,,,,1,,,,,,,,,,,,,,,
323,W1,AC_81,AC_081,2,19,4,0,0,23,0,0,0,,,,,,,6,,,,13,,,,,4,,,,,,
323,W1,AC_81,AC_081,5,7,0,0,0,7,0,0,0,,,,,,,2,,,,4,,,,1,,,,,,,
323,W1,AC_81,AC_081,8,15,3,0,0,18,0,0,0,,,,,,,5,,,,10,,,,,3,,,,,,
331,W1,AC_82,AC_082,2,3,0,0,0,3,0,0,0,,,,,,,3,,,,,,,,,,,,,,,
331,W1,AC_82,AC_082,3,3,1,0,0,4,0,0,0,,,,,,,3,,,,,1,,,,,,,,,,
331,W1,AC_82,AC_082,6,1,1,0,0,2,0,0,0,,,,,,,1,1,,,,,,,,,,,,,,
325,W1,AC_97,AC_097,6,9,0,0,0,9,0,0,0,,,,,,,4,,,,5,,,,,,,,,,,
325,W1,AC_97,AC_097,7,5,0,0,0,5,0,0,0,,,,,,,5,,,,,,,,,,,,,,,
325,W1,AC_97,AC_097,8,3,3,0,0,6,0,0,0,,,,,,,3,,,,,3,,,,,,,,,,
333,W1,AC_99,AC_099,3,14,5,0,0,19,0,0,0,,,,,,,12,1,,,2,2,,,,2,,,,,,
333,W1,AC_99,AC_099,4,4,0,0,0,4,0,0,0,,,,,,,4,,,,,,,,,,,,,,,
326,W1,AC_109,AC_109,1,7,3,0,0,10,0,0,0,,,,,,,3,1,,,4,1,,,,1,,,,,,
326,W1,AC_109,AC_109,3,10,1,0,0,11,0,0,0,,,,,,,5,,,,5,1,,,,,,,,,,
326,W1,AC_109,AC_109,4,7,1,0,0,8,0,0,0,,,,,,,5,,,,2,1,,,,,,,,,,
330,W1,AC_111,AC_111,4,4,0,0,0,4,0,0,0,,,,,,,2,,,,2,,,,,,,,,,,
330,W1,AC_111,AC_111,6,1,0,0,0,1,0,0,0,,,,,,,1,,,,,,,,,,,,,,,
335,W1,AC_147,AC_147,3,3,0,0,0,3,0,0,0,,,,,,,3,,,,,,,,,,,,,,,
335,W1,AC_147,AC_147,4,3,0,0,0,3,0,0,0,,,,,,,3,,,,,,,,,,,,,,,
335,W1,AC_147,AC_147,6,1,1,0,0,2,0,0,0,,,,,,,1,1,,,,,,,,,,,,,,
340,W1,AC_187,AC_187,4,12,1,0,0,13,0,0,0,,,,,,,9,1,,,3,,,,,,,,,,,
340,W1,AC_187,AC_187,5,0,1,0,0,1,0,#DIV/0!,#DIV/0!,,,,,,,,,,,,1,,,,,,,,,,
340,W1,AC_187,AC_187,6,4,1,0,0,5,0,0,0,,,,,,,4,,,,,1,,,,,,,,,,
336,W1,AC_189,AC_189,3,3,0,0,0,3,0,0,0,,,,,,,3,,,,,,,,,,,,,,,
336,W1,AC_189,AC_189,5,3,0,0,0,3,0,0,0,,,,,,,3,,,,,,,,,,,,,,,
336,W1,AC_189,AC_189,8,2,1,0,0,3,0,0,0,,,,,,,2,,,,,1,,,,,,,,,,
342,W1,AC_190,AC_190,2,11,2,0,0,13,0,0,0,,,,,,,7,1,,,4,,,,,1,,,,,,
342,W1,AC_190,AC_190,8,1,0,0,0,1,0,0,0,,,,,,,1,,,,,,,,,,,,,,,
341,W1,AC_197,AC_197,3,9,1,0,0,10,0,0,0,,,,,,,6,1,,,3,,,,,,,,,,,
341,W1,AC_197,AC_197,8,1,1,0,,2,0,,,,,,,,,1,1,,,,,,,,,,,,,,
324,W1,AC_204,AC_204,3,10,2,0,0,12,0,0,0,,,,,,,5,,,,5,1,,,,1,,,,,,
324,W1,AC_204,AC_204,4,14,1,0,0,15,0,0,0,,,,,,,6,,,,7,,,,1,1,,,,,,
324,W1,AC_204,AC_204,5,10,3,0,0,13,0,0,0,,,,,,,5,,,,5,1,,,,2,,,,,,
334,W1,AC_208,AC_208,1,1,1,0,0,2,0,0,0,,,,,,,1,,,,,1,,,,,,,,,,
334,W1,AC_208,AC_208,7,0,1,0,0,1,0,#DIV/0!,#DIV/0!,,,,,,,,1,,,,,,,,,,,,,,
334,W1,AC_208,AC_208,8,4,0,0,0,4,0,0,0,,,,,,,4,,,,,,,,,,,,,,,
328,W1,AC_216,AC_216,1,4,0,0,0,4,0,0,0,,,,,,,3,,,,1,,,,,,,,,,,
328,W1,AC_216,AC_216,6,8,2,0,0,10,0,0,0,,,,,,,2,,,,6,2,,,,,,,,,,
328,W1,AC_216,AC_216,8,5,1,0,0,6,0,0,0,,,,,,,3,,,,2,1,,,,,,,,,,
338,W1,AC_217,AC_217,2,17,6,0,0,23,0,0,0,,,,,,,13,4,,,4,1,,,,1,,,,,,
338,W1,AC_217,AC_217,7,2,0,0,0,2,0,0,0,,,,,,,2,,,,,,,,,,,,,,,
338,W1,AC_217,AC_217,8,3,0,0,0,3,0,0,0,,,,,,,3,,,,,,,,,,,,,,,
327,W1,AC_218,AC_218,3,2,1,0,0,3,0,0,0,,,,,,,2,,,,,1,,,,,,,,,,
327,W1,AC_218,AC_218,4,6,1,0,0,7,0,0,0,,,,,,,3,,,,3,1,,,,,,,,,,
327,W1,AC_218,AC_218,5,3,0,0,0,3,0,0,0,,,,,,,3,,,,,,,,,,,,,,,
357,W2,AC_34,AC_034,3,1,0,0,0,1,0,0,0,,,,,,,1,,,,,,,,,,,,,,,
357,W2,AC_34,AC_034,5,1,1,0,0,2,0,0,0,,,,,,,1,,,,,1,,,,,,,,,,
352,W2,AC_40,AC_040,5,5,0,0,0,5,0,0,0,,,,,,,5,,,,,,,,,,,,,,,
352,W2,AC_40,AC_040,6,2,0,0,0,2,0,0,0,,,,,,,,,,,2,,,,,,,,,,,
352,W2,AC_40,AC_040,7,4,0,0,0,4,0,0,0,,,,,,,4,,,,,,,,,,,,,,,
343,W2,AC_55,AC_055,3,3,2,0,0,5,0,0,0,,,,,,,1,,,,2,2,,,,,,,,,,
343,W2,AC_55,AC_055,6,7,0,0,0,7,0,0,0,,,,,,,3,,,,4,,,,,,,,,,,
343,W2,AC_55,AC_055,7,26,0,0,0,26,0,0,0,,,,,,,7,,,,17,,,,2,,,,,,,
349,W2,AC_58,AC_058,1,3,0,0,0,3,0,0,0,,,,,,,3,,,,,,,,,,,,,,,
349,W2,AC_58,AC_058,2,6,0,0,0,6,0,0,0,,,,,,,4,,,,2,,,,,,,,,,,
349,W2,AC_58,AC_058,3,5,0,0,0,5,0,0,0,,,,,,,3,,,,2,,,,,,,,,,,
360,W2,AC_70,AC_070,2,3,0,0,0,3,0,0,0,,,,,,,3,,,,,,,,,,,,,,,
360,W2,AC_70,AC_070,7,1,0,0,0,1,0,0,0,,,,,,,1,,,,,,,,,,,,,,,
359,W2,AC_81,AC_081,1,10,0,0,0,10,0,#DIV/0!,#DIV/0!,,,,,,,10,,,,,,,,,,,,,,,
359,W2,AC_81,AC_081,2,2,0,0,,2,0,,,,,,,,,2,,,,,,,,,,,,,,,
359,W2,AC_81,AC_081,8,4,0,0,,4,0,,,,,,,,,4,,,,,,,,,,,,,,,
358,W2,AC_82,AC_082,2,2,0,0,0,2,0,0,0,,,,,,,2,,,,,,,,,,,,,,,
358,W2,AC_82,AC_082,4,4,0,0,0,4,0,0,0,,,,,,,4,,,,,,,,,,,,,,,
347,W2,AC_97,AC_097,1,4,0,0,0,4,0,0,0,,,,,,,1,,,,3,,,,,,,,,,,
347,W2,AC_97,AC_097,4,5,1,0,0,6,0,0,0,,,,,,,1,,,,4,,,,,1,,,,,,
347,W2,AC_97,AC_097,7,12,0,0,0,12,0,0,0,,,,,,,6,,,,6,,,,,,,,,,,
354,W2,AC_99,AC_099,6,7,0,0,0,7,0,0,0,,,,,,,6,,,,1,,,,,,,,,,,
354,W2,AC_99,AC_099,7,10,0,0,0,10,0,0,0,,,,,,,8,,,,2,,,,,,,,,,,
361,W2,AC_109,AC_109,4,7,1,0,0,8,0,0,0,,,,,,,5,1,,,2,,,,,,,,,,,
361,W2,AC_109,AC_109,5,5,1,0,0,6,0,0,0,,,,,,,4,1,,,,,,,,,,,1,,,
361,W2,AC_109,AC_109,8,3,1,0,0,4,0,0,0,,,,,,,3,,,,,,,,,1,,,,,,
356,W2,AC_111,AC_111,4,1,1,0,0,2,0,0,0,,,,,,,,,,,1,1,,,,,,,,,,
344,W2,AC_147,AC_147,1,4,0,0,0,4,0,0,0,,,,,,,1,,,,3,,,,,,,,,,,
344,W2,AC_147,AC_147,2,4,0,0,0,4,0,0,0,,,,,,,3,,,,1,,,,,,,,,,,
344,W2,AC_147,AC_147,6,6,0,0,0,6,0,0,0,,,,,,,3,,,,3,,,,,,,,,,,
351,W2,AC_187,AC_187,3,4,0,0,0,4,0,0,0,,,,,,,4,,,,,,,,,,,,,,,
351,W2,AC_187,AC_187,4,4,0,0,0,4,0,0,0,,,,,,,4,,,,,,,,,,,,,,,
351,W2,AC_187,AC_187,8,3,0,0,0,3,0,0,0,,,,,,,2,,,,1,,,,,,,,,,,
353,W2,AC_189,AC_189,2,5,0,0,0,5,0,0,0,,,,,,,4,,,,1,,,,,,,,,,,
353,W2,AC_189,AC_189,4,3,0,0,0,3,0,0,0,,,,,,,3,,,,,,,,,,,,,,,
353,W2,AC_189,AC_189,8,7,0,0,0,7,0,0,0,,,,,,,3,,,,4,,,,,,,,,,,
346,W2,AC_190,AC_190,1,5,0,0,0,5,0,0,0,,,,,,,2,,,,3,,,,,,,,,,,
346,W2,AC_190,AC_190,4,6,0,0,0,6,0,0,0,,,,,,,4,,,,2,,,,,,,,,,,
346,W2,AC_190,AC_190,7,2,0,0,0,2,0,0,0,,,,,,,2,,,,,,,,,,,,,,,
363,W2,AC_197,AC_197,5,2,0,0,0,2,0,0,0,,,,,,,2,,,,,,,,,,,,,,,
363,W2,AC_197,AC_197,6,2,0,0,0,2,0,0,0,,,,,,,2,,,,,,,,,,,,,,,
363,W2,AC_197,AC_197,7,2,0,0,0,2,0,0,0,,,,,,,2,,,,,,,,,,,,,,,
345,W2,AC_204,AC_204,2,13,2,0,0,15,0,0,0,,,,,,,7,,,,6,,,,,2,,,,,,
345,W2,AC_204,AC_204,5,9,7,0,0,16,0,0,0,,,,,,,,6,,,8,,,,1,1,,,,,,
345,W2,AC_204,AC_204,8,18,1,0,0,19,0,0,0,,,,,,,9,,,,9,,,,,1,,,,,,
355,W2,AC_208,AC_208,6,3,0,0,0,3,0,0,0,,,,,,,3,,,,,,,,,,,,,,,
355,W2,AC_208,AC_208,7,6,0,0,0,6,0,0,0,,,,,,,6,,,,,,,,,,,,,,,
350,W2,AC_216,AC_216,1,11,0,0,0,11,0,0,0,,,,,,,8,,,,3,,,,,,,,,,,
350,W2,AC_216,AC_216,3,14,0,0,0,14,0,0,0,,,,,,,8,,,,6,,,,,,,,,,,
350,W2,AC_216,AC_216,6,9,1,0,0,10,0,0,0,,,,,,,9,,,,,,,,,1,,,,,,
348,W2,AC_217,AC_217,6,1,0,0,0,1,0,0,0,,,,,,,1,,,,,,,,,,,,,,,
348,W2,AC_217,AC_217,8,5,0,0,0,5,0,0,0,,,,,,,4,,,,1,,,,,,,,,,,
362,W2,AC_218,AC_218,1,2,0,0,0,2,0,0,0,,,,,,,2,,,,,,,,,,,,,,,
362,W2,AC_218,AC_218,5,1,0,0,0,1,0,0,0,,,,,,,1,,,,,,,,,,,,,,,
362,W2,AC_218,AC_218,7,4,0,0,0,4,0,0,0,,,,,,,4,,,,,,,,,,,,,,,