,,,,,,,,,,,,,,,,Collection Date: 2022-04-08,,,,Collection Date: 2022-04-22 to 2022-04-23,,,,Collection Date: 2022-04-28 to 2022-04-29,,,,Collection Date: 2022-05-04,,,,Collection Date: 2022-05-12,,,,Collection Date: 2022-05-19 ,,,,Collection Date: 2022-05-25 to 2022-05-26,,,,Collection Date: 2022-06-09,,,,Collection Date: NA,,,,Collection Date: 2022-MO-DAY,,,,Collection Date: 2022-MO-DAY,,,,Collection Date: 2022-MO-DAY,,,,Collection Date: 2022-MO-DAY,,,,Collection Date: 2022-MO-DAY,,,,Collection Date: 2022-MO-DAY,,,
Sequence,Block,Location,Recipient,Recipient for sorting,Plant number of fitness plant (when chosen),Number of closed fruits used to estimate mean seeds per fruit (include multiple dates),Total number of all Open fruits,Eaten or damaged fruits,Total number of viable seeds counted across multiple dates,Total number of all fruits produced by the plant (open + closed),Total number of non-fitness fruits collected from segment,Mean seeds/fruit (G/F),Total production of viable seeds (I*H),Sown Date ,Days from Sow to flower,# of CLOSED Fruits collected from FITNESS plant,# of OPEN undamaged Fruits collected from FITNESS plant,# of eaten/damaged OPEN Fruits collected from FITNESS plant,# of Fruits collected from any non-fitness plants,# of CLOSED Fruits collected from FITNESS plant,# of OPEN undamaged Fruits collected from FITNESS plant,# of eaten/damaged OPEN Fruits collected from FITNESS plant,# of Fruits collected from any non-fitness plants,# of CLOSED Fruits collected from FITNESS plant,# of OPEN undamaged Fruits collected from FITNESS plant,# of eaten/damaged OPEN Fruits collected from FITNESS plant,# of Fruits collected from any non-fitness plants,# of CLOSED Fruits collected from FITNESS plant,# of OPEN undamaged Fruits collected from FITNESS plant,# of eaten/damaged OPEN Fruits collected from FITNESS plant,# of Fruits collected from any non-fitness plants,# of CLOSED Fruits collected from FITNESS plant,# of OPEN undamaged Fruits collected from FITNESS plant,# of eaten/damaged OPEN Fruits collected from FITNESS plant,# of Fruits collected from any non-fitness plants,# of CLOSED Fruits collected from FITNESS plant,# of OPEN undamaged Fruits collected from FITNESS plant,# of eaten/damaged OPEN Fruits collected from FITNESS plant,# of Fruits collected from any non-fitness plants,# of CLOSED Fruits collected from FITNESS plant,# of OPEN undamaged Fruits collected from FITNESS plant,# of eaten/damaged OPEN Fruits collected from FITNESS plant,# of Fruits collected from any non-fitness plants,# of CLOSED Fruits collected from FITNESS plant,# of OPEN undamaged Fruits collected from FITNESS plant,# of eaten/damaged OPEN Fruits collected from FITNESS plant,# of Fruits collected from any non-fitness plants,# of CLOSED Fruits collected from FITNESS plant,# of OPEN undamaged Fruits collected from FITNESS plant,# of eaten/damaged OPEN Fruits collected from FITNESS plant,# of Fruits collected from any non-fitness plants,# of CLOSED Fruits collected from FITNESS plant,# of OPEN undamaged Fruits collected from FITNESS plant,# of eaten/damaged OPEN Fruits collected from FITNESS plant,# of Fruits collected from any non-fitness plants,# of CLOSED Fruits collected from FITNESS plant,# of OPEN undamaged Fruits collected from FITNESS plant,# of eaten/damaged OPEN Fruits collected from FITNESS plant,# of Fruits collected from any non-fitness plants,# of CLOSED Fruits collected from FITNESS plant,# of OPEN undamaged Fruits collected from FITNESS plant,# of eaten/damaged OPEN Fruits collected from FITNESS plant,# of Fruits collected from any non-fitness plants,# of CLOSED Fruits collected from FITNESS plant,# of OPEN undamaged Fruits collected from FITNESS plant,# of eaten/damaged OPEN Fruits collected from FITNESS plant,# of Fruits collected from any non-fitness plants,# of CLOSED Fruits collected from FITNESS plant,# of OPEN undamaged Fruits collected from FITNESS plant,# of eaten/damaged OPEN Fruits collected from FITNESS plant,# of Fruits collected from any non-fitness plants,# of CLOSED Fruits collected from FITNESS plant,# of OPEN undamaged Fruits collected from FITNESS plant,# of eaten/damaged OPEN Fruits collected from FITNESS plant,# of Fruits collected from any non-fitness plants
1,1,1,BB_170,BB_170,7,0,0,0,,0,2,,,12/04/2021,#REF!,,,,,,,,,,,,,,,,,,,,,,,,,,,,,,,,2,,,,,,,,,,,,,,,,,,,,,,,,,,,,
1,1,1,BB_206,BB_206,5,1,1,0,2,2,0,1.00,2.00,12/04/2021,#REF!,,,,,,,,,,1,,,,,,,,,,,1,,,,,,,,,,,,,,,,,,,,,,,,,,,,,,,,,,,,,,,
17,1,2,BB_79,BB_079,NA,0,0,0,0,0,0,#DIV/0!,#DIV/0!,12/04/2021,#REF!,,,,,,,,,,,,,,,,,,,,,,,,,,,,,,,,,,,,,,,,,,,,,,,,,,,,,,,,,,,,
9,1,2,BB_85,BB_085,3,0,0,0,0,0,0,#DIV/0!,#DIV/0!,12/04/2021,#REF!,,,,,,,,,,,,,,,,,,,,,,,,,,,,,,,,,,,,,,,,,,,,,,,,,,,,,,,,,,,,
9,1,2,BB_85,BB_085,6,0,2,0,0,2,0,#DIV/0!,#DIV/0!,12/04/2021,#REF!,,,,,,,,,,,,,,,,,,,,,,1,,,,1,,,,,,,,,,,,,,,,,,,,,,,,,,,,,,,,,,
9,1,2,BB_85,BB_085,7,1,0,0,0,1,0,0.00,0.00,12/04/2021,#REF!,,,,,,,,,,,,,,,,,,,,,,,,,,,,,1,,,,,,,,,,,,,,,,,,,,,,,,,,,,,,,
13,1,2,BB_179,BB_179,3,0,0,0,4,0,4,#DIV/0!,#DIV/0!,12/04/2021,#REF!,,,,,,,,,,,,,,,,1,,,,3,,,,,,,,,,,,,,,,,,,,,,,,,,,,,,,,,,,,,,,,
25,1,3,BB_3,BB_003,1,0,0,0,0,0,3,#DIV/0!,#DIV/0!,12/04/2021,#REF!,,,,,,,,,,,,,,,,,,,,1,,,,,,,,2,,,,,,,,,,,,,,,,,,,,,,,,,,,,,,,,
29,1,3,BB_10,BB_010,5,0,0,0,0,0,1,#DIV/0!,#DIV/0!,12/04/2021,#REF!,,,,,,,,,,,,,,,,1,,,,,,,,,,,,,,,,,,,,,,,,,,,,,,,,,,,,,,,,,,,,
21,1,3,BB_109,BB_109,2,1,0,0,0,1,3,0.00,0.00,12/04/2021,#REF!,,,,,,,,,,,,,1,,,3,,,,,,,,,,,,,,,,,,,,,,,,,,,,,,,,,,,,,,,,,,,,
41,1,4,BB_143,BB_143,4,1,0,0,5,1,0,0.00,0.00,12/04/2021,#REF!,,,,,,,,,,,,,,,,,1,,,,,,,,,,,,,,,,,,,,,,,,,,,,,,,,,,,,,,,,,,,
41,1,4,BB_143,BB_143,6,1,0,0,0,1,0,0.00,0.00,12/04/2021,#REF!,,,,,,,,,,,,,,,,,1,,,,,,,,,,,,,,,,,,,,,,,,,,,,,,,,,,,,,,,,,,,
41,1,4,BB_143,BB_143,7,3,2,0,4,5,0,0.67,3.33,12/04/2021,#REF!,,,,,,,,,,,,,1,,,,2,1,,,,1,,,,,,,,,,,,,,,,,,,,,,,,,,,,,,,,,,,,,,
33,1,4,BB_161,BB_161,6,0,1,0,10,1,0,#DIV/0!,#DIV/0!,12/04/2021,#REF!,,,,,,,,,,,,,,,,,,1,,,,,,,,,,,,,,,,,,,,,,,,,,,,,,,,,,,,,,,,,,
37,1,4,BB_214,BB_214,6,0,0,0,19,0,1,#DIV/0!,#DIV/0!,12/04/2021,#REF!,,,,,,,,,,,,,,,,,,,,,,,,,,,,1,,,,,,,,,,,,,,,,,,,,,,,,,,,,,,,,
57,1,5,BB_13,BB_013,8,1,0,1,0,1,3,0.00,0.00,12/04/2021,#REF!,,,,,,,1,,,,,1,1,,,,,,,,,,,1,,,,1,,,,,,,,,,,,,,,,,,,,,,,,,,,,,,,,
45,1,5,BB_20,BB_020,1,1,0,0,0,1,0,0.00,0.00,12/04/2021,#REF!,,,,,,,,,1,,,,,,,,,,,,,,,,,,,,,,,,,,,,,,,,,,,,,,,,,,,,,,,,,,,
45,1,5,BB_20,BB_020,5,2,1,0,0,3,0,0.50,1.50,12/04/2021,#REF!,,,,,,,,,,,,,,1,,,2,,,,,,,,,,,,,,,,,,,,,,,,,,,,,,,,,,,,,,,,,,,
53,1,5,BB_69,BB_069,4,1,3,0,0,4,0,3.00,12.00,12/04/2021,#REF!,,,,,,1,,,,,,,,,,,,,,,1,1,,,,1,,,,,,,,,,,,,,,,,,,,,,,,,,,,,,,,,,
49,1,5,BB_114,BB_114,5,1,0,0,7,1,2,0.00,0.00,12/04/2021,#REF!,,,,,,,,,,,,,,,,,,,,,1,,,2,,,,,,,,,,,,,,,,,,,,,,,,,,,,,,,,,,,,
61,1,6,BB_104,BB_104,8,0,0,0,7,0,0,#DIV/0!,#DIV/0!,12/04/2021,#REF!,,,,,,,,,,,,,,,,,,,,,,,,,,,,,,,,,,,,,,,,,,,,,,,,,,,,,,,,,,,,
69,1,6,BB_193,BB_193,8,1,0,0,6,1,0,0.00,0.00,12/04/2021,#REF!,,,,,,,,,,,,,,,,,1,,,,,,,,,,,,,,,,,,,,,,,,,,,,,,,,,,,,,,,,,,,
65,1,6,BB_195,BB_195,4,0,1,0,1,1,0,#DIV/0!,#DIV/0!,12/04/2021,#REF!,,,,,,,,,,,,,,,,,,,,,,1,,,,,,,,,,,,,,,,,,,,,,,,,,,,,,,,,,,,,,
81,1,7,BB_27,BB_027,2,1,0,0,0,1,0,0.00,0.00,12/04/2021,#REF!,,,,,,,,,,,,,,,,,,,,,,,,,,,,,1,,,,,,,,,,,,,,,,,,,,,,,,,,,,,,,
73,1,7,BB_186,BB_186,7,1,3,0,6,4,0,3.00,12.00,12/04/2021,#REF!,,,,,,,,,,,,,,,,,,,,,1,3,,,,,,,,,,,,,,,,,,,,,,,,,,,,,,,,,,,,,,
77,1,7,BB_201,BB_201,1,0,0,0,0,0,0,#DIV/0!,#DIV/0!,12/04/2021,#REF!,,,,,,,,,,,,,,,,,,,,,,,,,,,,,,,,,,,,,,,,,,,,,,,,,,,,,,,,,,,,
85,1,8,BB_137,BB_137,7,2,2,0,3,4,0,1.00,4.00,12/04/2021,#REF!,,,,,,,,,,,,,1,,,,1,2,,,,,,,,,,,,,,,,,,,,,,,,,,,,,,,,,,,,,,,,,,
93,1,8,BB_207,BB_207,6,0,1,0,2,1,0,#DIV/0!,#DIV/0!,12/04/2021,#REF!,,,,,,,,,,,,,,,,,,,,,,,,,,,,,,1,,,,,,,,,,,,,,,,,,,,,,,,,,,,,,
89,1,8,BB_218,BB_218,7,0,0,0,0,0,0,#DIV/0!,#DIV/0!,12/04/2021,#REF!,,,,,,,,,,,,,,,,,,,,,,,,,,,,,,,,,,,,,,,,,,,,,,,,,,,,,,,,,,,,
101,1,9,BB_9,BB_009,2,0,2,0,0,2,0,#DIV/0!,#DIV/0!,12/04/2021,#REF!,,,,,,,,,,,,,,,,,,,,,,2,,,,,,,,,,,,,,,,,,,,,,,,,,,,,,,,,,,,,,
105,1,9,BB_17,BB_017,4,0,1,0,0,1,0,#DIV/0!,#DIV/0!,12/04/2021,#REF!,,,,,,1,,,,,,,,,,,,,,,,,,,,,,,,,,,,,,,,,,,,,,,,,,,,,,,,,,,,,,
105,1,9,BB_17,BB_017,5,1,1,0,0,2,0,1.00,2.00,12/04/2021,#REF!,,,,,,,,,,,,,,,,,1,,,,,1,,,,,,,,,,,,,,,,,,,,,,,,,,,,,,,,,,,,,,
105,1,9,BB_17,BB_017,8,1,0,0,0,1,0,0.00,0.00,12/04/2021,#REF!,,,,,,,,,,,,,,,,,,,,,1,,,,,,,,,,,,,,,,,,,,,,,,,,,,,,,,,,,,,,,
97,1,9,BB_189,BB_189,6,0,0,0,0,0,0,#DIV/0!,#DIV/0!,12/04/2021,#REF!,,,,,,,,,,,,,,,,,,,,,,,,,,,,,,,,,,,,,,,,,,,,,,,,,,,,,,,,,,,,
121,1,10,BB_21,BB_021,3,1,0,0,2,1,1,0.00,0.00,12/04/2021,#REF!,,,,,,,,,,,,,,,,,1,,,1,,,,,,,,,,,,,,,,,,,,,,,,,,,,,,,,,,,,,,,,
113,1,10,BB_32,BB_032,5,0,0,0,2,0,0,#DIV/0!,#DIV/0!,12/04/2021,#REF!,,,,,,,,,,,,,,,,,,,,,,,,,,,,,,,,,,,,,,,,,,,,,,,,,,,,,,,,,,,,
117,1,10,BB_58,BB_058,2,1,0,0,0,1,2,0.00,0.00,12/04/2021,#REF!,,,,,,,,,,,,,,,,,,,,,,,,2,1,,,,,,,,,,,,,,,,,,,,,,,,,,,,,,,,,,,
109,1,10,BB_187,BB_187,3,2,0,0,0,2,0,0.00,0.00,12/04/2021,#REF!,,,,,,,,,,,,,,,,,2,,,,,,,,,,,,,,,,,,,,,,,,,,,,,,,,,,,,,,,,,,,
125,1,11,BB_60,BB_060,3,13,4,0,0,17,2,0.31,5.23,12/04/2021,#REF!,,,,,,,,,,,,,,,,,,,,,,,,,,,,,13,4,,2,,,,,,,,,,,,,,,,,,,,,,,,,,,,
133,1,11,BB_71,BB_071,NA,0,0,0,10,0,0,#DIV/0!,#DIV/0!,12/04/2021,#REF!,,,,,,,,,,,,,,,,,,,,,,,,,,,,,,,,,,,,,,,,,,,,,,,,,,,,,,,,,,,,
129,1,11,BB_93,BB_093,7,4,1,0,0,5,0,0.25,1.25,12/04/2021,#REF!,,,,,,,,,,,,,,,,,,,,,4,1,,,,,,,,,,,,,,,,,,,,,,,,,,,,,,,,,,,,,,
141,1,12,BB_18,BB_018,6,1,2,0,47,3,0,2.00,6.00,12/04/2021,#REF!,,,,,,,,,,,,,,,,,,,,,1,,,,,,,,,2,,,,,,,,,,,,,,,,,,,,,,,,,,,,,,
137,1,12,BB_68,BB_068,2,0,0,0,0,0,0,#DIV/0!,#DIV/0!,12/04/2021,#REF!,,,,,,,,,,,,,,,,,,,,,,,,,,,,,,,,,,,,,,,,,,,,,,,,,,,,,,,,,,,,
149,1,13,BB_29,BB_029,5,1,0,0,41,1,0,0.00,0.00,12/04/2021,#REF!,,,,,,,,,,,,,,,,,,,,,1,,,,,,,,,,,,,,,,,,,,,,,,,,,,,,,,,,,,,,,
153,1,13,BB_45,BB_045,6,0,1,0,14,1,2,#DIV/0!,#DIV/0!,12/04/2021,#REF!,,,,,,,,,,,,,,,,,,1,,,,,,2,,,,,,,,,,,,,,,,,,,,,,,,,,,,,,,,,,,,
145,1,13,BB_131,BB_131,6,1,0,2,0,1,4,0.00,0.00,12/04/2021,#REF!,,,,,,,1,,,,1,,,,,,,,,4,1,,,,,,,,,,,,,,,,,,,,,,,,,,,,,,,,,,,,,,,
161,1,14,BB_83,BB_083,7,4,2,2,3,6,0,0.50,3.00,12/04/2021,#REF!,,,,,,,,,,,,,,,,,3,,,,1,,2,,,2,,,,,,,,,,,,,,,,,,,,,,,,,,,,,,,,,,
165,1,14,BB_116,BB_116,6,0,1,0,0,1,4,#DIV/0!,#DIV/0!,12/04/2021,#REF!,,,,,,,,,,,,,,,,,,,,1,,,,2,,,,1,,1,,,,,,,,,,,,,,,,,,,,,,,,,,,,,,
157,1,14,BB_172,BB_172,4,1,1,0,7,2,0,1.00,2.00,12/04/2021,#REF!,,,,,,1,,,,,,,,,,,,,,,,,,,,,,,1,,,,,,,,,,,,,,,,,,,,,,,,,,,,,,,
169,1,15,BB_19,BB_019,1,0,0,0,0,0,0,#DIV/0!,#DIV/0!,12/04/2021,#REF!,,,,,,,,,,,,,,,,,,,,,,,,,,,,,,,,,,,,,,,,,,,,,,,,,,,,,,,,,,,,
173,1,15,BB_61,BB_061,8,2,2,0,0,4,0,1.00,4.00,12/04/2021,#REF!,,,,,,,,,,,,,,,,,,,,,,,,,,2,,,2,,,,,,,,,,,,,,,,,,,,,,,,,,,,,,,
181,1,16,BB_166,BB_166,5,2,0,0,1,2,3,0.00,0.00,12/04/2021,#REF!,,,,,,,,,,,,,,,,,,,,,,,,,,,,,2,,,3,,,,,,,,,,,,,,,,,,,,,,,,,,,,
177,1,16,BB_210,BB_210,6,0,0,0,0,0,0,#DIV/0!,#DIV/0!,12/04/2021,#REF!,,,,,,,,,,,,,,,,,,,,,,,,,,,,,,,,,,,,,,,,,,,,,,,,,,,,,,,,,,,,
185,1,17,BB_34,BB_034,5,1,0,0,0,1,0,0.00,0.00,12/04/2021,#REF!,,,,,,,,,,,,,,,,,,,,,,,,,1,,,,,,,,,,,,,,,,,,,,,,,,,,,,,,,,,,,
193,1,17,BB_98,BB_098,2,1,0,0,0,1,0,0.00,0.00,12/04/2021,#REF!,,,,,,,,,,,,,,,,,,,,,1,,,,,,,,,,,,,,,,,,,,,,,,,,,,,,,,,,,,,,,
189,1,17,BB_146,BB_146,7,2,0,0,0,2,1,0.00,0.00,12/04/2021,#REF!,,,,,,,,,,,,,,,,,1,,,1,1,,,,,,,,,,,,,,,,,,,,,,,,,,,,,,,,,,,,,,,
201,1,18,BB_52,BB_052,5,1,0,0,3,1,8,0.00,0.00,12/04/2021,#REF!,,,,,,,,,,,,,,,,,,,,,,,,,,,,6,1,,,2,,,,,,,,,,,,,,,,,,,,,,,,,,,,
197,1,18,BB_101,BB_101,2,2,0,0,0,2,5,0.00,0.00,12/04/2021,#REF!,,,,,,,,,,,,,,,,,,,,,,,,,2,,,2,,,,3,,,,,,,,,,,,,,,,,,,,,,,,,,,,
209,1,19,BB_117,BB_117,5,6,0,0,12,6,0,0.00,0.00,12/04/2021,#REF!,,,,,,,,,,,,,,,,,,,,,,,,,1,,,,5,,,,,,,,,,,,,,,,,,,,,,,,,,,,,,,
205,1,19,BB_134,BB_134,6,0,1,0,1,1,0,#DIV/0!,#DIV/0!,12/04/2021,#REF!,,,,,,,,,,,,,,,,,,,,,,,,,,,,,,1,,,,,,,,,,,,,,,,,,,,,,,,,,,,,,
213,1,19,BB_209,BB_209,6,0,1,0,9,1,2,#DIV/0!,#DIV/0!,12/04/2021,#REF!,,,,,,,,,,,,,,,,,,,,,,,,2,,,,,,1,,,,,,,,,,,,,,,,,,,,,,,,,,,,,,
225,1,20,BB_48,BB_048,8,1,0,0,8,1,0,0.00,0.00,12/04/2021,#REF!,,,,,,,,,,,,,,,,,,,,,,,,,1,,,,,,,,,,,,,,,,,,,,,,,,,,,,,,,,,,,
221,1,20,BB_150,BB_150,3,7,1,0,0,8,4,0.14,1.14,12/04/2021,#REF!,1,,,,,,,,,,,,,,,2,2,,,1,4,,,1,,,,,,1,,,1,,,,,,,,,,,,,,,,,,,,,,,,,,,
217,1,20,BB_164,BB_164,4,1,0,0,0,1,6,0.00,0.00,12/04/2021,#REF!,,,,,,,,,,,,1,1,,,,,,,,,,,,,,,5,,,,,,,,,,,,,,,,,,,,,,,,,,,,,,,,
217,1,20,BB_164,BB_164,1,3,1,0,46,4,4,0.33,1.33,12/04/2021,#REF!,,,,,,,,,,,,,,,,,,,,,,,,,,,,,3,1,,4,,,,,,,,,,,,,,,,,,,,,,,,,,,,
237,1,21,BB_4,BB_004,4,1,2,0,4,3,0,2.00,6.00,12/04/2021,#REF!,,,,,,,,,,,,,,,,,,,,,,,,,1,,,,,2,,,,,,,,,,,,,,,,,,,,,,,,,,,,,,
229,1,21,BB_110,BB_110,6,0,0,0,0,0,0,#DIV/0!,#DIV/0!,12/04/2021,#REF!,,,,,,,,,,,,,,,,,,,,,,,,,,,,,,,,,,,,,,,,,,,,,,,,,,,,,,,,,,,,
233,1,21,BB_160,BB_160,3,1,1,0,0,2,3,1.00,2.00,12/04/2021,#REF!,,,,,,,,,,,,,,,,,,,,,,,,,,,,,1,1,,3,,,,,,,,,,,,,,,,,,,,,,,,,,,,
241,1,22,BB_84,BB_084,4,1,0,0,6,1,1,0.00,0.00,12/04/2021,#REF!,,,,,,,,,,,,,,,,,,,,,,,,,1,,,1,,,,,,,,,,,,,,,,,,,,,,,,,,,,,,,,
249,1,22,BB_149,BB_149,6,2,0,2,0,2,2,0.00,0.00,12/04/2021,#REF!,,,,,,,,,,,,,,,,,,,,,,,2,,2,,,2,,,,,,,,,,,,,,,,,,,,,,,,,,,,,,,,
245,1,22,BB_215,BB_215,5,0,0,0,0,0,7,#DIV/0!,#DIV/0!,12/04/2021,#REF!,,,,,,,,,,,,1,,,,,,,,,,,,3,,,,,,,,3,,,,,,,,,,,,,,,,,,,,,,,,,,,,
257,1,23,BB_7,BB_007,7,0,0,0,0,0,7,#DIV/0!,#DIV/0!,12/04/2021,#REF!,,,,,,,,,,,,,,,,,,,,3,,,,2,,,,2,,,,,,,,,,,,,,,,,,,,,,,,,,,,,,,,
261,1,23,BB_44,BB_044,4,0,0,0,0,0,0,#DIV/0!,#DIV/0!,12/04/2021,#REF!,,,,,,,,,,,,,,,,,,,,,,,,,,,,,,,,,,,,,,,,,,,,,,,,,,,,,,,,,,,,
253,1,23,BB_103,BB_103,5,16,18,1,0,34,51,1.13,38.25,12/04/2021,#REF!,,,,,,,,,,,,,,,,,3,,,2,4,,1,15,,18,,30,,,,4,9,,,,,,,,,,,,,,,,,,,,,,,,,,,
269,1,24,BB_199,BB_199,1,0,0,0,0,0,0,#DIV/0!,#DIV/0!,12/04/2021,#REF!,,,,,,,,,,,,,,,,,,,,,,,,,,,,,,,,,,,,,,,,,,,,,,,,,,,,,,,,,,,,
265,1,24,BB_200,BB_200,5,2,1,0,66,3,10,0.50,1.50,12/04/2021,#REF!,,,,2,,,,2,2,,,2,,,,1,,,,,,,,2,,1,,1,,,,,,,,,,,,,,,,,,,,,,,,,,,,,,,,
273,1,24,BB_211,BB_211,3,0,0,0,10,0,0,#DIV/0!,#DIV/0!,12/04/2021,#REF!,,,,,,,,,,,,,,,,,,,,,,,,,,,,,,,,,,,,,,,,,,,,,,,,,,,,,,,,,,,,
285,1,25,BB_94,BB_094,2,0,0,0,0,0,1,#DIV/0!,#DIV/0!,12/04/2021,#REF!,,,,,,,,,,,,,,,,,,,,,,,,1,,,,,,,,,,,,,,,,,,,,,,,,,,,,,,,,,,,,
277,1,25,BB_113,BB_113,2,1,0,0,0,1,0,0.00,0.00,12/04/2021,#REF!,,,,,,,,,,,,,,,,,,,,,1,,,,,,,,,,,,,,,,,,,,,,,,,,,,,,,,,,,,,,,
281,1,25,BB_171,BB_171,2,0,0,0,0,0,2,#DIV/0!,#DIV/0!,12/04/2021,#REF!,,,,,,,,,,,,,,,,,,,,,,,,2,,,,,,,,,,,,,,,,,,,,,,,,,,,,,,,,,,,,
289,1,26,BB_25,BB_025,4,0,0,0,0,0,1,#DIV/0!,#DIV/0!,12/04/2021,#REF!,,,,,,,,,,,,,,,,,,,,,,,,,,,,,,,,1,,,,,,,,,,,,,,,,,,,,,,,,,,,,
293,1,26,BB_59,BB_059,3,1,0,0,0,1,0,0.00,0.00,12/04/2021,#REF!,,,,,,,,,,,,,,,,,1,,,,,,,,,,,,,,,,,,,,,,,,,,,,,,,,,,,,,,,,,,,
297,1,26,BB_185,BB_185,4,1,1,0,0,2,0,1.00,2.00,12/04/2021,#REF!,,,,,,1,,,,,,,,,,,,,,,1,,,,,,,,,,,,,,,,,,,,,,,,,,,,,,,,,,,,,,,
297,1,26,BB_185,BB_185,6,0,1,0,0,1,0,#DIV/0!,#DIV/0!,12/04/2021,#REF!,,,,,,,,,,,,,,,,,,1,,,,,,,,,,,,,,,,,,,,,,,,,,,,,,,,,,,,,,,,,,
297,1,26,BB_185,BB_185,8,1,0,0,2,1,0,0.00,0.00,12/04/2021,#REF!,,,,,,,,,,,,,,,,,,,,,1,,,,,,,,,,,,,,,,,,,,,,,,,,,,,,,,,,,,,,,
301,1,27,BB_70,BB_070,6,1,0,0,0,1,0,0.00,0.00,12/04/2021,#REF!,,,,,,,,,,,,,1,,,,,,,,,,,,,,,,,,,,,,,,,,,,,,,,,,,,,,,,,,,,,,,
305,1,27,BB_92,BB_092,8,0,0,0,3,0,1,#DIV/0!,#DIV/0!,12/04/2021,#REF!,,,,,,,,,,,,,,,,,,,,1,,,,,,,,,,,,,,,,,,,,,,,,,,,,,,,,,,,,,,,,
309,1,27,BB_97,BB_097,1,0,0,0,0,0,0,#DIV/0!,#DIV/0!,12/04/2021,#REF!,,,,,,,,,,,,,,,,,,,,,,,,,,,,,,,,,,,,,,,,,,,,,,,,,,,,,,,,,,,,
313,1,28,BB_76,BB_076,1,2,0,0,0,2,5,0.00,0.00,12/04/2021,#REF!,,,,,,,,,,,,,,,,,,,,,,,,1,,,,,2,,,2,,,,2,,,,,,,,,,,,,,,,,,,,,,,,
317,1,28,BB_123,BB_123,4,0,0,0,0,0,0,#DIV/0!,#DIV/0!,12/04/2021,#REF!,,,,,,,,,,,,,,,,,,,,,,,,,,,,,,,,,,,,,,,,,,,,,,,,,,,,,,,,,,,,
321,1,28,BB_163,BB_163,6,0,0,0,6,0,0,#DIV/0!,#DIV/0!,12/04/2021,#REF!,,,,,,,,,,,,,,,,,,,,,,,,,,,,,,,,,,,,,,,,,,,,,,,,,,,,,,,,,,,,
325,1,29,BB_81,BB_081,5,0,0,0,0,0,0,#DIV/0!,#DIV/0!,12/04/2021,#REF!,,,,,,,,,,,,,,,,,,,,,,,,,,,,,,,,,,,,,,,,,,,,,,,,,,,,,,,,,,,,
329,1,29,BB_135,BB_135,8,1,0,0,0,1,0,0.00,0.00,12/04/2021,#REF!,,,,,1,,,,,,,,,,,,,,,,,,,,,,,,,,,,,,,,,,,,,,,,,,,,,,,,,,,,,,,
337,W1,30,BB_17,BB_017,2,0,0,0,0,0,0,#DIV/0!,#DIV/0!,12/04/2021,#REF!,,,,,,,,,,,,,,,,,,,,,,,,,,,,,,,,,,,,,,,,,,,,,,,,,,,,,,,,,,,,
333,W1,30,BB_32,BB_032,1,2,0,0,0,2,2,0.00,0.00,12/04/2021,#REF!,,,,,,,,,,,,,,,,,,,,,2,,,,,,,2,,,,,,,,,,,,,,,,,,,,,,,,,,,,,,,,
333,W1,30,BB_32,BB_032,3,2,2,0,0,4,0,1.00,4.00,12/04/2021,#REF!,,,,,,,,,,,,,,,,,,,,,2,1,,,,1,,,,,,,,,,,,,,,,,,,,,,,,,,,,,,,,,,
333,W1,30,BB_32,BB_032,6,1,1,0,14,2,2,1.00,2.00,12/04/2021,#REF!,,,,,,,,,,,,,,,,,1,,,,,,,,,,,2,,1,,,,,,,,,,,,,,,,,,,,,,,,,,,,,,
341,W1,30,BB_185,BB_185,3,1,2,0,8,3,0,2.00,6.00,12/04/2021,#REF!,,,,,,,,,,,,,,,,,,,,,1,,,,,2,,,,,,,,,,,,,,,,,,,,,,,,,,,,,,,,,,
341,W1,30,BB_185,BB_185,5,4,1,0,2,5,0,0.25,1.25,12/04/2021,#REF!,,,,,,,,,,,,,,,,,,,,,1,1,,,2,,,,1,,,,,,,,,,,,,,,,,,,,,,,,,,,,,,,
341,W1,30,BB_185,BB_185,6,3,2,0,3,5,0,0.67,3.33,12/04/2021,#REF!,,,,,,,,,,,,,,,,,,,,,1,1,,,1,,,,1,1,,,,,,,,,,,,,,,,,,,,,,,,,,,,,,
345,1,31,BB_95,BB_095,8,0,0,0,11,0,3,#DIV/0!,#DIV/0!,12/04/2021,#REF!,,,,,,,,,,,,,,,,,,,,3,,,,,,,,,,,,,,,,,,,,,,,,,,,,,,,,,,,,,,,,
353,1,31,BB_133,BB_133,3,0,0,0,7,0,3,#DIV/0!,#DIV/0!,12/04/2021,#REF!,,,,,,,,,,,,,,,,,,,,,,,,1,,,,2,,,,,,,,,,,,,,,,,,,,,,,,,,,,,,,,
349,1,31,BB_154,BB_154,4,0,0,0,0,0,1,#DIV/0!,#DIV/0!,12/04/2021,#REF!,,,,,,,,,,,,,,,,,,,,,,,,,,,,1,,,,,,,,,,,,,,,,,,,,,,,,,,,,,,,,
361,1,32,BB_8,BB_008,8,0,2,0,0,2,0,#DIV/0!,#DIV/0!,12/04/2021,#REF!,,,,,,,,,,,,,,,,,,,,,,,,,,2,,,,,,,,,,,,,,,,,,,,,,,,,,,,,,,,,,
357,1,32,BB_64,BB_064,3,0,0,0,0,0,0,#DIV/0!,#DIV/0!,12/04/2021,#REF!,,,,,,,,,,,,,,,,,,,,,,,,,,,,,,,,,,,,,,,,,,,,,,,,,,,,,,,,,,,,
373,1,33,BB_147,BB_147,1,1,0,0,0,1,3,0.00,0.00,12/04/2021,#REF!,,,,,,,,,,,,,,,,,,,,,1,,,2,,,,1,,,,,,,,,,,,,,,,,,,,,,,,,,,,,,,,
365,1,33,BB_159,BB_159,5,5,3,0,0,8,1,0.60,4.80,12/04/2021,#REF!,,,,,,,,,,,,,,,,,,,,,,,,1,5,3,,,,,,,,,,,,,,,,,,,,,,,,,,,,,,,,,,
369,1,33,BB_205,BB_205,1,5,2,0,4,7,0,0.40,2.80,12/04/2021,#REF!,,,,,,,,,,,,,,,,,1,,,,3,,,,1,1,,,,1,,,,,,,,,,,,,,,,,,,,,,,,,,,,,,
385,1,34,BB_46,BB_046,1,0,0,0,5,0,0,#DIV/0!,#DIV/0!,12/04/2021,#REF!,,,,,,,,,,,,,,,,,,,,,,,,,,,,,,,,,,,,,,,,,,,,,,,,,,,,,,,,,,,,
381,1,34,BB_53,BB_053,2,2,0,0,4,2,4,0.00,0.00,12/04/2021,#REF!,,,,,,,,,1,,,,1,,,,,,,3,,,,1,,,,,,,,,,,,,,,,,,,,,,,,,,,,,,,,,,,,
377,1,34,BB_102,BB_102,2,2,1,0,0,3,0,0.50,1.50,12/04/2021,#REF!,,,,,,,,,,,,,,,,,,,,,,,,,2,1,,,,,,,,,,,,,,,,,,,,,,,,,,,,,,,,,,
377,1,34,BB_102,BB_102,5,5,2,0,0,7,0,0.40,2.80,12/04/2021,#REF!,,,,,,,,,,,,,,,,,,,,,3,,,,,,,,,,,,2,2,,,,,,,,,,,,,,,,,,,,,,,,,,
389,1,35,BB_2,BB_002,6,2,0,0,11,2,6,0.00,0.00,12/04/2021,#REF!,,,,,,,,,,,,,,,,,,,,,,,,1,2,,,1,,,,4,,,,,,,,,,,,,,,,,,,,,,,,,,,,
393,1,35,BB_183,BB_183,NA,0,0,0,14,0,0,#DIV/0!,#DIV/0!,12/04/2021,#REF!,,,,,,,,,,,,,,,,,,,,,,,,,,,,,,,,,,,,,,,,,,,,,,,,,,,,,,,,,,,,
405,1,36,BB_72,BB_072,4,0,0,0,0,0,0,#DIV/0!,#DIV/0!,12/04/2021,#REF!,,,,,,,,,,,,,,,,,,,,,,,,,,,,,,,,,,,,,,,,,,,,,,,,,,,,,,,,,,,,
397,1,36,BB_151,BB_151,2,0,0,0,0,0,1,#DIV/0!,#DIV/0!,12/04/2021,#REF!,,,,,,,,,,,,,,,,,,,,1,,,,,,,,,,,,,,,,,,,,,,,,,,,,,,,,,,,,,,,,
401,1,36,BB_204,BB_204,8,1,0,0,0,1,0,0.00,0.00,12/04/2021,#REF!,,,,,,,,,,,,,,,,,1,,,,,,,,,,,,,,,,,,,,,,,,,,,,,,,,,,,,,,,,,,,
417,1,37,BB_50,BB_050,2,1,0,0,0,1,0,0.00,0.00,12/04/2021,#REF!,,,,,,,,,,,,,1,,,,,,,,,,,,,,,,,,,,,,,,,,,,,,,,,,,,,,,,,,,,,,,
409,1,37,BB_121,BB_121,7,1,2,0,0,3,6,2.00,6.00,12/04/2021,#REF!,,,,,,,,,,,,,,,,1,,,,,1,,,,,,,5,,2,,,,,,,,,,,,,,,,,,,,,,,,,,,,,,
413,1,37,BB_132,BB_132,6,7,1,0,54,8,18,0.14,1.14,12/04/2021,#REF!,,,,,1,,,,,,,2,,,,,2,,,,,,,7,,,,6,4,1,,3,,,,,,,,,,,,,,,,,,,,,,,,,,,,
429,1,38,BB_63,BB_063,NA,0,0,0,0,0,0,#DIV/0!,#DIV/0!,12/04/2021,#REF!,,,,,,,,,,,,,,,,,,,,,,,,,,,,,,,,,,,,,,,,,,,,,,,,,,,,,,,,,,,,
421,1,38,BB_89,BB_089,4,1,2,0,12,3,0,2.00,6.00,12/04/2021,#REF!,,,,,,,,,,,,,,,,,,,,,,,,,,,,,1,2,,,,,,,,,,,,,,,,,,,,,,,,,,,,,,
425,1,38,BB_126,BB_126,3,0,0,0,0,0,0,#DIV/0!,#DIV/0!,12/04/2021,#REF!,,,,,,,,,,,,,,,,,,,,,,,,,,,,,,,,,,,,,,,,,,,,,,,,,,,,,,,,,,,,
433,1,38,BB_139,BB_139,7,1,0,0,3,1,0,0.00,0.00,12/04/2021,#REF!,,,,,,,,,,,,,,,,,,,,,,,,,1,,,,,,,,,,,,,,,,,,,,,,,,,,,,,,,,,,,
445,1,39,BB_39,BB_039,5,0,0,0,0,0,0,#DIV/0!,#DIV/0!,12/04/2021,#REF!,,,,,,,,,,,,,,,,,,,,,,,,,,,,,,,,,,,,,,,,,,,,,,,,,,,,,,,,,,,,
441,1,39,BB_105,BB_105,3,0,1,0,1,1,0,#DIV/0!,#DIV/0!,12/04/2021,#REF!,,,,,,,,,,,,,,,,,,1,,,,,,,,,,,,,,,,,,,,,,,,,,,,,,,,,,,,,,,,,,
437,1,39,BB_145,BB_145,4,3,0,0,0,3,0,0.00,0.00,12/04/2021,#REF!,,,,,,,,,,,,,,,,,,,,,3,,,,,,,,,,,,,,,,,,,,,,,,,,,,,,,,,,,,,,,
457,W1,40,BB_77,BB_077,7,0,2,0,0,2,0,#DIV/0!,#DIV/0!,12/04/2021,#REF!,,,,,,,,,,,,,,,,,,,,,,,,,,,,,,2,,,,,,,,,,,,,,,,,,,,,,,,,,,,,,
453,W1,40,BB_118,BB_118,1,2,1,0,8,3,0,0.50,1.50,12/04/2021,#REF!,,,,,,,,,,,,,,,,,2,,,,,1,,,,,,,,,,,,,,,,,,,,,,,,,,,,,,,,,,,,,,
453,W1,40,BB_118,BB_118,4,2,0,0,0,2,0,0.00,0.00,12/04/2021,#REF!,,,,,,,,,,,,,,,,,1,,,,1,,,,,,,,,,,,,,,,,,,,,,,,,,,,,,,,,,,,,,,
453,W1,40,BB_118,BB_118,6,0,1,0,13,1,0,#DIV/0!,#DIV/0!,12/04/2021,#REF!,,,,,,,,,,,,,,,,,,1,,,,,,,,,,,,,,,,,,,,,,,,,,,,,,,,,,,,,,,,,,
449,W1,40,BB_187,BB_187,3,3,1,0,4,4,0,0.33,1.33,12/04/2021,#REF!,,,,,,,,,,,,,2,,,,,,,,1,1,,,,,,,,,,,,,,,,,,,,,,,,,,,,,,,,,,,,,,
449,W1,40,BB_187,BB_187,4,1,1,0,0,2,0,1.00,2.00,12/04/2021,#REF!,,,,,,,,,,,,,,,,,,1,,,,,,,,,,,,,,,1,,,,,,,,,,,,,,,,,,,,,,,,,,,
465,1,41,BB_37,BB_037,2,0,2,0,4,2,2,#DIV/0!,#DIV/0!,12/04/2021,#REF!,,,,,,,,,,,,,,,,,,2,,1,,,,,,,,1,,,,,,,,,,,,,,,,,,,,,,,,,,,,,,,,
461,1,41,BB_77,BB_077,NA,0,0,0,0,0,0,#DIV/0!,#DIV/0!,12/04/2021,#REF!,,,,,,,,,,,,,,,,,,,,,,,,,,,,,,,,,,,,,,,,,,,,,,,,,,,,,,,,,,,,
469,1,41,BB_190,BB_190,2,0,3,0,0,3,5,#DIV/0!,#DIV/0!,12/04/2021,#REF!,,,,,,,,,,,,,,,,,,,,3,,1,,2,,1,,,,1,,,,,,,,,,,,,,,,,,,,,,,,,,,,,,
473,1,42,BB_111,BB_111,6,0,1,1,0,1,1,#DIV/0!,#DIV/0!,12/04/2021,#REF!,,,,,,,,,,,,,,,1,1,,1,,,,,,,,,,,,,,,,,,,,,,,,,,,,,,,,,,,,,,,,,,
477,1,42,BB_138,BB_138,1,2,0,0,0,2,2,0.00,0.00,12/04/2021,#REF!,,,,,,,,,,,,2,,,,,2,,,,,,,,,,,,,,,,,,,,,,,,,,,,,,,,,,,,,,,,,,,
481,1,43,BB_35,BB_035,2,0,0,0,0,0,2,#DIV/0!,#DIV/0!,12/04/2021,#REF!,,,,,,,,,,,,,,,,,,,,2,,,,,,,,,,,,,,,,,,,,,,,,,,,,,,,,,,,,,,,,
485,1,43,BB_54,BB_054,6,2,0,0,5,2,1,0.00,0.00,12/04/2021,#REF!,,,,,,,,,,,,,,,,,,,,1,,,,,,,,,2,,,,,,,,,,,,,,,,,,,,,,,,,,,,,,,
489,1,43,BB_87,BB_087,7,1,0,0,0,1,0,0.00,0.00,12/04/2021,#REF!,,,,,,,,,,,,,,,,,,,,,,,,,1,,,,,,,,,,,,,,,,,,,,,,,,,,,,,,,,,,,
501,1,44,BB_40,BB_040,4,0,0,0,0,0,0,#DIV/0!,#DIV/0!,12/04/2021,#REF!,,,,,,,,,,,,,,,,,,,,,,,,,,,,,,,,,,,,,,,,,,,,,,,,,,,,,,,,,,,,
493,1,44,BB_152,BB_152,2,2,0,0,0,2,0,0.00,0.00,12/04/2021,#REF!,,,,,,,,,,,,,,,,,1,,,,1,,,,,,,,,,,,,,,,,,,,,,,,,,,,,,,,,,,,,,,
497,1,44,BB_208,BB_208,3,0,0,0,2,0,0,#DIV/0!,#DIV/0!,12/04/2021,#REF!,,,,,,,,,,,,,,,,,,,,,,,,,,,,,,,,,,,,,,,,,,,,,,,,,,,,,,,,,,,,
505,1,45,BB_43,BB_043,NA,0,0,0,0,0,0,#DIV/0!,#DIV/0!,12/04/2021,#REF!,,,,,,,,,,,,,,,,,,,,,,,,,,,,,,,,,,,,,,,,,,,,,,,,,,,,,,,,,,,,
509,1,45,BB_74,BB_074,4,0,0,0,6,0,0,#DIV/0!,#DIV/0!,12/04/2021,#REF!,,,,,,,,,,,,,,,,,,,,,,,,,,,,,,,,,,,,,,,,,,,,,,,,,,,,,,,,,,,,
513,1,45,BB_192,BB_192,8,0,0,0,0,0,0,#DIV/0!,#DIV/0!,12/04/2021,#REF!,,,,,,,,,,,,,,,,,,,,,,,,,,,,,,,,,,,,,,,,,,,,,,,,,,,,,,,,,,,,
521,1,46,BB_24,BB_024,4,1,0,0,0,1,0,0.00,0.00,12/04/2021,#REF!,,,,,,,,,,,,,1,,,,,,,,,,,,,,,,,,,,,,,,,,,,,,,,,,,,,,,,,,,,,,,
521,1,46,BB_24,BB_024,8,2,1,0,0,3,0,0.50,1.50,12/04/2021,#REF!,,,,,,,,,1,,,,,,,,1,1,,,,,,,,,,,,,,,,,,,,,,,,,,,,,,,,,,,,,,,,,,
525,1,46,BB_127,BB_127,NA,0,0,0,0,0,0,#DIV/0!,#DIV/0!,12/04/2021,#REF!,,,,,,,,,,,,,,,,,,,,,,,,,,,,,,,,,,,,,,,,,,,,,,,,,,,,,,,,,,,,
517,1,46,BB_153,BB_153,1,3,1,0,4,4,0,0.33,1.33,12/04/2021,#REF!,,,,,,,,,,,,,,,,,,,,,3,,,,,,,,,1,,,,,,,,,,,,,,,,,,,,,,,,,,,,,,
529,1,47,BB_30,BB_030,2,0,0,0,2,0,0,#DIV/0!,#DIV/0!,12/04/2021,#REF!,,,,,,,,,,,,,,,,,,,,,,,,,,,,,,,,,,,,,,,,,,,,,,,,,,,,,,,,,,,,
537,1,47,BB_31,BB_031,1,0,0,0,0,0,0,#DIV/0!,#DIV/0!,12/04/2021,#REF!,,,,,,,,,,,,,,,,,,,,,,,,,,,,,,,,,,,,,,,,,,,,,,,,,,,,,,,,,,,,
533,1,47,BB_49,BB_049,5,0,0,0,17,0,0,#DIV/0!,#DIV/0!,12/04/2021,#REF!,,,,,,,,,,,,,,,,,,,,,,,,,,,,,,,,,,,,,,,,,,,,,,,,,,,,,,,,,,,,
541,1,48,BB_148,BB_148,NA,0,0,0,0,0,0,#DIV/0!,#DIV/0!,12/04/2021,#REF!,,,,,,,,,,,,,,,,,,,,,,,,,,,,,,,,,,,,,,,,,,,,,,,,,,,,,,,,,,,,
545,1,48,BB_157,BB_157,7,0,0,0,0,0,0,#DIV/0!,#DIV/0!,12/04/2021,#REF!,,,,,,,,,,,,,,,,,,,,,,,,,,,,,,,,,,,,,,,,,,,,,,,,,,,,,,,,,,,,
549,1,48,BB_205 B,BB_205 B,NA,0,0,0,0,0,0,#DIV/0!,#DIV/0!,12/04/2021,#REF!,,,,,,,,,,,,,,,,,,,,,,,,,,,,,,,,,,,,,,,,,,,,,,,,,,,,,,,,,,,,
557,1,49,BB_88,BB_088,7,4,0,0,0,4,0,0.00,0.00,12/04/2021,#REF!,,,,,,,,,,,,,,,,,,,,,4,,,,,,,,,,,,,,,,,,,,,,,,,,,,,,,,,,,,,,,
561,1,49,BB_119,BB_119,8,0,0,0,0,0,0,#DIV/0!,#DIV/0!,12/04/2021,#REF!,,,,,,,,,,,,,,,,,,,,,,,,,,,,,,,,,,,,,,,,,,,,,,,,,,,,,,,,,,,,
553,1,49,BB_181,BB_181,NA,0,0,0,0,0,0,#DIV/0!,#DIV/0!,12/04/2021,#REF!,,,,,,,,,,,,,,,,,,,,,,,,,,,,,,,,,,,,,,,,,,,,,,,,,,,,,,,,,,,,
565,W1,50,BB_49,BB_049,3,0,0,0,0,0,0,#DIV/0!,#DIV/0!,12/04/2021,#REF!,,,,,,,,,,,,,,,,,,,,,,,,,,,,,,,,,,,,,,,,,,,,,,,,,,,,,,,,,,,,
569,W1,50,BB_143,BB_143,4,3,2,0,0,5,0,0.67,3.33,12/04/2021,#REF!,,,,,,1,,,,,,,,,,,1,,,,2,1,,,,,,,,,,,,,,,,,,,,,,,,,,,,,,,,,,,,,,
573,W1,50,BB_161,BB_161,4,0,0,0,0,0,0,#DIV/0!,#DIV/0!,12/04/2021,#REF!,,,,,,,,,,,,,,,,,,,,,,,,,,,,,,,,,,,,,,,,,,,,,,,,,,,,,,,,,,,,
577,1,51,BB_80,BB_080,3,0,0,0,14,0,0,#DIV/0!,#DIV/0!,12/04/2021,#REF!,,,,,,,,,,,,,,,,,,,,,,,,,,,,,,,,,,,,,,,,,,,,,,,,,,,,,,,,,,,,
581,1,51,BB_140,BB_140,5,0,0,0,20,0,0,#DIV/0!,#DIV/0!,12/04/2021,#REF!,,,,,,,,,,,,,,,,,,,,,,,,,,,,,,,,,,,,,,,,,,,,,,,,,,,,,,,,,,,,
585,1,51,BB_158,BB_158,8,0,0,0,0,0,0,#DIV/0!,#DIV/0!,12/04/2021,#REF!,,,,,,,,,,,,,,,,,,,,,,,,,,,,,,,,,,,,,,,,,,,,,,,,,,,,,,,,,,,,
589,1,52,BB_16,BB_016,1,0,0,0,0,0,0,#DIV/0!,#DIV/0!,12/04/2021,#REF!,,,,,,,,,,,,,,,,,,,,,,,,,,,,,,,,,,,,,,,,,,,,,,,,,,,,,,,,,,,,
597,1,52,BB_51,BB_051,6,0,1,0,0,1,0,#DIV/0!,#DIV/0!,12/04/2021,#REF!,,,,,,,,,,,,,,,,,,1,,,,,,,,,,,,,,,,,,,,,,,,,,,,,,,,,,,,,,,,,,
593,1,52,BB_216,BB_216,6,0,0,0,0,0,1,#DIV/0!,#DIV/0!,12/04/2021,#REF!,,,,,,,,,,,,,,,,,,,,1,,,,,,,,,,,,,,,,,,,,,,,,,,,,,,,,,,,,,,,,
605,1,53,BB_56,BB_056,4,0,0,0,0,0,0,#DIV/0!,#DIV/0!,12/04/2021,#REF!,,,,,,,,,,,,,,,,,,,,,,,,,,,,,,,,,,,,,,,,,,,,,,,,,,,,,,,,,,,,
601,1,53,BB_78,BB_078,7,3,0,0,0,3,4,0.00,0.00,12/04/2021,#REF!,,,,,,,,,,,,,,,,,,,,,,,,,1,,,2,2,,,2,,,,,,,,,,,,,,,,,,,,,,,,,,,,
609,1,53,BB_118,BB_118,3,0,0,0,0,0,1,#DIV/0!,#DIV/0!,12/04/2021,#REF!,,,,,,,,,,,,,,,,,,,,1,,,,,,,,,,,,,,,,,,,,,,,,,,,,,,,,,,,,,,,,
617,1,54,BB_42,BB_042,7,0,0,0,0,0,1,#DIV/0!,#DIV/0!,12/04/2021,#REF!,,,,,,,,,,,,,,,,,,,,1,,,,,,,,,,,,,,,,,,,,,,,,,,,,,,,,,,,,,,,,
613,1,54,BB_120,BB_120,8,3,0,0,0,3,6,0.00,0.00,12/04/2021,#REF!,,,,,,,,,,,,,,,,,,,,3,2,,,1,1,,,2,,,,,,,,,,,,,,,,,,,,,,,,,,,,,,,,
621,1,55,BB_86,BB_086,1,0,0,0,0,0,0,#DIV/0!,#DIV/0!,12/04/2021,#REF!,,,,,,,,,,,,,,,,,,,,,,,,,,,,,,,,,,,,,,,,,,,,,,,,,,,,,,,,,,,,
625,2,56,BB_16,BB_016,4,0,0,0,2,0,0,#DIV/0!,#DIV/0!,,#REF!,,,,,,,,,,,,,,,,,,,,,,,,,,,,,,,,,,,,,,,,,,,,,,,,,,,,,,,,,,,,
629,2,56,BB_118,BB_118,NA,0,0,0,0,0,0,#DIV/0!,#DIV/0!,,#REF!,,,,,,,,,,,,,,,,,,,,,,,,,,,,,,,,,,,,,,,,,,,,,,,,,,,,,,,,,,,,
633,2,56,BB_148,BB_148,NA,0,0,0,0,0,0,#DIV/0!,#DIV/0!,,#REF!,,,,,,,,,,,,,,,,,,,,,,,,,,,,,,,,,,,,,,,,,,,,,,,,,,,,,,,,,,,,
645,2,57,BB_92,BB_092,7,0,2,0,0,2,0,#DIV/0!,#DIV/0!,,#REF!,,,,,,,,,,,,,,,,,,1,,,,1,,,,,,,,,,,,,,,,,,,,,,,,,,,,,,,,,,,,,,
637,2,57,BB_111,BB_111,1,0,0,0,0,0,0,#DIV/0!,#DIV/0!,,#REF!,,,,,,,,,,,,,,,,,,,,,,,,,,,,,,,,,,,,,,,,,,,,,,,,,,,,,,,,,,,,
641,2,57,BB_120,BB_120,3,1,0,0,0,1,8,0.00,0.00,,#REF!,,,,,,,,,,,,,,,,2,,,,3,,,,1,1,,,2,,,,,,,,,,,,,,,,,,,,,,,,,,,,,,,,
657,2,58,BB_50,BB_050,6,0,0,0,0,0,0,#DIV/0!,#DIV/0!,,#REF!,,,,,,,,,,,,,,,,,,,,,,,,,,,,,,,,,,,,,,,,,,,,,,,,,,,,,,,,,,,,
649,2,58,BB_127,BB_127,5,0,0,0,0,0,0,#DIV/0!,#DIV/0!,,#REF!,,,,,,,,,,,,,,,,,,,,,,,,,,,,,,,,,,,,,,,,,,,,,,,,,,,,,,,,,,,,
653,2,58,BB_153,BB_153,3,1,0,0,0,1,3,0.00,0.00,,#REF!,,,,,,,,,,,,,,,,1,1,,,2,,,,,,,,,,,,,,,,,,,,,,,,,,,,,,,,,,,,,,,,
669,2,59,BB_56,BB_056,1,0,0,0,0,0,0,#DIV/0!,#DIV/0!,,#REF!,,,,,,,,,,,,,,,,,,,,,,,,,,,,,,,,,,,,,,,,,,,,,,,,,,,,,,,,,,,,
661,2,59,BB_133,BB_133,8,2,0,0,0,2,0,0.00,0.00,,#REF!,,,,,,,,,,,,,,,,,,,,,,,,,2,,,,,,,,,,,,,,,,,,,,,,,,,,,,,,,,,,,
665,2,59,BB_143,BB_143,5,2,0,0,0,2,0,0.00,0.00,,#REF!,,,,,,,,,1,,,,,,,,1,,,,,,,,,,,,,,,,,,,,,,,,,,,,,,,,,,,,,,,,,,,
673,W1,60,BB_51,BB_051,7,0,2,0,0,2,0,#DIV/0!,#DIV/0!,,#REF!,,,,,,,,,,,,,,,,,,2,,,,,,,,,,,,,,,,,,,,,,,,,,,,,,,,,,,,,,,,,,
677,W1,60,BB_85,BB_085,8,0,0,0,0,0,0,#DIV/0!,#DIV/0!,,#REF!,,,,,,,,,,,,,,,,,,,,,,,,,,,,,,,,,,,,,,,,,,,,,,,,,,,,,,,,,,,,
681,W1,60,BB_152,BB_152,7,2,0,0,0,2,0,0.00,0.00,,#REF!,,,,,,,,,1,,,,,,,,1,,,,,,,,,,,,,,,,,,,,,,,,,,,,,,,,,,,,,,,,,,,
681,W1,60,BB_152,BB_152,8,2,0,0,0,2,0,0.00,0.00,,#REF!,,,,,,,,,1,,,,,,,,1,,,,,,,,,,,,,,,,,,,,,,,,,,,,,,,,,,,,,,,,,,,
685,2,61,BB_27,BB_027,NA,0,0,0,0,0,0,#DIV/0!,#DIV/0!,,#REF!,,,,,,,,,,,,,,,,,,,,,,,,,,,,,,,,,,,,,,,,,,,,,,,,,,,,,,,,,,,,
689,2,61,BB_78,BB_078,8,0,0,0,3,0,0,#DIV/0!,#DIV/0!,,#REF!,,,,,,,,,,,,,,,,,,,,,,,,,,,,,,,,,,,,,,,,,,,,,,,,,,,,,,,,,,,,
693,2,61,BB_147,BB_147,6,0,0,0,7,0,1,#DIV/0!,#DIV/0!,,#REF!,,,,,,,,,,,,,,,,1,,,,,,,,,,,,,,,,,,,,,,,,,,,,,,,,,,,,,,,,,,,,
701,2,62,BB_61,BB_061,1,1,0,0,0,1,0,0.00,0.00,,#REF!,,,,,,,,,,,,,1,,,,,,,,,,,,,,,,,,,,,,,,,,,,,,,,,,,,,,,,,,,,,,,
705,2,62,BB_211,BB_211,NA,0,0,0,0,0,0,#DIV/0!,#DIV/0!,,#REF!,,,,,,,,,,,,,,,,,,,,,,,,,,,,,,,,,,,,,,,,,,,,,,,,,,,,,,,,,,,,
697,2,62,BB_214,BB_214,8,1,0,0,0,1,3,0.00,0.00,,#REF!,,,,,,,,,,,,,,,,1,,,,2,1,,,,,,,,,,,,,,,,,,,,,,,,,,,,,,,,,,,,,,,
713,2,63,BB_83,BB_083,6,0,0,0,2,0,0,#DIV/0!,#DIV/0!,,#REF!,,,,,,,,,,,,,,,,,,,,,,,,,,,,,,,,,,,,,,,,,,,,,,,,,,,,,,,,,,,,
709,2,63,BB_114,BB_114,6,0,0,0,0,0,0,#DIV/0!,#DIV/0!,,#REF!,,,,,,,,,,,,,,,,,,,,,,,,,,,,,,,,,,,,,,,,,,,,,,,,,,,,,,,,,,,,
717,2,63,BB_171,BB_171,1,0,0,1,3,0,0,#DIV/0!,#DIV/0!,,#REF!,,,,,,,,,,,1,,,,,,,,,,,,,,,,,,,,,,,,,,,,,,,,,,,,,,,,,,,,,,,,,
729,2,64,BB_20,BB_020,NA,0,0,0,0,0,0,#DIV/0!,#DIV/0!,,#REF!,,,,,,,,,,,,,,,,,,,,,,,,,,,,,,,,,,,,,,,,,,,,,,,,,,,,,,,,,,,,
725,2,64,BB_51,BB_051,3,2,0,0,0,2,0,0.00,0.00,,#REF!,1,,,,,,,,2,,,,,,,,,,,,,,,,,,,,,,,,,,,,,,,,,,,,,,,,,,,,,,,,,,,
725,2,64,BB_51,BB_051,7,0,1,0,0,1,0,#DIV/0!,#DIV/0!,,#REF!,,,,,,1,,,,,,,,,,,,,,,,,,,,,,,,,,,,,,,,,,,,,,,,,,,,,,,,,,,,,,
725,2,64,BB_51,BB_051,8,2,0,0,0,2,0,0.00,0.00,,#REF!,,,,,,,,,2,,,,,,,,,,,,,,,,,,,,,,,,,,,,,,,,,,,,,,,,,,,,,,,,,,,
721,2,64,BB_69,BB_069,NA,0,0,0,0,0,0,#DIV/0!,#DIV/0!,,#REF!,,,,,,,,,,,,,,,,,,,,,,,,,,,,,,,,,,,,,,,,,,,,,,,,,,,,,,,,,,,,
737,2,65,BB_52,BB_052,4,0,0,0,0,0,0,#DIV/0!,#DIV/0!,,#REF!,,,,,,,,,,,,,,,,,,,,,,,,,,,,,,,,,,,,,,,,,,,,,,,,,,,,,,,,,,,,
733,2,65,BB_135,BB_135,NA,0,0,0,4,0,0,#DIV/0!,#DIV/0!,,#REF!,,,,,,,,,,,,,,,,,,,,,,,,,,,,,,,,,,,,,,,,,,,,,,,,,,,,,,,,,,,,
741,2,65,BB_150,BB_150,8,1,0,0,0,1,1,0.00,0.00,,#REF!,,,,,,,,,,,,,,,,,1,,,1,,,,,,,,,,,,,,,,,,,,,,,,,,,,,,,,,,,,,,,,
753,2,66,BB_37,BB_037,NA,0,0,0,0,0,0,#DIV/0!,#DIV/0!,,#REF!,,,,,,,,,,,,,,,,,,,,,,,,,,,,,,,,,,,,,,,,,,,,,,,,,,,,,,,,,,,,
749,2,66,BB_43,BB_043,NA,0,0,0,0,0,0,#DIV/0!,#DIV/0!,,#REF!,,,,,,,,,,,,,,,,,,,,,,,,,,,,,,,,,,,,,,,,,,,,,,,,,,,,,,,,,,,,
745,2,66,BB_84,BB_084,NA,0,0,0,2,0,0,#DIV/0!,#DIV/0!,,#REF!,,,,,,,,,,,,,,,,,,,,,,,,,,,,,,,,,,,,,,,,,,,,,,,,,,,,,,,,,,,,
761,2,67,BB_134,BB_134,NA,0,0,0,0,0,0,#DIV/0!,#DIV/0!,,#REF!,,,,,,,,,,,,,,,,,,,,,,,,,,,,,,,,,,,,,,,,,,,,,,,,,,,,,,,,,,,,
757,2,67,BB_164,BB_164,2,1,0,0,0,1,0,0.00,0.00,,#REF!,,,,,,,,,,,,,,,,,1,,,,,,,,,,,,,,,,,,,,,,,,,,,,,,,,,,,,,,,,,,,
765,2,67,BB_204,BB_204,NA,0,0,0,0,0,0,#DIV/0!,#DIV/0!,,#REF!,,,,,,,,,,,,,,,,,,,,,,,,,,,,,,,,,,,,,,,,,,,,,,,,,,,,,,,,,,,,
773,2,68,BB_121,BB_121,NA,0,0,0,0,0,0,#DIV/0!,#DIV/0!,,#REF!,,,,,,,,,,,,,,,,,,,,,,,,,,,,,,,,,,,,,,,,,,,,,,,,,,,,,,,,,,,,
769,2,68,BB_218,BB_218,7,0,0,0,0,0,0,#DIV/0!,#DIV/0!,,#REF!,,,,,,,,,,,,,,,,,,,,,,,,,,,,,,,,,,,,,,,,,,,,,,,,,,,,,,,,,,,,
777,2,69,BB_81,BB_081,1,0,0,1,0,0,0,#DIV/0!,#DIV/0!,,#REF!,,,,,,,,,,,1,,,,,,,,,,,,,,,,,,,,,,,,,,,,,,,,,,,,,,,,,,,,,,,,,
781,2,69,BB_163,BB_163,NA,0,0,0,0,0,0,#DIV/0!,#DIV/0!,,#REF!,,,,,,,,,,,,,,,,,,,,,,,,,,,,,,,,,,,,,,,,,,,,,,,,,,,,,,,,,,,,
785,2,69,BB_199,BB_199,8,2,0,0,0,2,0,0.00,0.00,,#REF!,,,,,,,,,,,,,,,,,,,,,,,,,2,,,,,,,,,,,,,,,,,,,,,,,,,,,,,,,,,,,
789,W1,70,BB_20,BB_020,4,1,0,0,0,1,0,0.00,0.00,,#REF!,,,,,,,,,,,,,,,,,1,,,,,,,,,,,,,,,,,,,,,,,,,,,,,,,,,,,,,,,,,,,
793,W1,70,BB_61,BB_061,6,0,0,0,0,0,0,#DIV/0!,#DIV/0!,,#REF!,,,,,,,,,,,,,,,,,,,,,,,,,,,,,,,,,,,,,,,,,,,,,,,,,,,,,,,,,,,,
797,W1,70,BB_105,BB_105,4,0,0,0,0,0,0,#DIV/0!,#DIV/0!,,#REF!,,,,,,,,,,,,,,,,,,,,,,,,,,,,,,,,,,,,,,,,,,,,,,,,,,,,,,,,,,,,
809,2,71,BB_8,BB_008,8,0,0,1,0,0,0,#DIV/0!,#DIV/0!,,#REF!,,,,,,,,,,,,,,,,,,,,,,,1,,,,,,,,,,,,,,,,,,,,,,,,,,,,,,,,,,,,,
801,2,71,BB_146,BB_146,2,1,0,0,0,1,0,0.00,0.00,,#REF!,,,,,,,,,,,,,,,,,,,,,,,,,1,,,,,,,,,,,,,,,,,,,,,,,,,,,,,,,,,,,
805,2,71,BB_210,BB_210,1,1,0,0,0,1,0,0.00,0.00,,#REF!,,,,,,,,,,,,,,,,,1,,,,,,,,,,,,,,,,,,,,,,,,,,,,,,,,,,,,,,,,,,,
817,2,72,BB_68,BB_068,1,0,0,0,0,0,0,#DIV/0!,#DIV/0!,,#REF!,,,,,,,,,,,,,,,,,,,,,,,,,,,,,,,,,,,,,,,,,,,,,,,,,,,,,,,,,,,,
813,2,72,BB_119,BB_119,6,1,0,0,1,1,0,0.00,0.00,,#REF!,,,,,,,,,1,,,,,,,,,,,,,,,,,,,,,,,,,,,,,,,,,,,,,,,,,,,,,,,,,,,
821,2,72,BB_195,BB_195,7,0,0,0,3,0,0,#DIV/0!,#DIV/0!,,#REF!,,,,,,,,,,,,,,,,,,,,,,,,,,,,,,,,,,,,,,,,,,,,,,,,,,,,,,,,,,,,
829,2,73,BB_24,BB_024,2,0,0,0,0,0,0,#DIV/0!,#DIV/0!,,#REF!,,,,,,,,,,,,,,,,,,,,,,,,,,,,,,,,,,,,,,,,,,,,,,,,,,,,,,,,,,,,
825,2,73,BB_45,BB_045,2,0,0,0,0,0,0,#DIV/0!,#DIV/0!,,#REF!,,,,,,,,,,,,,,,,,,,,,,,,,,,,,,,,,,,,,,,,,,,,,,,,,,,,,,,,,,,,
833,2,73,BB_216,BB_216,4,0,0,0,0,0,0,#DIV/0!,#DIV/0!,,#REF!,,,,,,,,,,,,,,,,,,,,,,,,,,,,,,,,,,,,,,,,,,,,,,,,,,,,,,,,,,,,
841,2,74,BB_40,BB_040,NA,0,0,0,0,0,0,#DIV/0!,#DIV/0!,,#REF!,,,,,,,,,,,,,,,,,,,,,,,,,,,,,,,,,,,,,,,,,,,,,,,,,,,,,,,,,,,,
837,2,74,BB_64,BB_064,1,0,0,0,0,0,0,#DIV/0!,#DIV/0!,,#REF!,,,,,,,,,,,,,,,,,,,,,,,,,,,,,,,,,,,,,,,,,,,,,,,,,,,,,,,,,,,,
845,2,74,BB_157,BB_157,5,0,1,0,0,1,0,#DIV/0!,#DIV/0!,,#REF!,,,,,,,,,,,,,,,,,,,,,,,,,,1,,,,,,,,,,,,,,,,,,,,,,,,,,,,,,,,,,
853,2,75,BB_31,BB_031,3,0,1,0,0,1,0,#DIV/0!,#DIV/0!,,#REF!,,,,,,,,,,,,,,1,,,,,,,,,,,,,,,,,,,,,,,,,,,,,,,,,,,,,,,,,,,,,,
849,2,75,BB_58,BB_058,NA,0,0,0,0,0,0,#DIV/0!,#DIV/0!,,#REF!,,,,,,,,,,,,,,,,,,,,,,,,,,,,,,,,,,,,,,,,,,,,,,,,,,,,,,,,,,,,
857,2,75,BB_95,BB_095,6,0,0,0,0,0,0,#DIV/0!,#DIV/0!,,#REF!,,,,,,,,,,,,,,,,,,,,,,,,,,,,,,,,,,,,,,,,,,,,,,,,,,,,,,,,,,,,
869,2,76,BB_53,BB_053,7,1,0,0,0,1,0,0.00,0.00,,#REF!,,,,,,,,,,,,,1,,,,,,,,,,,,,,,,,,,,,,,,,,,,,,,,,,,,,,,,,,,,,,,
861,2,76,BB_85,BB_085,NA,0,0,0,0,0,0,#DIV/0!,#DIV/0!,,#REF!,,,,,,,,,,,,,,,,,,,,,,,,,,,,,,,,,,,,,,,,,,,,,,,,,,,,,,,,,,,,
865,2,76,BB_161,BB_161,3,0,0,0,0,0,0,#DIV/0!,#DIV/0!,,#REF!,,,,,,,,,,,,,,,,,,,,,,,,,,,,,,,,,,,,,,,,,,,,,,,,,,,,,,,,,,,,
877,2,77,BB_32,BB_032,8,1,0,0,4,1,0,0.00,0.00,,#REF!,,,,,,,,,,,,,,,,,1,,,,,,,,,,,,,,,,,,,,,,,,,,,,,,,,,,,,,,,,,,,
873,2,77,BB_104,BB_104,8,0,1,0,0,1,0,#DIV/0!,#DIV/0!,,#REF!,,,,,,1,,,,,,,,,,,,,,,,,,,,,,,,,,,,,,,,,,,,,,,,,,,,,,,,,,,,,,
881,2,77,BB_151,BB_151,6,1,0,0,0,1,0,0.00,0.00,,#REF!,,,,,1,,,,,,,,,,,,,,,,,,,,,,,,,,,,,,,,,,,,,,,,,,,,,,,,,,,,,,,
889,2,78,BB_9,BB_009,3,0,0,0,0,0,2,#DIV/0!,#DIV/0!,,#REF!,,,,,,,,,,,,,,,,,,,,,,,,2,,,,,,,,,,,,,,,,,,,,,,,,,,,,,,,,,,,,
893,2,78,BB_18,BB_018,NA,0,0,0,0,0,0,#DIV/0!,#DIV/0!,,#REF!,,,,,,,,,,,,,,,,,,,,,,,,,,,,,,,,,,,,,,,,,,,,,,,,,,,,,,,,,,,,
885,2,78,BB_209,BB_209,6,0,0,0,6,0,0,#DIV/0!,#DIV/0!,,#REF!,,,,,,,,,,,,,,,,,,,,,,,,,,,,,,,,,,,,,,,,,,,,,,,,,,,,,,,,,,,,
901,2,79,BB_72,BB_072,6,0,0,0,0,0,0,#DIV/0!,#DIV/0!,,#REF!,,,,,,,,,,,,,,,,,,,,,,,,,,,,,,,,,,,,,,,,,,,,,,,,,,,,,,,,,,,,
897,2,79,BB_76,BB_076,8,3,0,0,0,3,0,0.00,0.00,,#REF!,,,,,,,,,,,,,,,,,,,,,,,,,3,,,,,,,,,,,,,,,,,,,,,,,,,,,,,,,,,,,
905,2,79,BB_105,BB_105,1,0,0,0,0,0,1,#DIV/0!,#DIV/0!,,#REF!,,,,,,,,,,,,,,,,1,,,,,,,,,,,,,,,,,,,,,,,,,,,,,,,,,,,,,,,,,,,,
913,2,80,BB_19,BB_019,8,4,0,0,0,4,5,0.00,0.00,,#REF!,,,,,,,,,,,,,,,,,1,,,4,2,,,,1,,,1,,,,,,,,,,,,,,,,,,,,,,,,,,,,,,,,
917,2,80,BB_145,BB_145,3,0,0,0,5,0,4,#DIV/0!,#DIV/0!,,#REF!,,,,,,,,,,,,,,,,1,,,,2,,,,,,,,1,,,,,,,,,,,,,,,,,,,,,,,,,,,,,,,,
909,2,80,BB_207,BB_207,3,1,0,0,0,1,1,0.00,0.00,,#REF!,,,,,,,,,,,,,,,,,,,,,1,,,,,,,1,,,,,,,,,,,,,,,,,,,,,,,,,,,,,,,,
921,W1,80.5,BB_59,BB_059,2,2,0,0,29,2,0,0.00,0.00,,#REF!,,,,,,,,,,,,,,,,,2,,,,,,,,,,,,,,,,,,,,,,,,,,,,,,,,,,,,,,,,,,,
929,W1,80.5,BB_102,BB_102,6,1,0,0,0,1,0,0.00,0.00,,#REF!,,,,,,,,,,,,,,,,,,,,,,,,,1,,,,,,,,,,,,,,,,,,,,,,,,,,,,,,,,,,,
929,W1,80.5,BB_102,BB_102,8,4,0,0,5,4,0,0.00,0.00,,#REF!,,,,,,,,,1,,,,,,,,,,,,1,,,,2,,,,,,,,,,,,,,,,,,,,,,,,,,,,,,,,,,,
925,W1,80.5,BB_137,BB_137,5,1,1,0,3,2,0,1.00,2.00,,#REF!,,,,,,,,,,,,,,,,,,1,,,1,,,,,,,,,,,,,,,,,,,,,,,,,,,,,,,,,,,,,,,
937,2,81,BB_3,BB_003,NA,0,0,0,8,0,0,#DIV/0!,#DIV/0!,,#REF!,,,,,,,,,,,,,,,,,,,,,,,,,,,,,,,,,,,,,,,,,,,,,,,,,,,,,,,,,,,,
933,2,81,BB_113,BB_113,4,0,0,0,15,0,0,#DIV/0!,#DIV/0!,,#REF!,,,,,,,,,,,,,,,,,,,,,,,,,,,,,,,,,,,,,,,,,,,,,,,,,,,,,,,,,,,,
941,2,81,BB_159,BB_159,5,0,0,0,3,0,0,#DIV/0!,#DIV/0!,,#REF!,,,,,,,,,,,,,,,,,,,,,,,,,,,,,,,,,,,,,,,,,,,,,,,,,,,,,,,,,,,,
949,2,82,BB_25,BB_025,4,0,0,0,0,0,11,#DIV/0!,#DIV/0!,,#REF!,,,,,,,,,,,,,,,,11,,,,,,,,,,,,,,,,,,,,,,,,,,,,,,,,,,,,,,,,,,,,
957,2,82,BB_42,BB_042,NA,0,0,0,0,0,0,#DIV/0!,#DIV/0!,,#REF!,,,,,,,,,,,,,,,,,,,,,,,,,,,,,,,,,,,,,,,,,,,,,,,,,,,,,,,,,,,,
945,2,82,BB_131,BB_131,8,0,0,0,0,0,0,#DIV/0!,#DIV/0!,,#REF!,,,,,,,,,,,,,,,,,,,,,,,,,,,,,,,,,,,,,,,,,,,,,,,,,,,,,,,,,,,,
953,2,82,BB_166,BB_166,NA,0,0,0,0,0,0,#DIV/0!,#DIV/0!,,#REF!,,,,,,,,,,,,,,,,,,,,,,,,,,,,,,,,,,,,,,,,,,,,,,,,,,,,,,,,,,,,
969,2,83,BB_39,BB_039,5,0,0,0,0,0,1,#DIV/0!,#DIV/0!,,#REF!,,,,,,,,,,,,,,,,,,,,,,,,1,,,,,,,,,,,,,,,,,,,,,,,,,,,,,,,,,,,,
965,2,83,BB_93,BB_093,6,0,0,0,0,0,0,#DIV/0!,#DIV/0!,,#REF!,,,,,,,,,,,,,,,,,,,,,,,,,,,,,,,,,,,,,,,,,,,,,,,,,,,,,,,,,,,,
961,2,83,BB_102,BB_102,8,1,1,0,0,2,0,1.00,2.00,,#REF!,,,,,,,,,,,,,,,,,,,,,1,1,,,,,,,,,,,,,,,,,,,,,,,,,,,,,,,,,,,,,,
961,2,83,BB_102,BB_102,6,0,0,0,,0,0,,,,,,,,,,,,,,,,,,,,,,,,,,,,,,,,,,,,,,,,,,,,,,,,,,,,,,,,,,,,,,,,
973,2,83,BB_109,BB_109,3,0,0,0,0,0,1,#DIV/0!,#DIV/0!,,#REF!,,,,,,,,,,,,,,,,,,,,,,,,1,,,,,,,,,,,,,,,,,,,,,,,,,,,,,,,,,,,,
985,2,84,BB_152,BB_152,NA,0,0,0,0,0,0,#DIV/0!,#DIV/0!,,#REF!,,,,,,,,,,,,,,,,,,,,,,,,,,,,,,,,,,,,,,,,,,,,,,,,,,,,,,,,,,,,
977,2,84,BB_186,BB_186,8,0,0,0,4,0,3,#DIV/0!,#DIV/0!,,#REF!,,,,,,,,,,,,,,,,,,,,,,,,3,,,,,,,,,,,,,,,,,,,,,,,,,,,,,,,,,,,,
981,2,84,BB_187,BB_187,1,0,0,0,0,0,0,#DIV/0!,#DIV/0!,,#REF!,,,,,,,,,,,,,,,,,,,,,,,,,,,,,,,,,,,,,,,,,,,,,,,,,,,,,,,,,,,,
997,2,85,BB_2,BB_002,3,0,0,0,0,0,0,#DIV/0!,#DIV/0!,,#REF!,,,,,,,,,,,,,,,,,,,,,,,,,,,,,,,,,,,,,,,,,,,,,,,,,,,,,,,,,,,,
989,2,85,BB_29,BB_029,4,1,0,0,0,1,0,0.00,0.00,,#REF!,,,,,,,,,,,,,,,,,,,,,,,,,1,,,,,,,,,,,,,,,,,,,,,,,,,,,,,,,,,,,
1001,2,85,BB_79,BB_079,2,1,0,0,0,1,0,0.00,0.00,,#REF!,,,,,,,,,,,,,,,,,,,,,,,,,1,,,,,,,,,,,,,,,,,,,,,,,,,,,,,,,,,,,
1001,2,85,BB_79,BB_079,3,2,0,0,0,2,0,0.00,0.00,,#REF!,,,,,,,,,2,,,,,,,,,,,,,,,,,,,,,,,,,,,,,,,,,,,,,,,,,,,,,,,,,,,
993,2,85,BB_193,BB_193,6,1,0,0,1,1,0,0.00,0.00,,#REF!,,,,,,,,,,,,,1,,,,,,,,,,,,,,,,,,,,,,,,,,,,,,,,,,,,,,,,,,,,,,,
1017,2,86,BB_77,BB_077,4,0,1,0,7,1,0,#DIV/0!,#DIV/0!,,#REF!,,,,,,,,,,1,,,,,,,,,,,,,,,,,,,,,,,,,,,,,,,,,,,,,,,,,,,,,,,,,,
1013,2,86,BB_103,BB_103,1,2,0,0,2,2,1,0.00,0.00,,#REF!,,,,,,,,,,,,,,,,,2,,,1,,,,,,,,,,,,,,,,,,,,,,,,,,,,,,,,,,,,,,,,
1009,2,86,BB_179,BB_179,2,1,1,0,0,2,16,1.00,2.00,,#REF!,,,,6,,,,6,1,1,,1,,,,1,,,,2,,,,,,,,,,,,,,,,,,,,,,,,,,,,,,,,,,,,,,,,
1005,2,86,BB_189,BB_189,7,5,1,0,0,6,9,0.20,1.20,,#REF!,,,,1,2,,,1,3,1,,2,,,,3,,,,,,,,2,,,,,,,,,,,,,,,,,,,,,,,,,,,,,,,,,,,,
1029,2,87,BB_87,BB_087,5,0,0,0,8,0,6,#DIV/0!,#DIV/0!,,#REF!,,,,,,,,,,,,2,,,,,,,,4,,,,,,,,,,,,,,,,,,,,,,,,,,,,,,,,,,,,,,,,
1033,2,87,BB_126,BB_126,8,3,0,0,3,3,0,0.00,0.00,,#REF!,,,,,,,,,,,,,,,,,3,,,,,,,,,,,,,,,,,,,,,,,,,,,,,,,,,,,,,,,,,,,
1021,2,87,BB_137,BB_137,2,0,0,0,9,0,0,#DIV/0!,#DIV/0!,,#REF!,,,,,,,,,,,,,,,,,,,,,,,,,,,,,,,,,,,,,,,,,,,,,,,,,,,,,,,,,,,,
1025,2,87,BB_206,BB_206,2,1,1,0,0,2,2,1.00,2.00,,#REF!,,,,,,1,,,,,,2,1,,,,,,,,,,,,,,,,,,,,,,,,,,,,,,,,,,,,,,,,,,,,,,,
1037,2,88,BB_17,BB_017,2,1,0,0,4,1,0,0.00,0.00,,#REF!,,,,,1,,,,,,,,,,,,,,,,,,,,,,,,,,,,,,,,,,,,,,,,,,,,,,,,,,,,,,,
1045,2,88,BB_116,BB_116,1,0,0,0,0,0,0,#DIV/0!,#DIV/0!,,#REF!,,,,,,,,,,,,,,,,,,,,,,,,,,,,,,,,,,,,,,,,,,,,,,,,,,,,,,,,,,,,
1049,2,88,BB_140,BB_140,NA,0,0,0,0,0,0,#DIV/0!,#DIV/0!,,#REF!,,,,,,,,,,,,,,,,,,,,,,,,,,,,,,,,,,,,,,,,,,,,,,,,,,,,,,,,,,,,
1041,2,88,BB_149,BB_149,8,1,0,0,2,1,0,0.00,0.00,,#REF!,,,,,,,,,,,,,,,,,,,,,,,,,1,,,,,,,,,,,,,,,,,,,,,,,,,,,,,,,,,,,
1057,2,89,BB_139,BB_139,NA,0,0,0,0,0,0,#DIV/0!,#DIV/0!,,#REF!,,,,,,,,,,,,,,,,,,,,,,,,,,,,,,,,,,,,,,,,,,,,,,,,,,,,,,,,,,,,
1053,2,89,BB_154,BB_154,NA,0,0,0,0,0,0,#DIV/0!,#DIV/0!,,#REF!,,,,,,,,,,,,,,,,,,,,,,,,,,,,,,,,,,,,,,,,,,,,,,,,,,,,,,,,,,,,
1061,2,89,BB_185,BB_185,NA,0,0,0,0,0,0,#DIV/0!,#DIV/0!,,#REF!,,,,,,,,,,,,,,,,,,,,,,,,,,,,,,,,,,,,,,,,,,,,,,,,,,,,,,,,,,,,
1065,2,89,BB_208,BB_208,NA,0,0,0,0,0,0,#DIV/0!,#DIV/0!,,#REF!,,,,,,,,,,,,,,,,,,,,,,,,,,,,,,,,,,,,,,,,,,,,,,,,,,,,,,,,,,,,
1073,W1,90,BB_24,BB_024,7,0,0,0,0,0,0,#DIV/0!,#DIV/0!,,#REF!,,,,,,,,,,,,,,,,,,,,,,,,,,,,,,,,,,,,,,,,,,,,,,,,,,,,,,,,,,,,
1077,W1,90,BB_79,BB_079,8,0,0,0,0,0,0,#DIV/0!,#DIV/0!,,#REF!,,,,,,,,,,,,,,,,,,,,,,,,,,,,,,,,,,,,,,,,,,,,,,,,,,,,,,,,,,,,
      ,W1,90,BB_164,BB_164,7,0,2,0,0,2,0,#DIV/0!,#DIV/0!,,#REF!,,,,,,,,,,,,,,,,,,,,,,,,,,2,,,,,,,,,,,,,,,,,,,,,,,,,,,,,,,,,,
1093,2,91,BB_7,BB_007,2,0,0,0,0,0,0,#DIV/0!,#DIV/0!,,#REF!,,,,,,,,,,,,,,,,,,,,,,,,,,,,,,,,,,,,,,,,,,,,,,,,,,,,,,,,,,,,
1085,2,91,BB_49,BB_049,NA,0,0,0,0,0,0,#DIV/0!,#DIV/0!,,#REF!,,,,,,,,,,,,,,,,,,,,,,,,,,,,,,,,,,,,,,,,,,,,,,,,,,,,,,,,,,,,
1089,2,91,BB_70,BB_070,NA,0,0,0,0,0,0,#DIV/0!,#DIV/0!,,#REF!,,,,,,,,,,,,,,,,,,,,,,,,,,,,,,,,,,,,,,,,,,,,,,,,,,,,,,,,,,,,
1081,2,91,BB_158,BB_158,NA,0,0,0,0,0,0,#DIV/0!,#DIV/0!,,#REF!,,,,,,,,,,,,,,,,,,,,,,,,,,,,,,,,,,,,,,,,,,,,,,,,,,,,,,,,,,,,
1101,2,92,BB_10,BB_010,8,0,0,0,0,0,0,#DIV/0!,#DIV/0!,,#REF!,,,,,,,,,,,,,,,,,,,,,,,,,,,,,,,,,,,,,,,,,,,,,,,,,,,,,,,,,,,,
1109,2,92,BB_80,BB_080,8,0,0,0,0,0,0,#DIV/0!,#DIV/0!,,#REF!,,,,,,,,,,,,,,,,,,,,,,,,,,,,,,,,,,,,,,,,,,,,,,,,,,,,,,,,,,,,
1105,2,92,BB_117,BB_117,NA,0,0,0,0,0,0,#DIV/0!,#DIV/0!,,#REF!,,,,,,,,,,,,,,,,,,,,,,,,,,,,,,,,,,,,,,,,,,,,,,,,,,,,,,,,,,,,
1097,2,92,BB_160,BB_160,8,2,0,0,0,2,0,0.00,0.00,,#REF!,,,,,,,,,,,,,2,,,,,,,,,,,,,,,,,,,,,,,,,,,,,,,,,,,,,,,,,,,,,,,
1113,2,93,BB_4,BB_004,NA,0,0,0,0,0,0,#DIV/0!,#DIV/0!,,#REF!,,,,,,,,,,,,,,,,,,,,,,,,,,,,,,,,,,,,,,,,,,,,,,,,,,,,,,,,,,,,
1125,2,93,BB_132,BB_132,NA,0,0,0,0,0,0,#DIV/0!,#DIV/0!,,#REF!,,,,,,,,,,,,,,,,,,,,,,,,,,,,,,,,,,,,,,,,,,,,,,,,,,,,,,,,,,,,
1121,2,93,BB_138,BB_138,2,0,0,0,8,0,0,#DIV/0!,#DIV/0!,,#REF!,,,,,,,,,,,,,,,,,,,,,,,,,,,,,,,,,,,,,,,,,,,,,,,,,,,,,,,,,,,,
1117,2,93,BB_172,BB_172,NA,0,0,0,0,0,0,#DIV/0!,#DIV/0!,,#REF!,,,,,,,,,,,,,,,,,,,,,,,,,,,,,,,,,,,,,,,,,,,,,,,,,,,,,,,,,,,,
1133,2,94,BB_13,BB_013,4,0,0,0,0,0,0,#DIV/0!,#DIV/0!,,#REF!,,,,,,,,,,,,,,,,,,,,,,,,,,,,,,,,,,,,,,,,,,,,,,,,,,,,,,,,,,,,
1129,2,94,BB_94,BB_094,3,0,0,0,0,0,0,#DIV/0!,#DIV/0!,,#REF!,,,,,,,,,,,,,,,,,,,,,,,,,,,,,,,,,,,,,,,,,,,,,,,,,,,,,,,,,,,,
1137,2,94,BB_101,BB_101,NA,0,0,0,0,0,0,#DIV/0!,#DIV/0!,,#REF!,,,,,,,,,,,,,,,,,,,,,,,,,,,,,,,,,,,,,,,,,,,,,,,,,,,,,,,,,,,,
1149,2,95,BB_63,BB_063,7,0,0,0,0,0,0,#DIV/0!,#DIV/0!,,#REF!,,,,,,,,,,,,,,,,,,,,,,,,,,,,,,,,,,,,,,,,,,,,,,,,,,,,,,,,,,,,
1145,2,95,BB_88,BB_088,NA,0,0,0,0,0,0,#DIV/0!,#DIV/0!,,#REF!,,,,,,,,,,,,,,,,,,,,,,,,,,,,,,,,,,,,,,,,,,,,,,,,,,,,,,,,,,,,
1141,2,95,BB_201,BB_201,NA,0,0,0,0,0,0,#DIV/0!,#DIV/0!,,#REF!,,,,,,,,,,,,,,,,,,,,,,,,,,,,,,,,,,,,,,,,,,,,,,,,,,,,,,,,,,,,
1165,2,96,BB_44,BB_044,3,0,0,0,0,0,0,#DIV/0!,#DIV/0!,,#REF!,,,,,,,,,,,,,,,,,,,,,,,,,,,,,,,,,,,,,,,,,,,,,,,,,,,,,,,,,,,,
1161,2,96,BB_98,BB_098,NA,0,0,0,0,0,0,#DIV/0!,#DIV/0!,,#REF!,,,,,,,,,,,,,,,,,,,,,,,,,,,,,,,,,,,,,,,,,,,,,,,,,,,,,,,,,,,,
1157,2,96,BB_200,BB_200,1,0,0,0,0,0,0,#DIV/0!,#DIV/0!,,#REF!,,,,,,,,,,,,,,,,,,,,,,,,,,,,,,,,,,,,,,,,,,,,,,,,,,,,,,,,,,,,
1153,2,96,BB_205 B,BB_205 B,NA,0,0,0,0,0,0,#DIV/0!,#DIV/0!,,#REF!,,,,,,,,,,,,,,,,,,,,,,,,,,,,,,,,,,,,,,,,,,,,,,,,,,,,,,,,,,,,
1169,2,97,BB_60,BB_060,5,0,0,0,0,0,0,#DIV/0!,#DIV/0!,,#REF!,,,,,,,,,,,,,,,,,,,,,,,,,,,,,,,,,,,,,,,,,,,,,,,,,,,,,,,,,,,,
1177,2,97,BB_71,BB_071,1,0,0,0,0,0,0,#DIV/0!,#DIV/0!,,#REF!,,,,,,,,,,,,,,,,,,,,,,,,,,,,,,,,,,,,,,,,,,,,,,,,,,,,,,,,,,,,
1173,2,97,BB_190,BB_190,NA,0,0,0,0,0,0,#DIV/0!,#DIV/0!,,#REF!,,,,,,,,,,,,,,,,,,,,,,,,,,,,,,,,,,,,,,,,,,,,,,,,,,,,,,,,,,,,
1185,2,98,BB_86,BB_086,3,0,0,0,0,0,1,#DIV/0!,#DIV/0!,,#REF!,,,,,,,,,,,,,,,,,,,,1,,,,,,,,,,,,,,,,,,,,,,,,,,,,,,,,,,,,,,,,
1181,2,98,BB_110,BB_110,5,0,0,0,0,0,0,#DIV/0!,#DIV/0!,,#REF!,,,,,,,,,,,,,,,,,,,,,,,,,,,,,,,,,,,,,,,,,,,,,,,,,,,,,,,,,,,,
1197,2,99,BB_35,BB_035,5,0,0,0,0,0,0,#DIV/0!,#DIV/0!,,#REF!,,,,,,,,,,,,,,,,,,,,,,,,,,,,,,,,,,,,,,,,,,,,,,,,,,,,,,,,,,,,
1193,2,99,BB_59,BB_059,2,1,2,0,0,3,0,2.00,6.00,,#REF!,,,,,,,,,,,,,,,,,,,,,1,2,,,,,,,,,,,,,,,,,,,,,,,,,,,,,,,,,,,,,,
1201,2,99,BB_192,BB_192,4,0,1,0,0,1,0,#DIV/0!,#DIV/0!,,#REF!,,,,,,,,,,,,,,,,,,1,,,,,,,,,,,,,,,,,,,,,,,,,,,,,,,,,,,,,,,,,,
1189,2,99,BB_205 A,BB_205 A,6,0,0,0,0,0,0,#DIV/0!,#DIV/0!,,#REF!,,,,,,,,,,,,,,,,,,,,,,,,,,,,,,,,,,,,,,,,,,,,,,,,,,,,,,,,,,,,
1205,W2,100,BB_32,BB_032,NA,0,0,0,1,0,0,#DIV/0!,#DIV/0!,,#REF!,,,,,,,,,,,,,,,,,,,,,,,,,,,,,,,,,,,,,,,,,,,,,,,,,,,,,,,,,,,,
1209,W2,100,BB_85,BB_085,1,1,0,0,0,1,0,0.00,0.00,,#REF!,,,,,1,,,,,,,,,,,,,,,,,,,,,,,,,,,,,,,,,,,,,,,,,,,,,,,,,,,,,,,
1213,W2,100,BB_161,BB_161,NA,0,0,0,0,0,0,#DIV/0!,#DIV/0!,,#REF!,,,,,,,,,,,,,,,,,,,,,,,,,,,,,,,,,,,,,,,,,,,,,,,,,,,,,,,,,,,,
1225,2,101,BB_21,BB_021,3,1,0,0,0,1,0,0.00,0.00,,#REF!,,,,,,,,,,,,,1,,,,,,,,,,,,,,,,,,,,,,,,,,,,,,,,,,,,,,,,,,,,,,,
1221,2,101,BB_74,BB_074,NA,0,0,0,4,0,0,#DIV/0!,#DIV/0!,,#REF!,,,,,,,,,,,,,,,,,,,,,,,,,,,,,,,,,,,,,,,,,,,,,,,,,,,,,,,,,,,,
1217,2,101,BB_97,BB_097,NA,0,0,0,0,0,0,#DIV/0!,#DIV/0!,,#REF!,,,,,,,,,,,,,,,,,,,,,,,,,,,,,,,,,,,,,,,,,,,,,,,,,,,,,,,,,,,,
1237,2,102,BB_34,BB_034,NA,0,0,0,7,0,0,#DIV/0!,#DIV/0!,,#REF!,,,,,,,,,,,,,,,,,,,,,,,,,,,,,,,,,,,,,,,,,,,,,,,,,,,,,,,,,,,,
1229,2,102,BB_89,BB_089,NA,0,0,0,0,0,1,#DIV/0!,#DIV/0!,,#REF!,,,,,,,,,,,,,,,,,,,,,,,,,,,,1,,,,,,,,,,,,,,,,,,,,,,,,,,,,,,,,
1233,2,102,BB_183,BB_183,4,0,0,0,0,0,0,#DIV/0!,#DIV/0!,,#REF!,,,,,,,,,,,,,,,,,,,,,,,,,,,,,,,,,,,,,,,,,,,,,,,,,,,,,,,,,,,,
1249,2,103,BB_30,BB_030,6,1,0,0,0,1,0,0.00,0.00,,#REF!,,,,,,,,,,,,,,,,,,,,,,,,,1,,,,,,,,,,,,,,,,,,,,,,,,,,,,,,,,,,,
1241,2,103,BB_54,BB_054,7,0,0,0,0,0,0,#DIV/0!,#DIV/0!,,#REF!,,,,,,,,,,,,,,,,,,,,,,,,,,,,,,,,,,,,,,,,,,,,,,,,,,,,,,,,,,,,
1253,2,103,BB_181,BB_181,2,0,0,0,0,0,0,#DIV/0!,#DIV/0!,,#REF!,,,,,,,,,,,,,,,,,,,,,,,,,,,,,,,,,,,,,,,,,,,,,,,,,,,,,,,,,,,,
1245,2,103,BB_215,BB_215,2,1,0,0,0,1,0,0.00,0.00,,#REF!,,,,,,,,,,,,,1,,,,,,,,,,,,,,,,,,,,,,,,,,,,,,,,,,,,,,,,,,,,,,,
1261,2,104,BB_46,BB_046,4,0,0,0,0,0,0,#DIV/0!,#DIV/0!,,#REF!,,,,,,,,,,,,,,,,,,,,,,,,,,,,,,,,,,,,,,,,,,,,,,,,,,,,,,,,,,,,
1257,2,104,BB_48,BB_048,4,1,0,0,0,1,0,0.00,0.00,,#REF!,,,,,,,,,,,,,,,,,,,,,,,,,,,,,1,,,,,,,,,,,,,,,,,,,,,,,,,,,,,,,
1265,2,104,BB_170,BB_170,1,0,0,0,0,0,0,#DIV/0!,#DIV/0!,,#REF!,,,,,,,,,,,,,,,,,,,,,,,,,,,,,,,,,,,,,,,,,,,,,,,,,,,,,,,,,,,,
1269,2,105,BB_123,BB_123,7,1,0,0,0,1,0,0.00,0.00,,#REF!,,,,,,,,,,,,,,,,,,,,,1,,,,,,,,,,,,,,,,,,,,,,,,,,,,,,,,,,,,,,,
1273,3,106,BB_71,BB_071,2,0,0,0,3,0,1,#DIV/0!,#DIV/0!,,#REF!,,,,,,,,,,,,,,,,,,,,1,,,,,,,,,,,,,,,,,,,,,,,,,,,,,,,,,,,,,,,,
1281,3,106,BB_72,BB_072,5,1,0,0,0,1,0,0.00,0.00,,#REF!,,,,,,,,,,,,,,,,,1,,,,,,,,,,,,,,,,,,,,,,,,,,,,,,,,,,,,,,,,,,,
1277,3,106,BB_103,BB_103,5,1,0,0,4,1,1,0.00,0.00,,#REF!,,,,,,,,,,,,,,,,,,,,,1,,,1,,,,,,,,,,,,,,,,,,,,,,,,,,,,,,,,,,,,
1293,3,107,BB_20,BB_020,3,0,0,0,,0,0,,,,,,,,,,,,,,,,,,,,,,,,,,,,,,,,,,,,,,,,,,,,,,,,,,,,,,,,,,,,,,,,
1293,3,107,BB_20,BB_020,7,0,2,0,0,2,0,#DIV/0!,#DIV/0!,,#REF!,,,,,,,,,,,,,,,,,,,,,,,,,,2,,,,,,,,,,,,,,,,,,,,,,,,,,,,,,,,,,
1293,3,107,BB_20,BB_020,8,1,0,0,3,1,0,0.00,0.00,,#REF!,,,,,,,,,,,,,,,,,,,,,1,,,,,,,,,,,,,,,,,,,,,,,,,,,,,,,,,,,,,,,
1285,3,107,BB_159,BB_159,NA,0,0,0,2,0,0,#DIV/0!,#DIV/0!,,#REF!,,,,,,,,,,,,,,,,,,,,,,,,,,,,,,,,,,,,,,,,,,,,,,,,,,,,,,,,,,,,
1289,3,107,BB_181,BB_181,NA,0,0,0,0,0,0,#DIV/0!,#DIV/0!,,#REF!,,,,,,,,,,,,,,,,,,,,,,,,,,,,,,,,,,,,,,,,,,,,,,,,,,,,,,,,,,,,
1305,3,108,BB_186,BB_186,8,0,0,0,1,0,0,#DIV/0!,#DIV/0!,,#REF!,,,,,,,,,,,,,,,,,,,,,,,,,,,,,,,,,,,,,,,,,,,,,,,,,,,,,,,,,,,,
1301,3,108,BB_204,BB_204,7,0,1,0,0,1,0,#DIV/0!,#DIV/0!,,#REF!,,,,,,,,,,1,,,,,,,,,,,,,,,,,,,,,,,,,,,,,,,,,,,,,,,,,,,,,,,,,,
1297,3,108,BB_215,BB_215,NA,0,0,0,0,0,0,#DIV/0!,#DIV/0!,,#REF!,,,,,,,,,,,,,,,,,,,,,,,,,,,,,,,,,,,,,,,,,,,,,,,,,,,,,,,,,,,,
1309,3,109,BB_24,BB_024,8,0,0,0,0,0,0,#DIV/0!,#DIV/0!,,#REF!,,,,,,,,,,,,,,,,,,,,,,,,,,,,,,,,,,,,,,,,,,,,,,,,,,,,,,,,,,,,
1313,3,109,BB_87,BB_087,3,0,0,0,0,0,0,#DIV/0!,#DIV/0!,,#REF!,,,,,,,,,,,,,,,,,,,,,,,,,,,,,,,,,,,,,,,,,,,,,,,,,,,,,,,,,,,,
1317,3,109,BB_97,BB_097,2,0,0,0,0,0,0,#DIV/0!,#DIV/0!,,#REF!,,,,,,,,,,,,,,,,,,,,,,,,,,,,,,,,,,,,,,,,,,,,,,,,,,,,,,,,,,,,
1329,W2,110,BB_61,BB_061,4,0,0,0,0,0,0,#DIV/0!,#DIV/0!,,#REF!,,,,,,,,,,,,,,,,,,,,,,,,,,,,,,,,,,,,,,,,,,,,,,,,,,,,,,,,,,,,
1325,W2,110,BB_77,BB_077,7,1,0,0,0,1,0,0.00,0.00,,#REF!,,,,,,,,,,,,,,,,,,,,,1,,,,,,,,,,,,,,,,,,,,,,,,,,,,,,,,,,,,,,,
1321,W2,110,BB_187,BB_187,8,1,0,0,0,1,0,0.00,0.00,,#REF!,,,,,,,,,,,,,,,,,,,,,,,,,1,,,,,,,,,,,,,,,,,,,,,,,,,,,,,,,,,,,
1337,3,111,BB_27,BB_027,2,0,0,0,0,0,0,#DIV/0!,#DIV/0!,,#REF!,,,,,,,,,,,,,,,,,,,,,,,,,,,,,,,,,,,,,,,,,,,,,,,,,,,,,,,,,,,,
1341,3,111,BB_69,BB_069,1,0,0,0,3,0,0,#DIV/0!,#DIV/0!,,#REF!,,,,,,,,,,,,,,,,,,,,,,,,,,,,,,,,,,,,,,,,,,,,,,,,,,,,,,,,,,,,
1333,3,111,BB_127,BB_127,7,1,1,0,1,2,0,1.00,2.00,,#REF!,,,,,,,,,,,,,,,,,,,,,,1,,,1,,,,,,,,,,,,,,,,,,,,,,,,,,,,,,,,,,,
1353,3,112,BB_68,BB_068,NA,0,0,0,0,0,0,#DIV/0!,#DIV/0!,,#REF!,,,,,,,,,,,,,,,,,,,,,,,,,,,,,,,,,,,,,,,,,,,,,,,,,,,,,,,,,,,,
1345,3,112,BB_151,BB_151,1,0,0,0,0,0,0,#DIV/0!,#DIV/0!,,#REF!,,,,,,,,,,,,,,,,,,,,,,,,,,,,,,,,,,,,,,,,,,,,,,,,,,,,,,,,,,,,
1349,3,112,BB_161,BB_161,8,0,0,0,1,0,5,#DIV/0!,#DIV/0!,,#REF!,,,,,,,,,,,,1,,,,,,,,,,,,4,,,,,,,,,,,,,,,,,,,,,,,,,,,,,,,,,,,,
1357,3,112,BB_218,BB_218,8,0,0,0,0,0,0,#DIV/0!,#DIV/0!,,#REF!,,,,,,,,,,,,,,,,,,,,,,,,,,,,,,,,,,,,,,,,,,,,,,,,,,,,,,,,,,,,
1365,3,113,BB_30,BB_030,4,0,0,0,0,0,0,#DIV/0!,#DIV/0!,,#REF!,,,,,,,,,,,,,,,,,,,,,,,,,,,,,,,,,,,,,,,,,,,,,,,,,,,,,,,,,,,,
1369,3,113,BB_118,BB_118,6,0,0,0,0,0,0,#DIV/0!,#DIV/0!,,#REF!,,,,,,,,,,,,,,,,,,,,,,,,,,,,,,,,,,,,,,,,,,,,,,,,,,,,,,,,,,,,
1361,3,113,BB_201,BB_201,6,0,0,0,0,0,0,#DIV/0!,#DIV/0!,,#REF!,,,,,,,,,,,,,,,,,,,,,,,,,,,,,,,,,,,,,,,,,,,,,,,,,,,,,,,,,,,,
1373,3,114,BB_32,BB_032,7,0,0,0,0,0,0,#DIV/0!,#DIV/0!,,#REF!,,,,,,,,,,,,,,,,,,,,,,,,,,,,,,,,,,,,,,,,,,,,,,,,,,,,,,,,,,,,
1377,3,114,BB_35,BB_035,4,0,0,0,0,0,1,#DIV/0!,#DIV/0!,,#REF!,,,,,,,,,,,,,,,,1,,,,,,,,,,,,,,,,,,,,,,,,,,,,,,,,,,,,,,,,,,,,
1381,3,114,BB_126,BB_126,NA,0,0,0,0,0,0,#DIV/0!,#DIV/0!,,#REF!,,,,,,,,,,,,,,,,,,,,,,,,,,,,,,,,,,,,,,,,,,,,,,,,,,,,,,,,,,,,
1389,3,115,BB_77,BB_077,7,2,0,0,0,2,0,0.00,0.00,,#REF!,,,,,,,,,,,,,2,,,,,,,,,,,,,,,,,,,,,,,,,,,,,,,,,,,,,,,,,,,,,,,
1389,3,115,BB_77,BB_077,8,0,1,0,0,1,0,#DIV/0!,#DIV/0!,,#REF!,,,,,,,,,,,,,,,,,,,,,,,,,,1,,,,,,,,,,,,,,,,,,,,,,,,,,,,,,,,,,
1393,3,115,BB_101,BB_101,NA,0,0,0,0,0,0,#DIV/0!,#DIV/0!,,#REF!,,,,,,,,,,,,,,,,,,,,,,,,,,,,,,,,,,,,,,,,,,,,,,,,,,,,,,,,,,,,
1385,3,115,BB_214,BB_214,7,0,0,0,4,0,0,#DIV/0!,#DIV/0!,,#REF!,,,,,,,,,,,,,,,,,,,,,,,,,,,,,,,,,,,,,,,,,,,,,,,,,,,,,,,,,,,,
1405,3,116,BB_64,BB_064,8,0,0,0,0,0,0,#DIV/0!,#DIV/0!,,#REF!,,,,,,,,,,,,,,,,,,,,,,,,,,,,,,,,,,,,,,,,,,,,,,,,,,,,,,,,,,,,
1397,3,116,BB_78,BB_078,7,1,0,0,0,1,0,0.00,0.00,,#REF!,,,,,,,,,,,,,,,,,,,,,1,,,,,,,,,,,,,,,,,,,,,,,,,,,,,,,,,,,,,,,
1401,3,116,BB_149,BB_149,5,0,0,0,0,0,0,#DIV/0!,#DIV/0!,,#REF!,,,,,,,,,,,,,,,,,,,,,,,,,,,,,,,,,,,,,,,,,,,,,,,,,,,,,,,,,,,,
1413,3,117,BB_92,BB_092,8,3,1,0,0,4,1,0.33,1.33,,#REF!,,,,,,,,,,,,,,,,,1,1,,1,,,,,2,,,,,,,,,,,,,,,,,,,,,,,,,,,,,,,,,,,
1417,3,117,BB_98,BB_098,1,0,1,0,0,1,2,#DIV/0!,#DIV/0!,,#REF!,,,,,,,,,,1,,,,,,1,,,,,,,,1,,,,,,,,,,,,,,,,,,,,,,,,,,,,,,,,,,,,
1409,3,117,BB_190,BB_190,3,2,1,0,0,3,4,0.50,1.50,,#REF!,,,,,,,,,,,,,2,1,,,,,,4,,,,,,,,,,,,,,,,,,,,,,,,,,,,,,,,,,,,,,,,
1421,3,118,BB_2,BB_002,4,0,0,0,3,0,0,#DIV/0!,#DIV/0!,,#REF!,,,,,,,,,,,,,,,,,,,,,,,,,,,,,,,,,,,,,,,,,,,,,,,,,,,,,,,,,,,,
1425,3,118,BB_34,BB_034,8,0,0,0,0,0,0,#DIV/0!,#DIV/0!,,#REF!,,,,,,,,,,,,,,,,,,,,,,,,,,,,,,,,,,,,,,,,,,,,,,,,,,,,,,,,,,,,
1429,3,118,BB_207,BB_207,5,0,0,0,2,0,0,#DIV/0!,#DIV/0!,,#REF!,,,,,,,,,,,,,,,,,,,,,,,,,,,,,,,,,,,,,,,,,,,,,,,,,,,,,,,,,,,,
1437,3,119,BB_86,BB_086,5,0,0,0,0,0,0,#DIV/0!,#DIV/0!,,#REF!,,,,,,,,,,,,,,,,,,,,,,,,,,,,,,,,,,,,,,,,,,,,,,,,,,,,,,,,,,,,
1433,3,119,BB_143,BB_143,1,0,0,0,0,0,0,#DIV/0!,#DIV/0!,,#REF!,,,,,,,,,,,,,,,,,,,,,,,,,,,,,,,,,,,,,,,,,,,,,,,,,,,,,,,,,,,,
1441,3,119,BB_189,BB_189,4,0,0,0,0,0,0,#DIV/0!,#DIV/0!,,#REF!,,,,,,,,,,,,,,,,,,,,,,,,,,,,,,,,,,,,,,,,,,,,,,,,,,,,,,,,,,,,
1449,W2,120,BB_17,BB_017,3,2,0,0,0,2,11,0.00,0.00,,#REF!,,,,,,,,,,,,1,,,,,,,,,,,,,2,,,10,,,,,,,,,,,,,,,,,,,,,,,,,,,,,,,,
1449,W2,120,BB_17,BB_017,4,9,2,0,0,11,0,0.22,2.44,,#REF!,,,,,,,,,2,,,,,,,,5,1,,,,,,,,,,,,,,,2,1,,,,,,,,,,,,,,,,,,,,,,,,,,
1449,W2,120,BB_17,BB_017,7,5,0,0,0,5,16,0.00,0.00,,#REF!,,,,,1,,,,2,,,5,1,,,2,,,,9,1,,,,,,,,,,,,,,,,,,,,,,,,,,,,,,,,,,,,,,,
1445,W2,120,BB_24,BB_024,1,1,2,0,9,3,0,2.00,6.00,,#REF!,,,,,,,,,,1,,,,,,,1,1,,,,,,,,,,,,,,,,,,,,,,,,,,,,,,,,,,,,,,,,,,
1445,W2,120,BB_24,BB_024,2,4,1,0,7,5,0,0.25,1.25,,#REF!,,,,,,,,,1,,,,1,,,,,,,,1,,,,1,1,,,,,,,,,,,,,,,,,,,,,,,,,,,,,,,,,,
1445,W2,120,BB_24,BB_024,5,22,20,0,0,42,5,0.91,38.18,,#REF!,,,,,,,,,2,,,,,,,,4,1,,3,12,8,,2,4,11,,,,,,,,,,,,,,,,,,,,,,,,,,,,,,,,,,
1453,W2,120,BB_137,BB_137,2,3,0,0,7,3,0,0.00,0.00,,#REF!,,,,,,,,,1,,,,,,,,2,,,,,,,,,,,,,,,,,,,,,,,,,,,,,,,,,,,,,,,,,,,
1453,W2,120,BB_137,BB_137,8,2,0,0,112,2,0,0.00,0.00,,#REF!,,,,,,,,,,,,,,,,,,,,,1,,,,1,,,,,,,,,,,,,,,,,,,,,,,,,,,,,,,,,,,
1453,W2,120,BB_137,BB_137,6,1,0,0,1,1,0,0.00,0.00,,#REF!,,,,,,,,,1,,,,,,,,,,,,,,,,,,,,,,,,,,,,,,,,,,,,,,,,,,,,,,,,,,,
1469,3,121,BB_88,BB_088,1,3,2,0,4,5,0,0.67,3.33,,#REF!,,,,,,1,,,,,,,3,1,,,,,,,,,,,,,,,,,,,,,,,,,,,,,,,,,,,,,,,,,,,,,,
1461,3,121,BB_109,BB_109,7,2,0,0,1,2,7,0.00,0.00,,#REF!,,,,,,,,,2,,,4,,,,1,,,,,,,,2,,,,,,,,,,,,,,,,,,,,,,,,,,,,,,,,,,,,
1465,3,121,BB_123,BB_123,2,1,1,0,7,2,16,1.00,2.00,,#REF!,,,,1,,,,1,,,,2,,,,,1,1,,2,,,,8,,,,2,,,,,,,,,,,,,,,,,,,,,,,,,,,,,,,,
1457,3,121,BB_134,BB_134,8,1,0,0,1,1,3,0.00,0.00,,#REF!,,,,,,,,,,,,,,,,,,,,2,,,,1,,,,,,,,,1,,,,,,,,,,,,,,,,,,,,,,,,,,,
1481,3,122,BB_21,BB_021,5,0,1,0,8,1,0,#DIV/0!,#DIV/0!,,#REF!,,,,,,1,,,,,,,,,,,,,,,,,,,,,,,,,,,,,,,,,,,,,,,,,,,,,,,,,,,,,,
1477,3,122,BB_120,BB_120,1,1,0,0,0,1,2,0.00,0.00,,#REF!,,,,,,,,,,,,2,1,,,,,,,,,,,,,,,,,,,,,,,,,,,,,,,,,,,,,,,,,,,,,,,
1473,3,122,BB_152,BB_152,2,0,0,0,0,0,0,#DIV/0!,#DIV/0!,,#REF!,,,,,,,,,,,,,,,,,,,,,,,,,,,,,,,,,,,,,,,,,,,,,,,,,,,,,,,,,,,,
1493,3,123,BB_3,BB_003,6,0,0,0,0,0,0,#DIV/0!,#DIV/0!,,#REF!,,,,,,,,,,,,,,,,,,,,,,,,,,,,,,,,,,,,,,,,,,,,,,,,,,,,,,,,,,,,
1489,3,123,BB_10,BB_010,3,0,0,0,1,0,0,#DIV/0!,#DIV/0!,,#REF!,,,,,,,,,,,,,,,,,,,,,,,,,,,,,,,,,,,,,,,,,,,,,,,,,,,,,,,,,,,,
1485,3,123,BB_18,BB_018,5,1,0,0,0,1,0,0.00,0.00,,#REF!,,,,,,,,,1,,,,,,,,,,,,,,,,,,,,,,,,,,,,,,,,,,,,,,,,,,,,,,,,,,,
1501,3,124,BB_42,BB_042,4,0,0,0,0,0,2,#DIV/0!,#DIV/0!,,#REF!,,,,,,,,,,,,1,,,,1,,,,,,,,,,,,,,,,,,,,,,,,,,,,,,,,,,,,,,,,,,,,
1509,3,124,BB_74,BB_074,6,0,0,0,0,0,0,#DIV/0!,#DIV/0!,,#REF!,,,,,,,,,,,,,,,,,,,,,,,,,,,,,,,,,,,,,,,,,,,,,,,,,,,,,,,,,,,,
1497,3,124,BB_193,BB_193,8,0,2,0,4,2,1,#DIV/0!,#DIV/0!,,#REF!,,,,,,,,,,,,,,,,1,,2,,,,,,,,,,,,,,,,,,,,,,,,,,,,,,,,,,,,,,,,,,
1505,3,124,BB_195,BB_195,4,0,0,0,0,0,1,#DIV/0!,#DIV/0!,,#REF!,,,,,,,,,,,,,,,,1,,,,,,,,,,,,,,,,,,,,,,,,,,,,,,,,,,,,,,,,,,,,
1521,3,125,BB_44,BB_044,2,0,0,0,0,0,0,#DIV/0!,#DIV/0!,,#REF!,,,,,,,,,,,,,,,,,,,,,,,,,,,,,,,,,,,,,,,,,,,,,,,,,,,,,,,,,,,,
1513,3,125,BB_49,BB_049,4,1,0,0,0,1,0,0.00,0.00,,#REF!,,,,,,,,,,,,,,,,,,,,,1,,,,,,,,,,,,,,,,,,,,,,,,,,,,,,,,,,,,,,,
1513,3,125,BB_49,BB_049,2,1,0,0,0,1,0,,,,,,,,,1,,,,,,,,,,,,,,,,,,,,,,,,,,,,,,,,,,,,,,,,,,,,,,,,,,,,,,,
1517,3,125,BB_131,BB_131,7,0,0,0,0,0,0,#DIV/0!,#DIV/0!,,#REF!,,,,,,,,,,,,,,,,,,,,,,,,,,,,,,,,,,,,,,,,,,,,,,,,,,,,,,,,,,,,
1537,3,126,BB_13,BB_013,6,1,0,0,0,1,2,0.00,0.00,,#REF!,,,,,,,,,,,,,,,,,,,,2,1,,,,,,,,,,,,,,,,,,,,,,,,,,,,,,,,,,,,,,,
1525,3,126,BB_117,BB_117,1,0,0,0,1,0,0,#DIV/0!,#DIV/0!,,#REF!,,,,,,,,,,,,,,,,,,,,,,,,,,,,,,,,,,,,,,,,,,,,,,,,,,,,,,,,,,,,
1533,3,126,BB_172,BB_172,3,1,0,0,3,1,0,0.00,0.00,,#REF!,,,,,1,,,,,,,,,,,,,,,,,,,,,,,,,,,,,,,,,,,,,,,,,,,,,,,,,,,,,,,
1529,3,126,BB_205 B,BB_205 B,NA,0,0,0,0,0,0,#DIV/0!,#DIV/0!,,#REF!,,,,,,,,,,,,,,,,,,,,,,,,,,,,,,,,,,,,,,,,,,,,,,,,,,,,,,,,,,,,
1549,3,127,BB_60,BB_060,8,1,0,0,0,1,1,0.00,0.00,,#REF!,,,,,,,,,,,,1,,,,,1,,,,,,,,,,,,,,,,,,,,,,,,,,,,,,,,,,,,,,,,,,,
1545,3,127,BB_80,BB_080,8,2,2,0,0,4,3,1.00,4.00,,#REF!,,,,,1,,,,1,,,3,,2,,,,,,,,,,,,,,,,,,,,,,,,,,,,,,,,,,,,,,,,,,,,,,
1541,3,127,BB_206,BB_206,5,0,0,0,4,0,3,#DIV/0!,#DIV/0!,,#REF!,,,,,,,,,,,,3,,,,,,,,,,,,,,,,,,,,,,,,,,,,,,,,,,,,,,,,,,,,,,,,
1557,3,128,BB_16,BB_016,7,0,0,0,0,0,1,#DIV/0!,#DIV/0!,,#REF!,,,,,,,,,,,,,,,,,,,,,,,,1,,,,,,,,,,,,,,,,,,,,,,,,,,,,,,,,,,,,
1553,3,128,BB_153,BB_153,1,1,0,0,2,1,5,0.00,0.00,,#REF!,,,,,,,,,,,,,1,,,,,,,3,,,,2,,,,,,,,,,,,,,,,,,,,,,,,,,,,,,,,,,,,
1561,3,128,BB_183,BB_183,2,0,0,0,0,0,7,#DIV/0!,#DIV/0!,,#REF!,,,,,,,,,,,,6,,,,,,,,1,,,,,,,,,,,,,,,,,,,,,,,,,,,,,,,,,,,,,,,,
1565,3,129,BB_58,BB_058,1,1,0,0,0,1,2,0.00,0.00,,#REF!,,,,,,,,,,,,,,,,2,,,,,,,,,,,,,,,,,1,,,,,,,,,,,,,,,,,,,,,,,,,,,
1569,3,129,BB_89,BB_089,8,4,0,0,7,4,4,0.00,0.00,,#REF!,,,,,,,,,2,,,2,,,,,,,,2,2,,,,,,,,,,,,,,,,,,,,,,,,,,,,,,,,,,,,,,,
1573,3,129,BB_137,BB_137,8,1,0,0,0,1,1,0.00,0.00,,#REF!,,,,,,,,,,,,,,,,1,,,,,1,,,,,,,,,,,,,,,,,,,,,,,,,,,,,,,,,,,,,,,
1585,W2,130,BB_105,BB_105,5,1,0,0,0,1,0,0.00,0.00,,#REF!,,,,,,,,,1,,,,,,,,,,,,,,,,,,,,,,,,,,,,,,,,,,,,,,,,,,,,,,,,,,,
1585,W2,130,BB_105,BB_105,6,2,0,0,0,2,0,0.00,0.00,,#REF!,,,,,,,,,,,,,,,,,,,,,,,,,,,,,,,,,2,,,,,,,,,,,,,,,,,,,,,,,,,,,
1585,W2,130,BB_105,BB_105,8,2,0,0,0,2,0,0.00,0.00,,#REF!,,,,,,,,,1,,,,,,,,,,,,1,,,,,,,,,,,,,,,,,,,,,,,,,,,,,,,,,,,,,,,
1581,W2,130,BB_118,BB_118,4,2,0,0,0,2,0,0.00,0.00,,#REF!,,,,,,,,,,,,,,,,,2,,,,,,,,,,,,,,,,,,,,,,,,,,,,,,,,,,,,,,,,,,,
1577,W2,130,BB_185,BB_185,6,3,0,0,2,3,0,0.00,0.00,,#REF!,,,,,1,,,,2,,,,,,,,,,,,,,,,,,,,,,,,,,,,,,,,,,,,,,,,,,,,,,,,,,,
1577,W2,130,BB_185,BB_185,7,4,1,0,0,5,0,0.25,1.25,,#REF!,,,,,,,,,,,,,1,,,,3,,,,,1,,,,,,,,,,,,,,,,,,,,,,,,,,,,,,,,,,,,,,
1593,3,131,BB_19,BB_019,4,0,0,0,4,0,1,#DIV/0!,#DIV/0!,,#REF!,,,,,,,,,,,,,,,,,,,,1,,,,,,,,,,,,,,,,,,,,,,,,,,,,,,,,,,,,,,,,
1601,3,131,BB_84,BB_084,7,0,0,0,4,0,1,#DIV/0!,#DIV/0!,,#REF!,,,,,,,,,,,,,,,,,,,,,,,,1,,,,,,,,,,,,,,,,,,,,,,,,,,,,,,,,,,,,
1597,3,131,BB_170,BB_170,7,0,0,0,0,0,2,#DIV/0!,#DIV/0!,,#REF!,,,,,,,,,,,,,,,,,,,,,,,,2,,,,,,,,,,,,,,,,,,,,,,,,,,,,,,,,,,,,
1589,3,131,BB_199,BB_199,5,0,0,0,4,0,3,#DIV/0!,#DIV/0!,,#REF!,,,,,,,,,,,,1,,,,,,,,,,,,2,,,,,,,,,,,,,,,,,,,,,,,,,,,,,,,,,,,,
1613,3,132,BB_63,BB_063,2,0,0,0,0,0,0,#DIV/0!,#DIV/0!,,#REF!,,,,,,,,,,,,,,,,,,,,,,,,,,,,,,,,,,,,,,,,,,,,,,,,,,,,,,,,,,,,
1605,3,132,BB_79,BB_079,6,0,0,0,0,0,0,#DIV/0!,#DIV/0!,,#REF!,,,,,,,,,,,,,,,,,,,,,,,,,,,,,,,,,,,,,,,,,,,,,,,,,,,,,,,,,,,,
1609,3,132,BB_121,BB_121,NA,0,0,0,0,0,1,#DIV/0!,#DIV/0!,,#REF!,,,,,,,,,,,,,,,,,,,,,,,,,,,,1,,,,,,,,,,,,,,,,,,,,,,,,,,,,,,,,
1621,3,133,BB_53,BB_053,4,0,0,0,0,0,1,#DIV/0!,#DIV/0!,,#REF!,,,,,,,,,,,,,,,,1,,,,,,,,,,,,,,,,,,,,,,,,,,,,,,,,,,,,,,,,,,,,
1625,3,133,BB_133,BB_133,3,1,1,0,0,2,0,1.00,2.00,,#REF!,,,,,,,,,1,,,,,,,,,,,,,,,,,1,,,,,,,,,,,,,,,,,,,,,,,,,,,,,,,,,,
1617,3,133,BB_135,BB_135,8,1,0,0,0,1,4,0.00,0.00,,#REF!,,,,,,,,,1,,,,,,,2,,,,2,,,,,,,,,,,,,,,,,,,,,,,,,,,,,,,,,,,,,,,,
1637,3,134,BB_85,BB_085,7,0,1,0,0,1,0,#DIV/0!,#DIV/0!,,#REF!,,,,,,,,,,,,,,1,,,,,,,,,,,,,,,,,,,,,,,,,,,,,,,,,,,,,,,,,,,,,,
1633,3,134,BB_132,BB_132,8,0,0,0,0,0,9,#DIV/0!,#DIV/0!,,#REF!,,,,,,,,,,,,6,,,,2,,,,1,,,,,,,,,,,,,,,,,,,,,,,,,,,,,,,,,,,,,,,,
1629,3,134,BB_146,BB_146,3,0,0,0,10,0,1,#DIV/0!,#DIV/0!,,#REF!,,,,,,,,,,,,1,,,,,,,,,,,,,,,,,,,,,,,,,,,,,,,,,,,,,,,,,,,,,,,,
1645,3,135,BB_45,BB_045,6,1,0,0,6,1,0,0.00,0.00,,#REF!,,,,,,,,,,,,,1,,,,,,,,,,,,,,,,,,,,,,,,,,,,,,,,,,,,,,,,,,,,,,,
1649,3,135,BB_52,BB_052,3,0,0,0,0,0,0,#DIV/0!,#DIV/0!,,#REF!,,,,,,,,,,,,,,,,,,,,,,,,,,,,,,,,,,,,,,,,,,,,,,,,,,,,,,,,,,,,
1641,3,135,BB_208,BB_208,NA,0,0,0,0,0,0,#DIV/0!,#DIV/0!,,#REF!,,,,,,,,,,,,,,,,,,,,,,,,,,,,,,,,,,,,,,,,,,,,,,,,,,,,,,,,,,,,
1657,3,136,BB_48,BB_048,2,1,0,0,0,1,0,0.00,0.00,,#REF!,,,,,1,,,,,,,,,,,,,,,,,,,,,,,,,,,,,,,,,,,,,,,,,,,,,,,,,,,,,,,
1661,3,136,BB_61,BB_061,8,0,0,0,0,0,0,#DIV/0!,#DIV/0!,,#REF!,,,,,,,,,,,,,,,,,,,,,,,,,,,,,,,,,,,,,,,,,,,,,,,,,,,,,,,,,,,,
1653,3,136,BB_210,BB_210,7,1,0,0,0,1,0,0.00,0.00,,#REF!,,,,,,,,,,,,,,,,,1,,,,,,,,,,,,,,,,,,,,,,,,,,,,,,,,,,,,,,,,,,,
1665,3,137,BB_31,BB_031,1,1,0,0,0,1,1,0.00,0.00,,#REF!,,,,,1,,,,,,,,,,,,,,,1,,,,,,,,,,,,,,,,,,,,,,,,,,,,,,,,,,,,,,,,
1669,3,137,BB_140,BB_140,7,0,0,0,0,0,3,#DIV/0!,#DIV/0!,,#REF!,,,,,,,,,,,,2,,,,,,,,1,,,,,,,,,,,,,,,,,,,,,,,,,,,,,,,,,,,,,,,,
1673,3,137,BB_150,BB_150,7,1,0,0,0,1,9,0.00,0.00,,#REF!,,,,,,,,,1,,,2,,,,4,,,,,,,,3,,,,,,,,,,,,,,,,,,,,,,,,,,,,,,,,,,,,
1681,3,138,BB_76,BB_076,5,2,0,0,0,2,0,0.00,0.00,,#REF!,,,,,,,,,,,,,,,,,2,,,,,,,,,,,,,,,,,,,,,,,,,,,,,,,,,,,,,,,,,,,
1685,3,138,BB_160,BB_160,4,0,0,0,0,0,5,#DIV/0!,#DIV/0!,,#REF!,,,,,,,,,,,,3,,,,,,,,2,,,,,,,,,,,,,,,,,,,,,,,,,,,,,,,,,,,,,,,,
1677,3,138,BB_185,BB_185,NA,0,0,0,11,0,0,#DIV/0!,#DIV/0!,,#REF!,,,,,,,,,,,,,,,,,,,,,,,,,,,,,,,,,,,,,,,,,,,,,,,,,,,,,,,,,,,,
1689,3,139,BB_46,BB_046,2,2,0,0,0,2,3,0.00,0.00,,#REF!,,,,,,,,,2,,,,,,,1,,,,1,,,,1,,,,,,,,,,,,,,,,,,,,,,,,,,,,,,,,,,,,
1697,3,139,BB_113,BB_113,NA,0,0,0,3,0,0,#DIV/0!,#DIV/0!,,#REF!,,,,,,,,,,,,,,,,,,,,,,,,,,,,,,,,,,,,,,,,,,,,,,,,,,,,,,,,,,,,
1693,3,139,BB_200,BB_200,7,2,0,0,0,2,0,0.00,0.00,,#REF!,,,,,,,,,1,,,,,,,,1,,,,,,,,,,,,,,,,,,,,,,,,,,,,,,,,,,,,,,,,,,,
1709,W2,140,BB_49,BB_049,1,1,0,0,0,1,0,0.00,0.00,,#REF!,,,,,,,,,,,,,1,,,,,,,,,,,,,,,,,,,,,,,,,,,,,,,,,,,,,,,,,,,,,,,
1709,W2,140,BB_49,BB_049,2,1,0,0,0,1,0,0.00,0.00,,#REF!,,,,,,,,,1,,,,,,,,,,,,,,,,,,,,,,,,,,,,,,,,,,,,,,,,,,,,,,,,,,,
1709,W2,140,BB_49,BB_049,3,3,0,0,0,3,0,0.00,0.00,,#REF!,,,,,,,,,,,,,,,,,3,,,,,,,,,,,,,,,,,,,,,,,,,,,,,,,,,,,,,,,,,,,
1705,W2,140,BB_143,BB_143,3,0,0,0,6,0,0,#DIV/0!,#DIV/0!,,#REF!,,,,,,,,,,,,,,,,,,,,,,,,,,,,,,,,,,,,,,,,,,,,,,,,,,,,,,,,,,,,
1701,W2,140,BB_164,BB_164,NA,0,0,0,0,0,0,#DIV/0!,#DIV/0!,,#REF!,,,,,,,,,,,,,,,,,,,,,,,,,,,,,,,,,,,,,,,,,,,,,,,,,,,,,,,,,,,,
1717,3,141,BB_37,BB_037,8,2,0,0,0,2,2,0.00,0.00,,#REF!,,,,,,,,,1,,,2,,,,,,,,,,,,,1,,,,,,,,,,,,,,,,,,,,,,,,,,,,,,,,,,,
1725,3,141,BB_163,BB_163,5,2,1,0,0,3,1,0.50,1.50,,#REF!,,,,,,,,,,,,,1,,,,,,,1,,,,,,,,,1,1,,,,,,,,,,,,,,,,,,,,,,,,,,,,,,
1713,3,141,BB_164,BB_164,1,1,1,0,0,2,0,1.00,2.00,,#REF!,,,,,,,,,,,,,,,,,,,,,1,,,,,,,,,1,,,,,,,,,,,,,,,,,,,,,,,,,,,,,,
1713,3,141,BB_164,BB_164,4,1,0,0,0,1,0,0.00,0.00,,#REF!,,,,,,,,,,,,,,,,,,,,,1,,,,,,,,,,,,,,,,,,,,,,,,,,,,,,,,,,,,,,,
1713,3,141,BB_164,BB_164,8,1,0,0,0,1,3,0.00,0.00,,#REF!,,,,,,,,,,,,2,,,,,,,,,,,,,,,,,1,,,1,,,,,,,,,,,,,,,,,,,,,,,,,,,,
1721,3,141,BB_192,BB_192,1,2,0,1,1,2,3,0.00,0.00,,#REF!,,,,,,,,,,,1,,,,,,,,,,2,,,3,,,,,,,,,,,,,,,,,,,,,,,,,,,,,,,,,,,,
1737,3,142,BB_54,BB_054,4,7,1,0,0,8,10,0.14,1.14,,#REF!,,,,,,,,,1,,,,,,,,,,,,3,1,,7,3,,,,,,,,,,,3,,,,,,,,,,,,,,,,,,,,,,,,
1729,3,142,BB_104,BB_104,1,5,0,0,1,5,0,0.00,0.00,,#REF!,,,,,,,,,,,,,,,,,,,,,,,,,5,,,,,,,,,,,,,,,,,,,,,,,,,,,,,,,,,,,
1733,3,142,BB_154,BB_154,5,1,2,0,1,3,2,2.00,6.00,,#REF!,,,,,,,,,,,,,,,,,,,,,1,2,,2,,,,,,,,,,,,,,,,,,,,,,,,,,,,,,,,,,,,
1749,3,143,BB_17,BB_017,6,2,0,0,2,2,3,0.00,0.00,,#REF!,,,,,,,,,,,,2,,,,,,,,,,,,1,2,,,,,,,,,,,,,,,,,,,,,,,,,,,,,,,,,,,
1749,3,143,BB_17,BB_017,5,1,2,1,10,3,3,2.00,6.00,,#REF!,,,,,,,,,,,,,1,,,3,,,,,,,,,,2,,,,,,,,,1,,,,,,,,,,,,,,,,,,,,,,,,,
1745,3,143,BB_94,BB_094,4,0,0,0,14,0,4,#DIV/0!,#DIV/0!,,#REF!,,,,,,,,,,,,,,,,,,,,,,,,1,,,,3,,,,,,,,,,,,,,,,,,,,,,,,,,,,,,,,
1741,3,143,BB_110,BB_110,6,0,0,0,2,0,4,#DIV/0!,#DIV/0!,,#REF!,,,,,,,,,,,,,,,,2,,,,1,,,,1,,,,,,,,,,,,,,,,,,,,,,,,,,,,,,,,,,,,
1765,3,144,BB_70,BB_070,7,2,1,0,5,3,2,0.50,1.50,,#REF!,,,,,,,,,,,,,1,,,,1,,,,,,,2,,1,,,,,,,,,,,,,,,,,,,,,,,,,,,,,,,,,,
1753,3,144,BB_81,BB_081,2,0,0,0,7,0,0,#DIV/0!,#DIV/0!,,#REF!,,,,,,,,,,,,,,,,,,,,,,,,,,,,,,,,,,,,,,,,,,,,,,,,,,,,,,,,,,,,
1757,3,144,BB_105,BB_105,1,1,0,0,0,1,0,0.00,0.00,,#REF!,,,,,,,,,,,,,1,,,,,,,,,,,,,,,,,,,,,,,,,,,,,,,,,,,,,,,,,,,,,,,
1757,3,144,BB_105,BB_105,4,1,0,0,0,1,0,0.00,0.00,,#REF!,,,,,,,,,1,,,,,,,,,,,,,,,,,,,,,,,,,,,,,,,,,,,,,,,,,,,,,,,,,,,
1757,3,144,BB_105,BB_105,8,2,0,0,6,2,1,0.00,0.00,,#REF!,,,,,1,,,,,,,,,,,,,,,,1,,,1,,,,,,,,,,,,,,,,,,,,,,,,,,,,,,,,,,,,
1761,3,144,BB_119,BB_119,3,0,0,0,0,0,0,#DIV/0!,#DIV/0!,,#REF!,,,,,,,,,,,,,,,,,,,,,,,,,,,,,,,,,,,,,,,,,,,,,,,,,,,,,,,,,,,,
1769,3,145,BB_50,BB_050,NA,0,0,0,2,0,0,#DIV/0!,#DIV/0!,,#REF!,,,,,,,,,,,,,,,,,,,,,,,,,,,,,,,,,,,,,,,,,,,,,,,,,,,,,,,,,,,,
1781,3,145,BB_83,BB_083,4,0,2,0,2,2,0,#DIV/0!,#DIV/0!,,#REF!,,,,,,,,,,,,,,,,,,,,,,,,,,2,,,,,,,,,,,,,,,,,,,,,,,,,,,,,,,,,,
1773,3,145,BB_209,BB_209,NA,0,0,0,7,0,0,#DIV/0!,#DIV/0!,,#REF!,,,,,,,,,,,,,,,,,,,,,,,,,,,,,,,,,,,,,,,,,,,,,,,,,,,,,,,,,,,,
1777,3,145,BB_216,BB_216,6,0,0,0,0,0,0,#DIV/0!,#DIV/0!,,#REF!,,,,,,,,,,,,,,,,,,,,,,,,,,,,,,,,,,,,,,,,,,,,,,,,,,,,,,,,,,,,
1785,3,146,BB_39,BB_039,6,1,0,0,0,1,2,0.00,0.00,,#REF!,,,,,,,,,,,,,,,,,,,,,,,,,1,,,2,,,,,,,,,,,,,,,,,,,,,,,,,,,,,,,,
1793,3,146,BB_102,BB_102,2,4,0,0,0,4,0,0.00,0.00,,#REF!,,,,,,,,,,,,,2,,,,,,,,2,,,,,,,,,,,,,,,,,,,,,,,,,,,,,,,,,,,,,,,
1789,3,146,BB_116,BB_116,4,0,0,0,0,0,0,#DIV/0!,#DIV/0!,,#REF!,,,,,,,,,,,,,,,,,,,,,,,,,,,,,,,,,,,,,,,,,,,,,,,,,,,,,,,,,,,,
1797,3,146,BB_158,BB_158,8,0,0,0,0,0,0,#DIV/0!,#DIV/0!,,#REF!,,,,,,,,,,,,,,,,,,,,,,,,,,,,,,,,,,,,,,,,,,,,,,,,,,,,,,,,,,,,
1805,3,147,BB_25,BB_025,4,0,0,0,6,0,0,#DIV/0!,#DIV/0!,,#REF!,,,,,,,,,,,,,,,,,,,,,,,,,,,,,,,,,,,,,,,,,,,,,,,,,,,,,,,,,,,,
1809,3,147,BB_111,BB_111,5,2,0,0,19,2,0,0.00,0.00,,#REF!,,,,,,,,,,,,,,,,,1,,,,1,,,,,,,,,,,,,,,,,,,,,,,,,,,,,,,,,,,,,,,
1801,3,147,BB_187,BB_187,7,0,0,0,0,0,0,#DIV/0!,#DIV/0!,,#REF!,,,,,,,,,,,,,,,,,,,,,,,,,,,,,,,,,,,,,,,,,,,,,,,,,,,,,,,,,,,,
1821,3,148,BB_29,BB_029,8,1,1,0,0,2,3,1.00,2.00,,#REF!,,,,,,,,,,,,,,,,,,,,,,,,,1,1,,3,,,,,,,,,,,,,,,,,,,,,,,,,,,,,,,,
1813,3,148,BB_40,BB_040,NA,0,0,0,0,0,0,#DIV/0!,#DIV/0!,,#REF!,,,,,,,,,,,,,,,,,,,,,,,,,,,,,,,,,,,,,,,,,,,,,,,,,,,,,,,,,,,,
1817,3,148,BB_171,BB_171,NA,0,0,0,7,0,0,#DIV/0!,#DIV/0!,,#REF!,,,,,,,,,,,,,,,,,,,,,,,,,,,,,,,,,,,,,,,,,,,,,,,,,,,,,,,,,,,,
1837,3,149,BB_56,BB_056,8,2,0,0,0,2,0,0.00,0.00,,#REF!,,,,,,,,,,,,,,,,,,,,,2,,,,,,,,,,,,,,,,,,,,,,,,,,,,,,,,,,,,,,,
1829,3,149,BB_93,BB_093,NA,0,0,0,2,0,0,#DIV/0!,#DIV/0!,,#REF!,,,,,,,,,,,,,,,,,,,,,,,,,,,,,,,,,,,,,,,,,,,,,,,,,,,,,,,,,,,,
1833,3,149,BB_138,BB_138,5,5,0,0,0,5,14,0.00,0.00,,#REF!,,,,,,,,,,,,3,,,,,,,,1,,,,7,3,,,3,2,,,,,,,,,,,,,,,,,,,,,,,,,,,,,,,
1825,3,149,BB_139,BB_139,7,0,0,0,5,0,1,#DIV/0!,#DIV/0!,,#REF!,,,,,,,,,,,,,,,,,,,,,,,,1,,,,,,,,,,,,,,,,,,,,,,,,,,,,,,,,,,,,
1841,W2,150,BB_51,BB_051,3,0,1,0,0,1,0,#DIV/0!,#DIV/0!,,#REF!,,,,,,,,,,,,,,,,,,1,,,,,,,,,,,,,,,,,,,,,,,,,,,,,,,,,,,,,,,,,,
1841,W2,150,BB_51,BB_051,6,1,0,0,16,1,0,0.00,0.00,,#REF!,,,,,,,,,1,,,,,,,,,,,,,,,,,,,,,,,,,,,,,,,,,,,,,,,,,,,,,,,,,,,
1849,W2,150,BB_59,BB_059,6,1,0,0,7,1,2,0.00,0.00,,#REF!,,,,,,,,,,,,2,,,,,,,,,,,,,1,,,,,,,,,,,,,,,,,,,,,,,,,,,,,,,,,,,
1845,W2,150,BB_79,BB_079,5,3,0,0,0,3,0,0.00,0.00,,#REF!,,,,,,,,,,,,,,,,,,,,,,,,,3,,,,,,,,,,,,,,,,,,,,,,,,,,,,,,,,,,,
1845,W2,150,BB_79,BB_079,6,2,0,0,0,2,0,0.00,0.00,,#REF!,,,,,,,,,,,,,,,,,2,,,,,,,,,,,,,,,,,,,,,,,,,,,,,,,,,,,,,,,,,,,
1845,W2,150,BB_79,BB_079,8,2,2,0,2,4,0,1.00,4.00,,#REF!,,,,,,2,,,,,,,,,,,,,,,1,,,,1,,,,,,,,,,,,,,,,,,,,,,,,,,,,,,,,,,,
1861,3,151,BB_4,BB_004,NA,0,0,0,0,0,0,#DIV/0!,#DIV/0!,,#REF!,,,,,,,,,,,,,,,,,,,,,,,,,,,,,,,,,,,,,,,,,,,,,,,,,,,,,,,,,,,,
1857,3,151,BB_8,BB_008,7,1,0,0,11,1,0,0.00,0.00,,#REF!,,,,,,,,,,,,,,,,,,,,,1,,,,,,,,,,,,,,,,,,,,,,,,,,,,,,,,,,,,,,,
1853,3,151,BB_51,BB_051,2,3,0,0,0,3,0,0.00,0.00,,#REF!,,,,,,,,,,,,,,,,,2,,,,1,,,,,,,,,,,,,,,,,,,,,,,,,,,,,,,,,,,,,,,
1853,3,151,BB_51,BB_051,3,1,0,0,2,1,0,0.00,0.00,,#REF!,,,,,,,,,1,,,,,,,,,,,,,,,,,,,,,,,,,,,,,,,,,,,,,,,,,,,,,,,,,,,
1865,3,151,BB_211,BB_211,2,0,0,0,0,0,0,#DIV/0!,#DIV/0!,,#REF!,,,,,,,,,,,,,,,,,,,,,,,,,,,,,,,,,,,,,,,,,,,,,,,,,,,,,,,,,,,,
1873,3,152,BB_7,BB_007,1,0,0,0,0,0,0,#DIV/0!,#DIV/0!,,#REF!,,,,,,,,,,,,,,,,,,,,,,,,,,,,,,,,,,,,,,,,,,,,,,,,,,,,,,,,,,,,
1877,3,152,BB_43,BB_043,5,0,1,0,3,1,0,#DIV/0!,#DIV/0!,,#REF!,,,,,,,,,,,,,,,,,,,,,,,,,,,,,,1,,,,,,,,,,,,,,,,,,,,,,,,,,,,,,
1869,3,152,BB_114,BB_114,8,0,0,0,0,0,3,#DIV/0!,#DIV/0!,,#REF!,,,,,,,,,,,,2,,,,,,,,,,,,1,,,,,,,,,,,,,,,,,,,,,,,,,,,,,,,,,,,,
1885,3,153,BB_145,BB_145,1,3,2,0,0,5,4,0.67,3.33,,#REF!,,,,,,,,,,,,,,,,1,,,,2,3,1,,1,,1,,,,,,,,,,,,,,,,,,,,,,,,,,,,,,,,,,
1881,3,153,BB_148,BB_148,8,1,0,0,0,1,8,0.00,0.00,,#REF!,,,,,,,,,1,,,2,,,,,,,,,,,,4,,,,2,,,,,,,,,,,,,,,,,,,,,,,,,,,,,,,,
1889,3,153,BB_179,BB_179,7,1,0,0,0,1,10,0.00,0.00,,#REF!,,,,,,,,,1,,,2,,,,,,,,3,,,,5,,,,,,,,,,,,,,,,,,,,,,,,,,,,,,,,,,,,
1901,3,154,BB_95,BB_095,2,0,0,0,9,0,1,#DIV/0!,#DIV/0!,,#REF!,,,,,,,,,,,,,,,,,,,,,,,,,,,,1,,,,,,,,,,,,,,,,,,,,,,,,,,,,,,,,
1893,3,154,BB_166,BB_166,8,2,0,0,0,2,2,0.00,0.00,,#REF!,,,,,,,,,2,,,,,,,,,,,2,,,,,,,,,,,,,,,,,,,,,,,,,,,,,,,,,,,,,,,,
1897,3,154,BB_205 A,BB_205 A,5,1,1,0,0,2,6,1.00,2.00,,#REF!,,,,1,,,,1,,,,,1,,,,,,,,,,,2,,1,,2,,,,,,,,,,,,,,,,,,,,,,,,,,,,,,,,
1905,3,155,BB_59,BB_059,7,1,1,0,0,2,0,1.00,2.00,,#REF!,,,,,,,,,,,,,,,,,,,,,1,1,,,,,,,,,,,,,,,,,,,,,,,,,,,,,,,,,,,,,,
1905,3,155,BB_59,BB_059,8,4,0,0,0,4,0,0.00,0.00,,#REF!,,,,,,,,,,,,,1,,,,,,,,3,,,,,,,,,,,,,,,,,,,,,,,,,,,,,,,,,,,,,,,
1913,3,155,BB_147,BB_147,2,0,1,0,8,1,0,#DIV/0!,#DIV/0!,,#REF!,,,,,,,,,,,,,,,,,,1,,,,,,,,,,,,,,,,,,,,,,,,,,,,,,,,,,,,,,,,,,
1909,3,155,BB_157,BB_157,7,2,0,0,2,2,0,0.00,0.00,,#REF!,,,,,,,,,1,,,,,,,,1,,,,,,,,,,,,,,,,,,,,,,,,,,,,,,,,,,,,,,,,,,,
1917,3,156,BB_9,BB_009,7,4,3,0,11,7,11,0.75,5.25,,#REF!,,,,,,,,,,1,,,1,,,9,1,,,2,2,2,,,,,,,,,,,,,,,,,,,,,,,,,,,,,,,,,,,,,,
1921,W2,160,BB_20,BB_020,1,2,3,0,0,5,3,1.50,7.50,,#REF!,,,,,,,,,,,,,,,,,,,,3,2,,,,,3,,,,,,,,,,,,,,,,,,,,,,,,,,,,,,,,,,
1921,W2,160,BB_20,BB_020,3,1,0,0,12,1,0,0.00,0.00,,#REF!,,,,,,,,,,,,,,,,,,,,,1,,,,,,,,,,,,,,,,,,,,,,,,,,,,,,,,,,,,,,,
1921,W2,160,BB_20,BB_020,6,0,1,0,6,1,2,#DIV/0!,#DIV/0!,,#REF!,,,,,,,,,,,,1,,,,,,,,,,1,,,,,,,,,,,,,,1,,,,,,,,,,,,,,,,,,,,,,,,
1929,W2,160,BB_102,BB_102,3,2,1,0,2,3,0,0.50,1.50,,#REF!,,,,,,,,,1,,,,,,,,1,,,,,1,,,,,,,,,,,,,,,,,,,,,,,,,,,,,,,,,,,,,,
1925,W2,160,BB_152,BB_152,3,1,3,0,0,4,5,3.00,12.00,,#REF!,,,,,,,,,1,,,,,1,,,,2,,5,,,,,,,,,,,,,,,,,,,,,,,,,,,,,,,,,,,,,,,,
1925,W2,160,BB_152,BB_152,4,2,4,0,0,6,4,2.00,12.00,,#REF!,,,,,,,,,,,,,,,,,2,,,,,4,,4,,,,,,,,,,,,,,,,,,,,,,,,,,,,,,,,,,,,
1925,W2,160,BB_152,BB_152,7,0,1,0,0,1,0,#DIV/0!,#DIV/0!,,#REF!,,,,,,,,,,,,,,,,,,1,,,,,,,,,,,,,,,,,,,,,,,,,,,,,,,,,,,,,,,,,,
,,,,,,,,,,,,#DIV/0!,#DIV/0!,,,,,,,,,,,,,,,,,,,,,,,,,,,,,,,,,,,,,,,,,,,,,,,,,,,,,,,,,,,,,,
,,,,,,,,,,,,#DIV/0!,#DIV/0!,,,,,,,,,,,,,,,,,,,,,,,,,,,,,,,,,,,,,,,,,,,,,,,,,,,,,,,,,,,,,,
,,,,,,,,,,,,#DIV/0!,#DIV/0!,,,,,,,,,,,,,,,,,,,,,,,,,,,,,,,,,,,,,,,,,,,,,,,,,,,,,,,,,,,,,,
,,,,,,,,,,,,#DIV/0!,#DIV/0!,,,,,,,,,,,,,,,,,,,,,,,,,,,,,,,,,,,,,,,,,,,,,,,,,,,,,,,,,,,,,,