 ,,,,,,,,,,Collection Date: 2022-04-13 ,,,,Collection Date: 2022-04-21 to 2022-04-22,,,,Collection Date: 2022-04-28 to 2022-04-29,,,,Collection Date: 2022-05-05,,,,Collection Date: 2022-05-11 to 2022-05-13,,,,Collection Date: 2022-05-20,,,,Collection Date: 2022-05-25 to 2022-05-27,,,,Collection Date: 2022-06-13 to 2022-06-14,,,,Collection Date: NA,,,,Collection Date: 2022-MO-DAY,,,,Collection Date: 2022-MO-DAY,,,
Sequence,Transect,Recipient,Recipient for sorting,Plant number of fitness plant (when chosen),total_closed_fruits,total_open_fruits,eaten_damaged_fruits,total_fruits (open and closed),nonfitness_fruits,# of CLOSED Fruits collected from FITNESS plant,# of OPEN undamaged Fruits collected from FITNESS plant,# of eaten/damaged OPEN Fruits collected from FITNESS plant,# of Fruits collected from any non-fitness plants,# of CLOSED Fruits collected from FITNESS plant,# of OPEN undamaged Fruits collected from FITNESS plant,# of eaten/damaged OPEN Fruits collected from FITNESS plant,# of Fruits collected from any non-fitness plants,# of CLOSED Fruits collected from FITNESS plant,# of OPEN undamaged Fruits collected from FITNESS plant,# of eaten/damaged OPEN Fruits collected from FITNESS plant,# of Fruits collected from any non-fitness plants,# of CLOSED Fruits collected from FITNESS plant,# of OPEN undamaged Fruits collected from FITNESS plant,# of eaten/damaged OPEN Fruits collected from FITNESS plant,# of Fruits collected from any non-fitness plants,# of CLOSED Fruits collected from FITNESS plant,# of OPEN undamaged Fruits collected from FITNESS plant,# of eaten/damaged OPEN Fruits collected from FITNESS plant,# of Fruits collected from any non-fitness plants,# of CLOSED Fruits collected from FITNESS plant,# of OPEN undamaged Fruits collected from FITNESS plant,# of eaten/damaged OPEN Fruits collected from FITNESS plant,# of Fruits collected from any non-fitness plants,# of CLOSED Fruits collected from FITNESS plant,# of OPEN undamaged Fruits collected from FITNESS plant,# of eaten/damaged OPEN Fruits collected from FITNESS plant,# of Fruits collected from any non-fitness plants,# of CLOSED Fruits collected from FITNESS plant,# of OPEN undamaged Fruits collected from FITNESS plant,# of eaten/damaged OPEN Fruits collected from FITNESS plant,# of Fruits collected from any non-fitness plants,# of CLOSED Fruits collected from FITNESS plant,# of OPEN undamaged Fruits collected from FITNESS plant,# of eaten/damaged OPEN Fruits collected from FITNESS plant,# of Fruits collected from any non-fitness plants,# of CLOSED Fruits collected from FITNESS plant,# of OPEN undamaged Fruits collected from FITNESS plant,# of eaten/damaged OPEN Fruits collected from FITNESS plant,# of Fruits collected from any non-fitness plants,# of CLOSED Fruits collected from FITNESS plant,# of OPEN undamaged Fruits collected from FITNESS plant,# of eaten/damaged OPEN Fruits collected from FITNESS plant,# of Fruits collected from any non-fitness plants
89,1,BO_4,BO_004,6,0,1,0,1,0,,,,,,,,,,,,,,,,,,,,,,,,,,1,,,,,,,,,,,,,,,,,,
89,1,BO_4,BO_004,7,0,1,0,1,0,,,,,,,,,,,,,,,,,,,,,,,,,,1,,,,,,,,,,,,,,,,,,
65,1,BO_8,BO_008,2,0,0,0,0,0,,,,,,,,,,,,,,,,,,,,,,,,,,,,,,,,,,,,,,,,,,,,
49,1,BO_12,BO_012,1,0,0,0,0,0,,,,,,,,,,,,,,,,,,,,,,,,,,,,,,,,,,,,,,,,,,,,
9,1,BO_19,BO_019,7,0,0,0,0,0,,,,,,,,,,,,,,,,,,,,,,,,,,,,,,,,,,,,,,,,,,,,
81,1,BO_21,BO_021,1,3,0,0,3,0,,,,,,,,,,,,,,,,,,,,,,,,,3,,,,,,,,,,,,,,,,,,,
81,1,BO_21,BO_021,3,1,0,0,1,0,,,,,,,,,,,,,,,,,,,,,,,,,1,,,,,,,,,,,,,,,,,,,
81,1,BO_21,BO_021,4,1,0,0,1,0,,,,,,,,,,,,,,,,,1,,,,,,,,,,,,,,,,,,,,,,,,,,,
141,1,BO_22,BO_022,NA,0,0,0,0,0,,,,,,,,,,,,,,,,,,,,,,,,,,,,,,,,,,,,,,,,,,,,
85,1,BO_24,BO_024,3,3,0,0,3,0,,,,,,,,,,,,,,,,,2,,,,,,,,1,,,,,,,,,,,,,,,,,,,
45,1,BO_29,BO_029,1,2,1,0,3,0,,,,,,,,,,,,,,,,,,,,,,,,,2,1,,,,,,,,,,,,,,,,,,
57,1,BO_34,BO_034,NA,0,0,0,0,0,,,,,,,,,,,,,,,,,,,,,,,,,,,,,,,,,,,,,,,,,,,,
29,1,BO_43,BO_043,NA,0,0,0,0,0,,,,,,,,,,,,,,,,,,,,,,,,,,,,,,,,,,,,,,,,,,,,
21,1,BO_45,BO_045,5,0,0,0,0,0,,,,,,,,,,,,,,,,,,,,,,,,,,,,,,,,,,,,,,,,,,,,
61,1,BO_47,BO_047,6,0,0,0,0,0,,,,,,,,,,,,,,,,,,,,,,,,,,,,,,,,,,,,,,,,,,,,
25,1,BO_48,BO_048,3,6,0,0,6,0,,,,,,,,,,,,,,,,,2,,,,,,,,4,,,,,,,,,,,,,,,,,,,
25,1,BO_48,BO_048,8,9,0,0,9,0,,,,,,,,,,,,,,,,,5,,,,,,,,4,,,,,,,,,,,,,,,,,,,
93,1,BO_60,BO_060,4,2,2,0,4,0,,,,,,,,,,,,,,,,,,,,,,,,,2,2,,,,,,,,,,,,,,,,,,
13,1,BO_66,BO_066,7,1,0,0,1,0,,,,,,,,,,,,,,,,,1,,,,,,,,,,,,,,,,,,,,,,,,,,,
153,1,BO_79,BO_079,1,0,0,0,0,2,,,,,,,,,,,,,,,,,,,,,,,,2,,,,,,,,,,,,,,,,,,,,
149,1,BO_80,BO_080,1,4,0,0,4,0,,,,,,,,,,,,,,,,,,,,,1,,,,3,,,,,,,,,,,,,,,,,,,
149,1,BO_80,BO_080,2,5,1,0,6,0,,,,,,,,,,,,,,,,,2,,,,,1,,,3,,,,,,,,,,,,,,,,,,,
149,1,BO_80,BO_080,3,11,6,17,17,0,,,,,,,,,,,,,,,,,,,,,1,,17,,10,6,,,,,,,,,,,,,,,,,,
157,1,BO_82,BO_082,2,1,8,0,9,0,,,,,,,,,,,,,,,,,,6,,,,,,,1,2,,,,,,,,,,,,,,,,,,
165,1,BO_94,BO_094,4,5,1,0,6,0,,,,,,,,,,,,,,,,,3,,,,,,,,2,1,,,,,,,,,,,,,,,,,,
109,1,BO_98,BO_098,7,1,0,0,1,0,,,,,,,,,,,,,,,,,,,,,,,,,1,,,,,,,,,,,,,,,,,,,
33,1,BO_99,BO_099,2,5,7,0,12,0,,,,,,,,,,,,,,,,,1,,,,,,,,4,7,,,,,,,,,,,,,,,,,,
41,1,BO_104,BO_104,4,0,0,0,0,0,,,,,,,,,,,,,,,,,,,,,,,,,,,,,,,,,,,,,,,,,,,,
161,1,BO_105,BO_105,NA,0,0,0,0,0,,,,,,,,,,,,,,,,,,,,,,,,,,,,,,,,,,,,,,,,,,,,
53,1,BO_114,BO_114,NA,0,0,0,0,0,,,,,,,,,,,,,,,,,,,,,,,,,,,,,,,,,,,,,,,,,,,,
37,1,BO_115,BO_115,5,0,0,0,0,0,,,,,,,,,,,,,,,,,,,,,,,,,,,,,,,,,,,,,,,,,,,,
73,1,BO_117,BO_117,7,0,0,0,0,0,,,,,,,,,,,,,,,,,,,,,,,,,,,,,,,,,,,,,,,,,,,,
125,1,BO_118,BO_118,3,0,0,0,0,7,,,,,,,,,,,,,,,,,,,,3,,,,,,,,4,,,,,,,,,,,,,,,,
77,1,BO_120,BO_120,2,0,0,0,0,0,,,,,,,,,,,,,,,,,,,,,,,,,,,,,,,,,,,,,,,,,,,,
133,1,BO_121,BO_121,6,0,0,0,0,0,,,,,,,,,,,,,,,,,,,,,,,,,,,,,,,,,,,,,,,,,,,,
145,1,BO_127,BO_127,8,14,24,0,38,0,,,,,,,,,,,,,,,,,,,,,,13,,,14,9,,,,2,,,,,,,,,,,,,,
1,1,BO_130,BO_130,7,15,22,0,37,0,,,,,,,,,,,,,,,,,8,,,,,,,,7,20,,,,2,,,,,,,,,,,,,,
17,1,BO_137,BO_137,8,2,3,0,5,0,,,,,,,,,,,,,,,,,1,,,,1,,,,,3,,,,,,,,,,,,,,,,,,
113,1,BO_139,BO_139,7,0,0,0,0,0,,,,,,,,,,,,,,,,,,,,,,,,,,,,,,,,,,,,,,,,,,,,
,1,BO_141,BO_141,2,7,0,0,7,10,,,,,,,,,,,,,,,,,1,,,3,,,,,6,,,7,,,,,,,,,,,,,,,,
129,1,BO_149,BO_149,1,3,0,0,3,1,,,,,,,,,,,,,,,,,,,,,,,,1,3,,,,,,,,,,,,,,,,,,,
129,1,BO_149,BO_149,4,2,0,0,2,0,,,,,,,,,,,,,,,,,2,,,,,,,,,,,,,,,,,,,,,,,,,,,
169,1,BO_153,BO_153,NA,0,0,0,0,0,,,,,,,,,,,,,,,,,,,,,,,,,,,,,,,,,,,,,,,,,,,,
173,1,BO_155,BO_155,8,0,1,0,1,0,,,,,,,,,,,,,,,,,,1,,,,,,,,,,,,,,,,,,,,,,,,,,
5,1,BO_166,BO_166,6,1,0,0,1,0,,,,,,,,,,,,,,,,,,,,,,,,,1,,,,,,,,,,,,,,,,,,,
121,1,BO_175,BO_175,2,0,0,0,0,0,,,,,,,,,,,,,,,,,,,,,,,,,,,,,,,,,,,,,,,,,,,,
97,1,BO_176,BO_176,5,0,0,0,0,1,,,,,,,,,,,,,,,,,,,,1,,,,,,,,,,,,,,,,,,,,,,,,
105,1,BO_178,BO_178,3,2,0,0,2,4,,,,,,,,,,,,,,,,,,,,4,,,,,2,,,,,,,,,,,,,,,,,,,
117,1,BO_182,BO_182,4,4,0,0,4,0,,,,,,,,,,,,,,,,,2,,,,,,,,2,,,,,,,,,,,,,,,,,,,
101,1,BO_185,BO_185,1,0,0,0,0,0,,,,,,,,,,,,,,,,,,,,,,,,,,,,,,,,,,,,,,,,,,,,
69,1,BO_191,BO_191,6,0,0,0,0,7,,,,,,,,,,,,,,,,,,,,,,,,,,,,7,,,,,,,,,,,,,,,,
277,2,BO_17,BO_017,3,14,18,0,32,0,,,,,,,,,,,,,,,,,2,13,,,1,3,,,11,,,,,2,,,,,,,,,,,,,,
209,2,BO_31,BO_031,NA,0,0,0,0,0,,,,,,,,,,,,,,,,,,,,,,,,,,,,,,,,,,,,,,,,,,,,
261,2,BO_44,BO_044,NA,0,0,0,0,0,,,,,,,,,,,,,,,,,,,,,,,,,,,,,,,,,,,,,,,,,,,,
301,2,BO_50,BO_050,7,1,5,2,6,8,,,,,,,,,,,,,,4,2,,,,,8,1,,,,,1,,,,,,,,,,,,,,,,,,
257,2,BO_51,BO_051,7,2,25,0,27,0,,,,,,,,,,,,,,,,,1,12,,,1,13,,,,,,,,,,,,,,,,,,,,,,
181,2,BO_52,BO_052,4,0,0,0,0,0,,,,,,,,,,,,,,,,,,,,,,,,,,,,,,,,,,,,,,,,,,,,
293,2,BO_55,BO_055,7,9,18,0,27,5,,,,,,,,,,,,,2,,,,5,3,,4,,8,,1,2,7,,,,,,,,,,,,,,,,,,
201,2,BO_56,BO_056,3,1,0,0,1,1,,,,,,,,,,,,,,,,,,,,,,,,1,1,,,,,,,,,,,,,,,,,,,
269,2,BO_61,BO_061,1,2,20,0,22,2,,,,,,,,,,,,,,,,,,8,,2,,,,,2,12,,,,,,,,,,,,,,,,,,
205,2,BO_63,BO_063,2,1,0,0,1,2,,,,,,,,,,,,,,,,,,,,2,,,,,1,,,,,,,,,,,,,,,,,,,
217,2,BO_70,BO_070,NA,0,0,0,0,0,,,,,,,,,,,,,,,,,,,,,,,,,,,,,,,,,,,,,,,,,,,,
241,2,BO_71,BO_071,6,3,0,0,3,16,,,,,,,,,,,,,,,,,3,,,10,,,,,,,,6,,,,,,,,,,,,,,,,
273,2,BO_72,BO_072,2,2,0,0,2,3,,,,,,,,,,,,,,,,,1,,,,1,,,,,,,3,,,,,,,,,,,,,,,,
197,2,BO_78,BO_078,7,1,2,0,3,0,,,,,,,,,,,,,,,,,1,2,,,,,,,,,,,,,,,,,,,,,,,,,,
285,2,BO_86,BO_086,2,10,1,0,11,0,,,,,,,,,,,,,2,,,,8,1,,,,,,,,,,,,,,,,,,,,,,,,,,
285,2,BO_86,BO_086,7,4,4,0,8,0,,,,,,,,,,,,,,,,,2,4,,,2,,,,,,,,,,,,,,,,,,,,,,,
233,2,BO_89,BO_089,3,2,1,0,3,1,,,,,,,,,,,,,,,,,,,,1,1,1,,,1,,,,,,,,,,,,,,,,,,,
297,2,BO_95,BO_095,8,0,0,0,0,3,,,,,,,,,,,,,,,,,,,,3,,,,,,,,,,,,,,,,,,,,,,,,
253,2,BO_106,BO_106,6,1,0,0,1,0,,,,,,,,,,,,,,,,,,,,,,,,,1,,,,,,,,,,,,,,,,,,,
189,2,BO_108,BO_108,NA,0,0,0,0,0,,,,,,,,,,,,,,,,,,,,,,,,,,,,,,,,,,,,,,,,,,,,
221,2,BO_111,BO_111,3,3,4,0,7,0,,,,,,,,,,,,,,,,,1,2,,,1,,,,1,2,,,,,,,,,,,,,,,,,,
213,2,BO_122,BO_122,NA,0,0,0,0,0,,,,,,,,,,,,,,,,,,,,,,,,,,,,,,,,,,,,,,,,,,,,
265,2,BO_125,BO_125,7,0,14,0,14,4,,,,,,,,,,,,,,,,,,,,,,,,3,,14,,1,,,,,,,,,,,,,,,,
225,2,BO_132,BO_132,3,0,4,0,4,14,,,,,,,,,,,,,,,,,,,,8,,,,1,,3,,5,,1,,,,,,,,,,,,,,
177,2,BO_135,BO_135,NA,0,0,0,0,0,,,,,,,,,,,,,,,,,,,,,,,,,,,,,,,,,,,,,,,,,,,,
289,2,BO_152,BO_152,7,9,26,0,35,0,,,,,,,,,,,,,,4,,,1,14,,,1,8,,,7,,,,,,,,,,,,,,,,,,,
289,2,BO_152,BO_152,8,1,12,3,13,0,,,,,,,,,,,,,,,3,,1,12,,,,,,,,,,,,,,,,,,,,,,,,,,
237,2,BO_154,BO_154,8,6,16,0,22,17,,,,,,,,,,,,,,,,,1,6,,12,,,,1,5,10,,4,,,,,,,,,,,,,,,,
245,2,BO_159,BO_159,6,3,1,0,4,0,,,,,,,,,,,,,,,,,2,,,,,,,,1,1,,,,,,,,,,,,,,,,,,
229,2,BO_164,BO_164,5,3,0,0,3,1,,,,,,,,,,,,,,,,,3,,,1,,,,,,,,,,,,,,,,,,,,,,,,
305,2,BO_174,BO_174,2,0,2,0,2,5,,,,,,,,,,,,,,,,2,,2,,3,,,,,,,,,,,,,,,,,,,,,,,,
185,2,BO_189,BO_189,4,2,0,0,2,0,,,,,,,,,,,,,,,,,1,,,,,,,,1,,,,,,,,,,,,,,,,,,,
193,2,BO_198,BO_198,2,0,2,0,2,1,,,,,,,,,,,,,,,,,,,,,,,,1,,2,,,,,,,,,,,,,,,,,,
249,2,BO_199,BO_199,4,1,4,0,5,0,,,,,,,,,,,,,,,,,1,,,,,,,,,4,,,,,,,,,,,,,,,,,,
249,2,BO_199,BO_199,7,3,0,0,3,0,,,,,,,,,,,,,,,,,2,,,,,,,,1,,,,,,,,,,,,,,,,,,,
281,2,BO_200,BO_200,6,3,39,0,42,0,,,,,,,,,,,,,,,,,,21,,,,10,,,3,8,,,,,,,,,,,,,,,,,,
373,3,BO_1,BO_001,5,1,1,0,2,16,,,,,,,,,,,,,,,,,1,,,8,,,,2,,1,,6,,,,,,,,,,,,,,,,
337,3,BO_9,BO_009,NA,0,0,0,0,0,,,,,,,,,,,,,,,,,,,,,,,,,,,,,,,,,,,,,,,,,,,,
405,3,BO_13,BO_013,NA,0,0,0,0,0,,,,,,,,,,,,,,,,,,,,,,,,,,,,,,,,,,,,,,,,,,,,
397,3,BO_25,BO_025,5,0,0,0,0,0,,,,,,,,,,,,,,,,,,,,,,,,,,,,,,,,,,,,,,,,,,,,
425,3,BO_28,BO_028,1,0,0,0,0,0,,,,,,,,,,,,,,,,,,,,,,,,,,,,,,,,,,,,,,,,,,,,
345,3,BO_53,BO_053,NA,0,0,0,0,0,,,,,,,,,,,,,,,,,,,,,,,,,,,,,,,,,,,,,,,,,,,,
433,3,BO_54,BO_054,1,0,0,0,0,0,,,,,,,,,,,,,,,,,,,,,,,,,,,,,,,,,,,,,,,,,,,,
341,3,BO_67,BO_067,NA,0,0,0,0,0,,,,,,,,,,,,,,,,,,,,,,,,,,,,,,,,,,,,,,,,,,,,
353,3,BO_69,BO_069,1,6,0,0,6,1,,,,,,,,,,,,,,,,,1,,,1,,,,,5,,,,,,,,,,,,,,,,,,,
333,3,BO_85,BO_085,NA,0,0,0,0,0,,,,,,,,,,,,,,,,,,,,,,,,,,,,,,,,,,,,,,,,,,,,
437,3,BO_88,BO_088,5,3,10,0,13,0,,,,,,,,,,,,,,2,,,,6,,,,,,,3,2,,,,,,,,,,,,,,,,,,
321,3,BO_96,BO_096,NA,0,0,0,0,0,,,,,,,,,,,,,,,,,,,,,,,,,,,,,,,,,,,,,,,,,,,,
377,3,BO_100,BO_100,8,0,0,0,0,0,,,,,,,,,,,,,,,,,,,,,,,,,,,,,,,,,,,,,,,,,,,,
389,3,BO_116,BO_116,6,2,3,0,5,0,,,,,,,,,,,,,,,,,2,,,,,,,,,3,,,,,,,,,,,,,,,,,,
357,3,BO_123,BO_123,2,0,0,0,0,2,,,,,,,,,,,,,,,,,,,,2,,,,,,,,,,,,,,,,,,,,,,,,
309,3,BO_124,BO_124,NA,0,0,0,0,0,,,,,,,,,,,,,,,,,,,,,,,,,,,,,,,,,,,,,,,,,,,,
349,3,BO_126,BO_126,3,2,1,0,3,0,,,,,,,,,,,,,,,,,,,,,,,,,2,1,,,,,,,,,,,,,,,,,,
,3,BO_126,BO_126,6,1,0,0,1,0,,,,,,,,,,,,,1,,,,,,,,,,,,,,,,,,,,,,,,,,,,,,,
401,3,BO_134,BO_134,5,0,0,0,0,0,,,,,,,,,,,,,,,,,,,,,,,,,,,,,,,,,,,,,,,,,,,,
417,3,BO_140,BO_140,1,0,0,0,0,0,,,,,,,,,,,,,,,,,,,,,,,,,,,,,,,,,,,,,,,,,,,,
413,3,BO_142,BO_142,5,0,1,0,1,0,,,,,,,,,,,,,,,,,,,,,,1,,,,,,,,,,,,,,,,,,,,,,
413,3,BO_142,BO_142,8,0,10,0,10,0,,,,,,,,,,,,,,,,,,4,,,,,,,,6,,,,,,,,,,,,,,,,,,
317,3,BO_143,BO_143,NA,0,0,0,0,0,,,,,,,,,,,,,,,,,,,,,,,,,,,,,,,,,,,,,,,,,,,,
409,3,BO_145,BO_145,4,1,0,0,1,2,,,,,,,,,,,,,1,,,,,,,2,,,,,,,,,,,,,,,,,,,,,,,,
381,3,BO_146,BO_146,7,3,5,0,8,2,,,,,,,,,,,,,,1,,,3,4,,2,,,,,,,,,,,,,,,,,,,,,,,,
365,3,BO_148,BO_148,NA,0,0,0,0,0,,,,,,,,,,,,,,,,,,,,,,,,,,,,,,,,,,,,,,,,,,,,
361,3,BO_150,BO_150,4,1,0,0,1,6,,,,,,,,,,,,,,,,,1,,,4,,,,1,,,,1,,,,,,,,,,,,,,,,
421,3,BO_151,BO_151,6,0,0,0,0,0,,,,,,,,,,,,,,,,,,,,,,,,,,,,,,,,,,,,,,,,,,,,
369,3,BO_158,BO_158,1,1,0,0,1,2,,,,,,,,,,,,,,,,,,,,2,,,,,1,,,,,,,,,,,,,,,,,,,
385,3,BO_169,BO_169,6,3,10,0,13,0,,,,,,,,,,,,,1,,,,1,9,,,1,,,,,,,,,1,,,,,,,,,,,,,,
393,3,BO_171,BO_171,3,1,0,0,1,9,,,,,,,,,,,,,,,,,1,,,2,,,,,,,,7,,,,,,,,,,,,,,,,
325,3,BO_180,BO_180,NA,0,0,0,0,0,,,,,,,,,,,,,,,,,,,,,,,,,,,,,,,,,,,,,,,,,,,,
329,3,BO_186,BO_186,NA,0,0,0,0,0,,,,,,,,,,,,,,,,,,,,,,,,,,,,,,,,,,,,,,,,,,,,
429,3,BO_190,BO_190,NA,0,0,0,0,0,,,,,,,,,,,,,,,,,,,,,,,,,,,,,,,,,,,,,,,,,,,,
313,3,BO_201,BO_201,7,1,1,0,2,0,,,,,,,,,,,,,,,,,,,,,1,,,,,1,,,,,,,,,,,,,,,,,,
441,4,BO_14,BO_014,2,1,0,0,1,0,,,,,,,,,,,,,,,,,1,,,,,,,,,,,,,,,,,,,,,,,,,,,
473,4,BO_15,BO_015,2,0,1,0,1,0,,,,,,,,,,,,,,,,,,,,,,,,,,,,,,1,,,,,,,,,,,,,,
481,4,BO_18,BO_018,NA,0,0,0,0,0,,,,,,,,,,,,,,,,,,,,,,,,,,,,,,,,,,,,,,,,,,,,
461,4,BO_20,BO_020,8,0,0,0,0,0,,,,,,,,,,,,,,,,,,,,,,,,,,,,,,,,,,,,,,,,,,,,
497,4,BO_27,BO_027,NA,0,0,0,0,0,,,,,,,,,,,,,,,,,,,,,,,,,,,,,,,,,,,,,,,,,,,,
489,4,BO_32,BO_032,NA,0,0,0,0,0,,,,,,,,,,,,,,,,,,,,,,,,,,,,,,,,,,,,,,,,,,,,
501,4,BO_37,BO_037,NA,0,0,0,0,0,,,,,,,,,,,,,,,,,,,,,,,,,,,,,,,,,,,,,,,,,,,,
469,4,BO_46,BO_046,3,0,0,0,0,0,,,,,,,,,,,,,,,,,,,,,,,,,,,,,,,,,,,,,,,,,,,,
453,4,BO_81,BO_081,NA,0,0,0,0,0,,,,,,,,,,,,,,,,,,,,,,,,,,,,,,,,,,,,,,,,,,,,
513,4,BO_87,BO_087,NA,0,0,0,0,0,,,,,,,,,,,,,,,,,,,,,,,,,,,,,,,,,,,,,,,,,,,,
465,4,BO_90,BO_090,8,2,0,0,2,0,,,,,,,,,,,,,,,,,2,,,,,,,,,,,,,,,,,,,,,,,,,,,
445,4,BO_91,BO_091,NA,0,0,0,0,0,,,,,,,,,,,,,,,,,,,,,,,,,,,,,,,,,,,,,,,,,,,,
521,4,BO_102,BO_102,NA,0,0,0,0,0,,,,,,,,,,,,,,,,,,,,,,,,,,,,,,,,,,,,,,,,,,,,
493,4,BO_131,BO_131,3,0,0,0,0,0,,,,,,,,,,,,,,,,,,,,,,,,,,,,,,,,,,,,,,,,,,,,
485,4,BO_144,BO_144,3,0,0,0,0,1,,,,1,,,,,,,,,,,,,,,,,,,,,,,,,,,,,,,,,,,,,,,,
505,4,BO_147,BO_147,3,0,0,0,0,0,,,,,,,,,,,,,,,,,,,,,,,,,,,,,,,,,,,,,,,,,,,,
457,4,BO_157,BO_157,NA,0,0,0,0,0,,,,,,,,,,,,,,,,,,,,,,,,,,,,,,,,,,,,,,,,,,,,
517,4,BO_161,BO_161,6,0,0,0,0,0,,,,,,,,,,,,,,,,,,,,,,,,,,,,,,,,,,,,,,,,,,,,
509,4,BO_167,BO_167,7,1,1,0,2,0,,,,,,,,,,,,,,,,,,,,,1,1,,,,,,,,,,,,,,,,,,,,,,
449,4,BO_177,BO_177,NA,0,0,0,0,0,,,,,,,,,,,,,,,,,,,,,,,,,,,,,,,,,,,,,,,,,,,,
525,4,BO_184,BO_184,7,0,1,0,1,0,,,,,,1,,,,,,,,,,,,,,,,,,,,,,,,,,,,,,,,,,,,,,
477,4,BO_195,BO_195,3,0,0,0,0,0,,,,,,,,,,,,,,,,,,,,,,,,,,,,,,,,,,,,,,,,,,,,
569,5,BO_1,BO_001,4,0,0,0,0,0,,,,,,,,,,,,,,,,,,,,,,,,,,,,,,,,,,,,,,,,,,,,
545,5,BO_12,BO_012,2,0,3,0,3,0,,,,,,,,,,,,,,,,,,,,,,,,,,3,,,,,,,,,,,,,,,,,,
565,5,BO_14,BO_014,7,2,1,0,3,0,,1,,,,,,,,,,,,,,,1,,,,,,,,1,,,,,,,,,,,,,,,,,,,
593,5,BO_17,BO_017,6,3,3,0,6,0,,,,,,,,,1,,,,,,,,2,3,,,,,,,,,,,,,,,,,,,,,,,,,,
549,5,BO_20,BO_020,1,0,7,0,7,0,,,,,,,,,,4,,,,,,,,,,,,,,,,2,,,,1,,,,,,,,,,,,,,
553,5,BO_22,BO_022,2,0,0,0,0,0,,,,,,,,,,,,,,,,,,,,,,,,,,,,,,,,,,,,,,,,,,,,
645,5,BO_27,BO_027,NA,0,0,0,0,0,,,,,,,,,,,,,,,,,,,,,,,,,,,,,,,,,,,,,,,,,,,,
641,5,BO_28,BO_028,5,0,0,0,0,0,,,,,,,,,,,,,,,,,,,,,,,,,,,,,,,,,,,,,,,,,,,,
669,5,BO_31,BO_031,6,0,1,0,1,1,,,,,,1,,,,,,,,,,,,,,1,,,,,,,,,,,,,,,,,,,,,,,,
697,5,BO_44,BO_044,NA,0,0,0,0,0,,,,,,,,,,,,,,,,,,,,,,,,,,,,,,,,,,,,,,,,,,,,
589,5,BO_45,BO_045,5,1,0,0,1,0,,,,,,,,,,,,,,,,,,,,,,,,,1,,,,,,,,,,,,,,,,,,,
681,5,BO_46,BO_046,NA,0,0,0,0,0,,,,,,,,,,,,,,,,,,,,,,,,,,,,,,,,,,,,,,,,,,,,
693,5,BO_47,BO_047,4,0,0,0,0,0,,,,,,,,,,,,,,,,,,,,,,,,,,,,,,,,,,,,,,,,,,,,
629,5,BO_51,BO_051,1,1,0,0,1,1,,,,,,,,,,,,1,,,,,1,,,,,,,,,,,,,,,,,,,,,,,,,,,
661,5,BO_53,BO_053,NA,0,0,0,0,0,,,,,,,,,,,,,,,,,,,,,,,,,,,,,,,,,,,,,,,,,,,,
537,5,BO_60,BO_060,8,0,0,0,0,2,,,,,,,,,,,,,,,,,,,,2,,,,,,,,,,,,,,,,,,,,,,,,
541,5,BO_63,BO_063,8,0,0,0,0,1,,,,,,,,,,,,,,,,,,,,1,,,,,,,,,,,,,,,,,,,,,,,,
601,5,BO_71,BO_071,3,1,0,0,1,0,,,,,,,,,,,,,,,,,1,,,,,,,,,,,,,,,,,,,,,,,,,,,
609,5,BO_79,BO_079,4,7,2,0,9,4,,,,,,,,,,,,,,,,,1,2,,,,,,,4,,,4,2,,,,,,,,,,,,,,,
581,5,BO_81,BO_081,NA,0,0,0,0,0,,,,,,,,,,,,,,,,,,,,,,,,,,,,,,,,,,,,,,,,,,,,
585,5,BO_82,BO_082,5,3,0,1,3,0,,,1,,,,,,,,,,,,,,1,,,,,,,,2,,,,,,,,,,,,,,,,,,,
585,5,BO_82,BO_082,6,0,3,0,3,0,,,,,,,,,,,,,,1,,,,,,,,,,,,,,,,2,,,,,,,,,,,,,,
585,5,BO_82,BO_082,7,1,3,0,4,0,,,,,,1,,,,,,,,,,,1,,,,,,,,,,,,,2,,,,,,,,,,,,,,
613,5,BO_85,BO_085,6,0,0,0,0,0,,,,,,,,,,,,,,,,,,,,,,,,,,,,,,,,,,,,,,,,,,,,
605,5,BO_86,BO_086,3,2,18,0,20,0,,,,,,,,,,,,,,1,,,,,,,,,,,,11,,,2,6,,,,,,,,,,,,,,
573,5,BO_89,BO_089,7,2,1,0,3,0,,,,,,1,,,,,,,,,,,,,,,,,,,2,,,,,,,,,,,,,,,,,,,
577,5,BO_95,BO_095,8,0,2,0,2,4,,,,,,1,,,,,,,,,,2,,,,2,,,,,,1,,,,,,,,,,,,,,,,,,
621,5,BO_98,BO_098,5,5,0,0,5,9,,,,,,,,,,,,,,,,,5,,,6,,,,,,,,3,,,,,,,,,,,,,,,,
637,5,BO_106,BO_106,NA,0,0,0,0,0,,,,,,,,,,,,,,,,,,,,,,,,,,,,,,,,,,,,,,,,,,,,
557,5,BO_108,BO_108,1,0,0,0,0,3,,,,3,,,,,,,,,,,,,,,,,,,,,,,,,,,,,,,,,,,,,,,,
649,5,BO_111,BO_111,NA,0,0,0,0,0,,,,,,,,,,,,,,,,,,,,,,,,,,,,,,,,,,,,,,,,,,,,
677,5,BO_114,BO_114,8,0,2,0,2,0,,,,,,1,,,,,,,,,,,,,,,,,,,,1,,,,,,,,,,,,,,,,,,
597,5,BO_115,BO_115,2,1,3,0,4,8,,,,,,,,,,,,,,,,,1,2,,6,,,,,,1,,2,,,,,,,,,,,,,,,,
685,5,BO_117,BO_117,1,0,0,1,0,0,,,,,,,1,,,,,,,,,,,,,,,,,,,,,,,,,,,,,,,,,,,,,
533,5,BO_121,BO_121,7,2,5,0,7,0,,,,,,,,,,,,,,,,,,,,,,,,,2,5,,,,,,,,,,,,,,,,,,
701,5,BO_122,BO_122,7,0,0,0,0,0,,,,,,,,,,,,,,,,,,,,,,,,,,,,,,,,,,,,,,,,,,,,
673,5,BO_140,BO_140,4,1,5,0,6,0,,,,,,5,,,,,,,,,,,,,,,1,,,,,,,,,,,,,,,,,,,,,,,
617,5,BO_141,BO_141,NA,0,0,0,0,0,,,,,,,,,,,,,,,,,,,,,,,,,,,,,,,,,,,,,,,,,,,,
653,5,BO_145,BO_145,NA,0,0,0,0,0,,,,,,,,,,,,,,,,,,,,,,,,,,,,,,,,,,,,,,,,,,,,
657,5,BO_146,BO_146,NA,0,0,0,0,0,,,,,,,,,,,,,,,,,,,,,,,,,,,,,,,,,,,,,,,,,,,,
,5,BO_149,BO_149,2,3,0,0,3,0,,,,,,,,,,,,,,,,,3,,,,,,,,,,,,,,,,,,,,,,,,,,,
633,5,BO_149,BO_149,3,3,0,0,3,0,,,,,,,,,,,,,,,,,1,,,,,,,,2,,,,,,,,,,,,,,,,,,,
529,5,BO_171,BO_171,1,0,1,0,1,3,,,,,,,,,,1,,,,,,,,,,,,,,1,,,,2,,,,,,,,,,,,,,,,
689,5,BO_186,BO_186,6,0,0,0,0,0,,,,,,,,,,,,,,,,,,,,,,,,,,,,,,,,,,,,,,,,,,,,
665,5,BO_195,BO_195,4,0,0,0,0,0,,,,,,,,,,,,,,,,,,,,,,,,,,,,,,,,,,,,,,,,,,,,
561,5,BO_198,BO_198,8,0,0,0,0,4,,,,2,,,,,,,,,,,,,,,,2,,,,,,,,,,,,,,,,,,,,,,,,
625,5,BO_199,BO_199,NA,0,0,0,0,0,,,,,,,,,,,,,,,,,,,,,,,,,,,,,,,,,,,,,,,,,,,,
713,6,BO_8,BO_008,7,5,5,9,10,3,,5,,,,,6,,,,,,1,,,,3,,2,,,,,,1,,,3,,,,,,,1,,,,,,,,,
725,6,BO_25,BO_025,6,0,1,0,1,4,,1,,,,,,,,,,,,,,,,,,,,,,4,,,,,,,,,,,,,,,,,,,,
725,6,BO_25,BO_025,7,4,2,0,6,7,,,,,,,,,,,,,,,,1,3,,,5,1,,,1,,,,,,2,,,,,,,,,,,,,,
777,6,BO_32,BO_032,4,1,0,0,1,1,,,,1,,,,,,,,,,,,,,,,,1,,,,,,,,,,,,,,,,,,,,,,,
721,6,BO_50,BO_050,4,0,0,1,0,1,,,,,,,1,,,,,,,,,,,,,,,,,,,,,1,,,,,,,,,,,,,,,,
745,6,BO_52,BO_052,2,0,6,7,6,2,,3,,,,,7,,,,,,,,,1,,3,,,,,,1,,,,,,,,,,,,,,,,,,,,
737,6,BO_56,BO_056,8,3,14,3,17,5,,2,,,,,3,,,,,,,,,,,,,4,,,,,3,10,,1,,2,,,,,,,,,,,,,,
705,6,BO_61,BO_061,3,3,8,2,11,17,,,,,,,,,,,,,1,,1,,,,1,10,,,,3,,7,,4,2,1,,,,,,,,,,,,,,
781,6,BO_70,BO_070,5,2,7,2,9,2,,1,,,,,,,,,,,,,2,2,,5,,,,,,,1,,,,1,,,,,1,,,,,,,,,,
757,6,BO_78,BO_078,4,1,0,0,1,3,,,,,,,,,,,,,,,,,1,,,,,,,,,,,3,,,,,,,,,,,,,,,,
797,6,BO_90,BO_090,1,2,2,0,4,13,,,,1,,,,,,,,,,,,,,,,2,,,,1,2,2,,9,,,,,,,,,,,,,,,,
785,6,BO_96,BO_096,4,0,0,0,0,0,,,,,,,,,,,,,,,,,,,,,,,,,,,,,,,,,,,,,,,,,,,,
749,6,BO_118,BO_118,1,0,2,0,2,1,,,,,,2,,,,,,,,,,,,,,,,,,,,,,1,,,,,,,,,,,,,,,,
769,6,BO_120,BO_120,7,0,1,0,1,4,,,,,,1,,,,,,,,,,,,,,4,,,,,,,,,,,,,,,,,,,,,,,,
761,6,BO_127,BO_127,2,0,4,2,4,0,,1,,,,3,,,,,,,,,2,,,,,,,,,,,,,,,,,,,,,,,,,,,,,
761,6,BO_127,BO_127,5,1,1,0,2,0,,,,,,1,,,,,,,,,,,,,,,1,,,,,,,,,,,,,,,,,,,,,,,
761,6,BO_127,BO_127,7,1,0,0,1,0,,,,,,,,,,,,,,,,,1,,,,,,,,,,,,,,,,,,,,,,,,,,,
765,6,BO_130,BO_130,2,0,0,0,0,0,,,,,,,,,,,,,,,,,,,,,,,,,,,,,,,,,,,,,,,,,,,,
765,6,BO_130,BO_130,8,1,0,0,1,0,,,,,,,,,,,,,,,,,,,,,,,,,1,,,,,,,,,,,,,,,,,,,
709,6,BO_131,BO_131,5,5,27,6,32,1,,,,,,6,,,1,,6,,1,12,,,1,9,,,,,,,2,,,1,,,,,,,,,,,,,,,,
733,6,BO_132,BO_132,6,0,3,0,3,0,,,,,,,,,,,,,,,,,,2,,,,,,,,,,,,,,,,1,,,,,,,,,,
741,6,BO_137,BO_137,2,2,2,0,4,0,,,,,,1,,,,,,,,,,,,,,,,,,,2,,,,,1,,,,,,,,,,,,,,
741,6,BO_137,BO_137,7,0,7,0,7,1,,1,,,,6,,,,,,,,,,,,,,,,,,1,,,,,,,,,,,,,,,,,,,,
753,6,BO_139,BO_139,8,0,0,0,0,1,,,,,,,,,,,,,,,,,,,,1,,,,,,,,,,,,,,,,,,,,,,,,
809,6,BO_142,BO_142,4,2,17,0,19,0,,,,,,,,,1,1,,,,4,,,,8,,,1,,,,,,,,,4,,,,,,,,,,,,,,
809,6,BO_142,BO_142,7,1,0,0,1,2,,,,,,,,,,,,,,,,2,1,,,,,,,,,,,,,,,,,,,,,,,,,,,
729,6,BO_147,BO_147,8,0,0,0,0,0,,,,,,,,,,,,,,,,,,,,,,,,,,,,,,,,,,,,,,,,,,,,
805,6,BO_151,BO_151,3,2,5,0,7,0,,,,,,,,,,,,,2,2,,,,,,,,,,,,3,,,,,,,,,,,,,,,,,,
805,6,BO_151,BO_151,6,2,7,0,9,0,,,,,,,,,,,,,,,,,2,7,,,,,,,,,,,,,,,,,,,,,,,,,,
805,6,BO_151,BO_151,8,1,0,0,1,0,,,,,,,,,,,,,,,,,,,,,1,,,,,,,,,,,,,,,,,,,,,,,
717,6,BO_153,BO_153,1,0,3,0,3,8,,1,,,,2,,,,,,,,,,,,,,5,,,,3,,,,,,,,,,,,,,,,,,,,
793,6,BO_157,BO_157,6,4,14,0,18,0,,,,,1,5,,,,,,,,9,,,3,,,,,,,,,,,,,,,,,,,,,,,,,,,
817,6,BO_158,BO_158,2,0,9,0,9,0,,2,,,,,,,,,,,,,,,,,,,,,,,,1,,,,6,,,,,,,,,,,,,,
789,6,BO_161,BO_161,1,1,3,0,4,0,,,,,,,,,,,,,,,,,1,,,,,,,,,,,,,3,,,,,,,,,,,,,,
813,6,BO_174,BO_174,1,2,2,0,4,2,,,,,,,,,,,,,,,,,2,2,,2,,,,,,,,,,,,,,,,,,,,,,,,
821,6,BO_182,BO_182,5,4,9,0,13,0,,,,,,,,,,,,,,,,,,8,,,,,,,4,1,,,,,,,,,,,,,,,,,,
821,6,BO_182,BO_182,7,2,10,2,12,0,1,,,,,,,,,,2,,,,,,,9,,,1,,,,,1,,,,,,,,,,,,,,,,,,
821,6,BO_182,BO_182,8,1,0,0,1,0,,,,,,,,,,,,,1,,,,,,,,,,,,,,,,,,,,,,,,,,,,,,,
801,6,BO_191,BO_191,4,4,16,0,20,0,,,,,,,,,,,,,1,3,,,1,9,,,1,,,,1,,,,,4,,,,,,,,,,,,,,
773,6,BO_200,BO_200,8,2,0,0,2,0,,,,,,,,,,,,,,,,,2,,,,,,,,,,,,,,,,,,,,,,,,,,,
877,7,BO_13,BO_013,3,1,0,0,1,4,,,,,,,,,,,,,,,,,1,,,4,,,,,,,,,,,,,,,,,,,,,,,,
865,7,BO_24,BO_024,4,2,0,0,2,0,,,,,,,,,1,,,,1,,,,,,,,,,,,,,,,,,,,,,,,,,,,,,,
829,7,BO_29,BO_029,1,0,0,0,0,0,,,,,,,,,,,,,,,,,,,,,,,,,,,,,,,,,,,,,,,,,,,,
849,7,BO_43,BO_043,7,0,0,0,0,0,,,,,,,,,,,,,,,,,,,,,,,,,,,,,,,,,,,,,,,,,,,,
841,7,BO_55,BO_055,2,1,0,0,1,4,,,,,,,,,,,,,,,,,,,,3,,,,,1,,,1,,,,,,,,,,,,,,,,
853,7,BO_67,BO_067,2,0,0,0,0,12,,,,,,,,,,,,1,,,,,,,,11,,,,,,,,,,,,,,,,,,,,,,,,
905,7,BO_69,BO_069,5,0,0,0,0,0,,,,,,,,,,,,,,,,,,,,,,,,,,,,,,,,,,,,,,,,,,,,
901,7,BO_72,BO_072,7,1,0,0,1,1,,,,,,,,,,,,,,,,,1,,,,,,,1,,,,,,,,,,,,,,,,,,,,
825,7,BO_80,BO_080,2,0,0,0,0,0,,,,,,,,,,,,,,,,,,,,,,,,,,,,,,,,,,,,,,,,,,,,
869,7,BO_87,BO_087,3,0,0,0,0,0,,,,,,,,,,,,,,,,,,,,,,,,,,,,,,,,,,,,,,,,,,,,
885,7,BO_94,BO_094,1,0,0,0,0,9,,,,,,,,,,,,1,,,,2,,,,6,,,,,,,,,,,,,,,,,,,,,,,,
913,7,BO_99,BO_099,7,3,0,1,3,3,,,,1,,,,,,,,,,,1,,3,,,2,,,,,,,,,,,,,,,,,,,,,,,,
837,7,BO_104,BO_104,2,4,6,0,10,1,,,,1,,,,,,,,,,,,,2,,,,,,,,2,6,,,,,,,,,,,,,,,,,,
861,7,BO_105,BO_105,6,0,0,0,0,0,,,,,,,,,,,,,,,,,,,,,,,,,,,,,,,,,,,,,,,,,,,,
925,7,BO_123,BO_123,1,1,0,0,1,0,,,,,,,,,,,,,,,,,1,,,,,,,,,,,,,,,,,,,,,,,,,,,
893,7,BO_124,BO_124,7,1,4,0,5,6,1,,,,,,,,,,,,,,,1,,,,5,,,,,,2,,,,2,,,,,,,,,,,,,,
873,7,BO_125,BO_125,7,5,1,0,6,21,,,,,,,,,,,,,,,,,,,,12,5,,,2,,1,,7,,,,,,,,,,,,,,,,
845,7,BO_135,BO_135,3,2,1,0,3,7,,,,,,,,,,,,,,,,,,,,5,,,,1,2,1,,1,,,,,,,,,,,,,,,,
881,7,BO_150,BO_150,3,2,0,0,2,4,,,,,,,,,,,,,1,,,1,,,,1,1,,,2,,,,,,,,,,,,,,,,,,,,
921,7,BO_155,BO_155,8,3,0,0,3,2,,,,,,,,,,,,2,1,,,,1,,,,1,,,,,,,,,,,,,,,,,,,,,,,
909,7,BO_159,BO_159,1,0,0,0,0,0,,,,,,,,,,,,,,,,,,,,,,,,,,,,,,,,,,,,,,,,,,,,
917,7,BO_164,BO_164,6,1,0,0,1,5,,,,,,,,,,,,,,,,,,,,,,,,5,1,,,,,,,,,,,,,,,,,,,
897,7,BO_166,BO_166,1,0,6,0,6,0,,,,,,,,,,,,,,,,,,4,,,,,,,,2,,,,,,,,,,,,,,,,,,
897,7,BO_166,BO_166,5,1,0,0,1,0,,,,,,,,,,,,,,,,,,,,,,,,,1,,,,,,,,,,,,,,,,,,,
897,7,BO_166,BO_166,7,3,1,7,4,2,,,,,,,,,,,,,,,7,,,1,,1,,,,1,3,,,,,,,,,,,,,,,,,,,
857,7,BO_177,BO_177,6,0,0,0,0,13,,,,,,,,,,,,,,,,,,,,11,,,,2,,,,,,,,,,,,,,,,,,,,
889,7,BO_185,BO_185,2,0,0,0,0,0,,,,,,,,,,,,,,,,,,,,,,,,,,,,,,,,,,,,,,,,,,,,
833,7,BO_189,BO_189,3,0,1,0,1,0,,,,,,,,,,,,,,,,,,,,,,1,,,,,,,,,,,,,,,,,,,,,,
833,7,BO_189,BO_189,4,0,1,0,1,0,,,,,,,,,,,,,,,,,,,,,,1,,,,,,,,,,,,,,,,,,,,,,
833,7,BO_189,BO_189,6,0,2,0,2,0,,,,,,,,,,,,,,,,,,,,,,1,,,,,,,,1,,,,,,,,,,,,,,
1029,8,BO_4,BO_004,2,3,3,0,6,0,,1,,,,,,,,,,,,,,,1,2,,,,,,,2,,,,,,,,,,,,,,,,,,,
1037,8,BO_9,BO_009,7,4,31,0,35,0,,,,,,,,,,,,,,,,,4,18,,,,,,,,13,,,,,,,,,,,,,,,,,,
1025,8,BO_15,BO_015,3,2,1,0,3,0,,,,,,,,,,,,,,,,,,,,,1,,,,1,1,,,,,,,,,,,,,,,,,,
961,8,BO_18,BO_018,6,0,0,0,0,3,,,,1,,,,,,,,2,,,,,,,,,,,,,,,,,,,,,,,,,,,,,,,,
969,8,BO_19,BO_019,3,1,0,0,1,3,,,,,1,,,,,,,,,,,,,,,1,,,,2,,,,,,,,,,,,,,,,,,,,
1005,8,BO_21,BO_021,3,9,9,0,18,0,,,,,,1,,,,,,,,,,,2,5,,,,,,,7,1,,,,2,,,,,,,,,,,,,,
1005,8,BO_21,BO_021,4,3,5,0,8,0,,,,,,2,,,,,,,,,,,2,3,,,,,,,1,,,,,,,,,,,,,,,,,,,
1005,8,BO_21,BO_021,6,4,6,0,10,2,,,,,,,,,,,,,,,,,3,5,,2,,,,,1,,,,,1,,,,,,,,,,,,,,
981,8,BO_34,BO_034,4,1,0,0,1,3,,,,,1,,,,,,,1,,,,,,,,2,,,,,,,,,,,,,,,,,,,,,,,,
957,8,BO_37,BO_037,6,0,7,0,7,13,,,,,,7,,,,,,1,,,,,,,,11,,,,1,,,,,,,,,,,,,,,,,,,,
997,8,BO_48,BO_048,1,1,0,1,1,2,,,,,,,,,,,,,,,,,,,,2,,,,,,,,,1,,,,,,1,,,,,,,,,
997,8,BO_48,BO_048,6,0,1,0,1,0,,,,,,,,,,,,,,,,,,1,,,,,,,,,,,,,,,,,,,,,,,,,,
997,8,BO_48,BO_048,8,3,3,3,6,0,,,,,,2,,,1,,3,,,,,,2,1,,,,,,,,,,,,,,,,,,,,,,,,,,
937,8,BO_54,BO_054,8,0,0,0,0,2,,,,,,,,,,,,,,,,,,,,2,,,,,,,,,,,,,,,,,,,,,,,,
973,8,BO_66,BO_066,6,0,0,0,0,1,,,,,,,,,,,,,,,,,,,,,,,,,,,,1,,,,,,,,,,,,,,,,
933,8,BO_88,BO_088,1,2,1,0,3,8,,,,,,1,,,1,,,1,,,,,,,,7,1,,,,,,,,,,,,,,,,,,,,,,,
993,8,BO_91,BO_091,2,9,5,0,14,3,,,,,1,1,,,2,,,1,,,,,6,4,,2,,,,,,,,,,,,,,,,,,,,,,,,
953,8,BO_100,BO_100,2,2,2,0,4,2,,,,,,2,,,,,,,,,,,2,,,2,,,,,,,,,,,,,,,,,,,,,,,,
1053,8,BO_102,BO_102,3,3,4,0,7,11,,,,,,,,,,,,,,,,,2,3,,7,,,,,1,1,,4,,,,,,,,,,,,,,,,
941,8,BO_116,BO_116,5,1,2,0,3,0,1,,,,,2,,,,,,,,,,,,,,,,,,,,,,,,,,,,,,,,,,,,,,
1001,8,BO_126,BO_126,1,2,4,0,6,2,,,,,,,,,,,,,,,,,1,3,,2,,,,,,,,,1,1,,,,,,,,,,,,,,
1001,8,BO_126,BO_126,3,1,1,0,2,0,,,,,,,,,,,,,,,,,1,1,,,,,,,,,,,,,,,,,,,,,,,,,,
1001,8,BO_126,BO_126,4,5,3,0,8,4,,,,,,,,,,,,4,,,,,2,3,,,,,,,3,,,,,,,,,,,,,,,,,,,
989,8,BO_134,BO_134,7,1,5,0,6,6,,,,,,1,,,,2,,,,,,,1,2,,4,,,,,,,,2,,,,,,,,,,,,,,,,
977,8,BO_143,BO_143,3,1,0,0,1,1,,,,,,,,,1,,,1,,,,,,,,,,,,,,,,,,,,,,,,,,,,,,,,
1041,8,BO_144,BO_144,5,0,2,0,2,0,,,,,,,,,,,,,,,,,,2,,,,,,,0,,,,,,,,,,,,,,,,,,,
945,8,BO_148,BO_148,8,0,5,0,5,9,,,,,,1,,,,,,2,,1,,,,,,7,,2,,,,,,,,1,,,,,,,,,,,,,,
929,8,BO_152,BO_152,4,5,0,0,5,0,,,,,,,,,,,,,,,,,2,,,,2,,,,1,,,,,,,,,,,,,,,,,,,
929,8,BO_152,BO_152,5,1,6,0,7,1,,,,,,1,,,,,,,,,,,,,,,1,5,,1,,,,,,,,,,,,,,,,,,,,
929,8,BO_152,BO_152,6,1,1,0,2,0,,,,,,1,,,,,,,,,,,1,,,,,,,,,,,,,,,,,,,,,,,,,,,
1013,8,BO_154,BO_154,6,0,1,0,1,5,,,,,,,,,,1,,,,,,,,,,1,,,,4,,,,,,,,,,,,,,,,,,,,
1049,8,BO_167,BO_167,3,1,2,0,3,0,,,,,,,,,,,,,,1,,,,1,,,,,,,1,,,,,,,,,,,,,,,,,,,
1045,8,BO_169,BO_169,1,3,25,0,28,3,,,,,,,,,1,1,,,,5,,,,13,,3,,,,,2,6,,,,,,,,,,,,,,,,,,
985,8,BO_175,BO_175,2,0,1,0,1,2,,,,,,1,,,,,,,,,,,,,,2,,,,,,,,,,,,,,,,,,,,,,,,
1033,8,BO_176,BO_176,1,2,11,0,13,0,,,,,,5,,,,,,,,,,,1,3,,,,,,,1,3,,,,,,,,,,,,,,,,,,
1021,8,BO_178,BO_178,3,0,2,0,2,0,,,,,,1,,,,,,,,,,,,1,,,,,,,,,,,,,,,,,,,,,,,,,,
949,8,BO_180,BO_180,4,1,1,0,2,9,,,,,1,1,,,,,,,,,,,,,,2,,,,1,,,,6,,,,,,,,,,,,,,,,
965,8,BO_184,BO_184,1,1,0,0,1,2,,,,,,,,,,,,,,,,,1,,,2,,,,,,,,,,,,,,,,,,,,,,,,
1009,8,BO_190,BO_190,3,0,6,1,6,0,,,,,,1,,,,,,,,1,,,,1,1,,,,,,,,,,,3,,,,,,,,,,,,,,
1017,8,BO_201,BO_201,2,0,2,0,2,8,,,,,,1,,1,,,,6,,,,,,1,,1,,,,,,,,,,,,,,,,,,,,,,,,
1137,9,BO_4,BO_004,1,0,0,3,0,0,,,,,,,3,,,,,,,,,,,,,,,,,,,,,,,,,,,,,,,,,,,,,
1137,9,BO_4,BO_004,3,2,0,2,2,0,,,,,,,1,,,,,,,,,,,,1,,,,,,2,,,,,,,,,,,,,,,,,,,
1169,9,BO_19,BO_019,NA,0,0,0,0,0,,,,,,,,,,,,,,,,,,,,,,,,,,,,,,,,,,,,,,,,,,,,
1157,9,BO_21,BO_021,2,0,6,0,6,0,,,,,,,,,,,,,,5,,,,1,,,,,,,,,,,,,,,,,,,,,,,,,,
1157,9,BO_21,BO_021,7,2,5,0,7,0,,,,,,,,,,,,,,5,,,,,,,1,,,,1,,,,,,,,,,,,,,,,,,,
1157,9,BO_21,BO_021,8,1,1,0,2,0,,,,,,,,,,,,,,,,,,1,,,1,,,,,,,,,,,,,,,,,,,,,,,
1129,9,BO_24,BO_024,1,0,2,0,2,0,,,,,,,,,,,,,,,,,,2,,,,,,,,,,,,,,,,,,,,,,,,,,
1129,9,BO_24,BO_024,3,3,1,0,4,0,,,,,,,,,,,,,,,,,1,1,,,1,,,,1,,,,,,,,,,,,,,,,,,,
1117,9,BO_34,BO_034,7,3,6,0,9,8,,,,,,,,,1,1,,2,,4,,2,1,1,,4,,,,,1,,,,,,,,,,,,,,,,,,,
1165,9,BO_47,BO_047,NA,0,0,0,0,0,,,,,,,,,,,,,,,,,,,,,,,,,,,,,,,,,,,,,,,,,,,,
1057,9,BO_53,BO_053,7,0,0,0,0,8,,,,,,,,1,,,,1,,,,1,,,,3,,,,1,,,,1,,,,,,,,,,,,,,,,
1081,9,BO_70,BO_070,4,2,2,0,4,4,,,,,,,,,,,,,,,,,2,1,,4,,,,,,,,,,1,,,,,,,,,,,,,,
1093,9,BO_72,BO_072,3,3,1,0,4,1,,,,,,,,,,,,,,,,,3,,,1,,,,,,1,,,,,,,,,,,,,,,,,,
1069,9,BO_88,BO_088,5,1,0,0,1,9,,,,,1,,,,,,,3,,,,,,,,4,,,,1,,,,1,,,,,,,,,,,,,,,,
1133,9,BO_90,BO_090,2,0,1,0,1,2,,,,,,1,,,,,,,,,,,,,,2,,,,,,,,,,,,,,,,,,,,,,,,
1089,9,BO_94,BO_094,6,2,0,0,2,4,,,,,,,,,,,,,,,,,2,,,4,,,,,,,,,,,,,,,,,,,,,,,,
1109,9,BO_95,BO_095,6,5,1,0,6,4,,,,,,,,,,,,1,,,,,5,1,,3,,,,,,,,,,,,,,,,,,,,,,,,
1097,9,BO_102,BO_102,1,1,3,0,4,0,,,,,,3,,,,,,,,,,,1,,,,,,,,,,,,,,,,,,,,,,,,,,,
1065,9,BO_106,BO_106,6,1,2,0,3,2,,,,,,1,,,,,,1,,,,,,,,,,,,,1,1,,1,,,,,,,,,,,,,,,,
1061,9,BO_116,BO_116,3,0,1,0,1,0,,,,,,1,,,,,,,,,,,,,,,,,,,,,,,,,,,,,,,,,,,,,,
1085,9,BO_123,BO_123,7,3,3,0,6,7,,,,,,2,,,,,,,,,,1,3,,,3,,,,3,,1,,,,,,,,,,,,,,,,,,
1153,9,BO_124,BO_124,2,2,2,0,4,0,,,,,,,,,,,,,,,,,2,,,,,,,,,,,,,2,,,,,,,,,,,,,,
1073,9,BO_125,BO_125,8,4,2,0,6,5,,,,,,,,,,,,,,,,,2,2,,5,,,,,2,,,,,,,,,,,,,,,,,,,
1149,9,BO_131,BO_131,8,2,1,0,3,2,,,,,,,,,,,,,1,,,,1,1,,2,,,,,,,,,,,,,,,,,,,,,,,,
1145,9,BO_135,BO_135,7,0,0,2,0,4,,,,,,,2,,,,,,,,,,,,,1,,,,1,,,,2,,,,,,,,,,,,,,,,
1101,9,BO_143,BO_143,3,0,0,0,0,3,,,,,,,,,,,,,,,,1,,,,2,,,,,,,,,,,,,,,,,,,,,,,,
1077,9,BO_146,BO_146,5,2,3,0,5,1,,,,,,,,,,,,,,,,,,3,,,,,,,2,,,1,,,,,,,,,,,,,,,,
1125,9,BO_148,BO_148,8,0,1,0,1,2,,,,,,,,,,1,,,,,,,,,,2,,,,,,,,,,,,,,,,,,,,,,,,
1121,9,BO_154,BO_154,2,5,7,1,12,3,,,,,,4,,,1,,,1,,,,,,3,,2,,,,,4,,,,,,,,,,1,,,,,,,,,
1141,9,BO_155,BO_155,6,2,4,0,6,1,,,,,,,,,,,,,,,,,1,4,,1,,,,,1,,,,,,,,,,,,,,,,,,,
1161,9,BO_158,BO_158,NA,0,0,0,0,0,,,,,,,,,,,,,,,,,,,,,,,,,,,,,,,,,,,,,,,,,,,,
1105,9,BO_174,BO_174,3,0,2,0,2,3,,,,,,2,,,,,,1,,,,,,,,1,,,,,,,,1,,,,,,,,,,,,,,,,
1113,9,BO_199,BO_199,2,1,0,0,1,0,,,,,,,,,,,,,,,,,1,,,,,,,,,,,,,,,,,,,,,,,,,,,
1113,9,BO_199,BO_199,7,0,3,0,3,0,,,,,,,,,,,,,,,,,,3,,,,,,,,,,,,,,,,,,,,,,,,,,
1185,10,BO_18,BO_018,4,6,0,13,6,15,,,,,,,1,,,,,,,,,1,2,,12,9,1,,,1,,,,4,,,,,3,,,,,,,,,,,
1173,10,BO_27,BO_027,6,5,0,5,5,20,,,,,,,,,,,,,,,,,5,,5,18,,,,2,,,,,,,,,,,,,,,,,,,,
1233,10,BO_28,BO_028,1,1,0,0,1,2,,,,,,,,,,,,,,,,,1,,,2,,,,,,,,,,,,,,,,,,,,,,,,
1265,10,BO_31,BO_031,5,1,0,1,1,6,,,,,,,,,,,,1,,,,,,,1,4,,,,1,1,,,,,,,,,,,,,,,,,,,
1177,10,BO_43,BO_043,4,4,7,0,11,26,,,,,,,,,,,,4,2,6,,5,2,,,14,,,,1,,,,2,,1,,,,,,,,,,,,,,
1249,10,BO_44,BO_044,6,1,0,4,1,0,,,,,,,,,,,,,,,,,1,,4,,,,,,,,,,,,,,,,,,,,,,,,,
1209,10,BO_45,BO_045,6,4,0,17,4,22,,,,,,,,,,,,,,,4,,,,13,13,,,,3,4,,,6,,,,,,,,,,,,,,,,
1225,10,BO_52,BO_052,2,2,0,1,2,2,,,,,,,,,,,,,,,1,,,,,2,,,,,2,,,,,,,,,,,,,,,,,,,
1229,10,BO_54,BO_054,1,1,1,8,2,3,,,,,,,3,,,,,,,,,,,,5,2,,,,1,,,,,1,1,,,,,,,,,,,,,,
1277,10,BO_55,BO_055,4,2,8,0,10,2,,,,,,1,,,,,,,,,,,,4,,2,,,,,2,,,,,3,,,,,,,,,,,,,,
1313,10,BO_56,BO_056,7,0,0,12,0,0,,,,,,,,,,,,,,,,,,,12,,,,,,,,,,,,,,,,,,,,,,,,,
1285,10,BO_63,BO_063,8,0,0,2,0,0,,,,,,,1,,,,,,,,,,,,,,,,1,,,,,,,,,,,,,,,,,,,,,
1257,10,BO_78,BO_078,6,1,0,3,1,0,,,,,,,,,,,,,,,,,,,3,,,,,,1,,,,,,,,,,,,,,,,,,,
1189,10,BO_80,BO_080,1,2,0,1,2,0,,,,,,,,,1,,,,,,,,1,,1,,,,,,,,,,,,,,,,,,,,,,,,,
1189,10,BO_80,BO_080,3,1,0,2,1,0,,,,,,,,,,,,,,,,,1,,2,,,,,,,,,,,,,,,,,,,,,,,,,
1189,10,BO_80,BO_080,4,3,3,8,6,0,,,,,,,,,1,,,,,,,,,,8,,,,,,2,3,,,,,,,,,,,,,,,,,,
1317,10,BO_81,BO_081,NA,0,0,0,0,0,,,,,,,,,,,,,,,,,,,,,,,,,,,,,,,,,,,,,,,,,,,,
1205,10,BO_85,BO_085,2,1,0,1,1,4,,,,,,,,,,,,,,,,,,,1,4,,,,,1,,,,,,,,,,,,,,,,,,,
1329,10,BO_87,BO_087,NA,0,0,0,0,0,,,,,,,,,,,,,,,,,,,,,,,,,,,,,,,,,,,,,,,,,,,,
1201,10,BO_89,BO_089,2,0,0,5,0,5,,,,,,,1,,,,,,,,,,,,4,4,,,,1,,,,,,,,,,,,,,,,,,,,
1245,10,BO_91,BO_091,6,0,0,3,0,9,,,,,,,1,,,,,,,,,1,,,2,8,,,,,,,,,,,,,,,,,,,,,,,,
1193,10,BO_98,BO_098,1,1,0,12,1,4,,,,,,,2,,,,,,,,,,,,10,2,,,,2,1,,,,,,,,,,,,,,,,,,,
1325,10,BO_120,BO_120,NA,0,0,0,0,0,,,,,,,,,,,,,,,,,,,,,,,,,,,,,,,,,,,,,,,,,,,,
1253,10,BO_121,BO_121,8,0,0,0,0,8,,,,,,,,,,,,1,,,,,,,,5,,,,2,,,,,,,,,,,,,,,,,,,,
1217,10,BO_126,BO_126,2,1,0,1,1,0,,,,,,,1,,1,,,,,,,,,,,,,,,,,,,,,,,,,,,,,,,,,,,
1217,10,BO_126,BO_126,4,4,0,11,4,0,,,,,,,,,,,,,,,,,2,,11,,,,,,2,,,,,,,,,,,,,,,,,,,
1217,10,BO_126,BO_126,6,0,0,2,0,0,,,,,,,,,,,,,,,,,,,2,,,,,,,,,,,,,,,,,,,,,,,,,
1297,10,BO_127,BO_127,2,2,0,1,2,0,,,1,,,,,,,,,,,,,,,,,,,,,,2,,,,,,,,,,,,,,,,,,,
1297,10,BO_127,BO_127,7,0,0,0,0,0,,,,,,,,,,,,,,,,,,, ,,,,,,,,,,,,,,,,,,,,,,,,,
1293,10,BO_140,BO_140,4,1,0,1,1,0,,,,,,,,,,,,,,,,,,,1,,1,,,,,,,,,,,,,,,,,,,,,,,
1281,10,BO_142,BO_142,1,1,0,4,1,0,,,,,,,,,,,,,,,,,,,4,,,,,,1,,,,,,,,,,,,,,,,,,,
1281,10,BO_142,BO_142,7,1,1,0,2,0,,,,,,,,,,,,,,,,,,,,,1,,,,,1,,,,,,,,,,,,,,,,,,
1281,10,BO_142,BO_142,8,1,0,2,1,0,,,,,,,,,,,,,,,,,1,,2,,,,,,,,,,,,,,,,,,,,,,,,,
1309,10,BO_145,BO_145,2,1,3,0,4,0,,,,,,,,,,,,,,,,,,,,,,,,,1,3,,,,,,,,,,,,,,,,,,
1181,10,BO_149,BO_149,3,4,0,0,4,0,,,,,,,,,,,,,,,,,3,,,,,,,,1,,,,,,,,,,,,,,,,,,,
1181,10,BO_149,BO_149,5,1,1,0,2,0,,,,,,,,,,,,,,,,,,1,,,,,,,1,,,,,,,,,,,,,,,,,,,
1181,10,BO_149,BO_149,6,0,0,9,0,10,,,,,,,,,,,,,,,4,,,,5,5,,,,,,,,5,,,,,,,,,,,,,,,,
1273,10,BO_157,BO_157,5,3,0,0,3,1,,,,,,,,,,,,,,,,,3,,,,,,,1,,,,,,,,,,,,,,,,,,,,
1301,10,BO_161,BO_161,6,0,0,3,0,2,,,,,,,,,,,,,,,,,,,,2,,,3,,,,,,,,,,,,,,,,,,,,,
1305,10,BO_164,BO_164,NA,0,0,0,0,0,,,,,,,,,,,,,,,,,,,,,,,,,,,,,,,,,,,,,,,,,,,,
1197,10,BO_169,BO_169,5,1,1,11,2,6,,,,,,,1,,,,,,,,,,,,10,5,1,,,1,,,,,,1,,,,,,,,,,,,,,
1241,10,BO_171,BO_171,3,0,2,0,2,2,,,,,,,,,,,,,,,,,,,,1,,,,1,,,,,,2,,,,,,,,,,,,,,
1261,10,BO_178,BO_178,3,1,0,5,1,0,,,,,,,2,,,,,,,,,,1,,3,,,,,,,,,,,,,,,,,,,,,,,,,
1269,10,BO_184,BO_184,5,2,0,0,2,2,,,,,,,,,,,,,,,,1,,,,,2,,,,,,,1,,,,,,,,,,,,,,,,
1321,10,BO_185,BO_185,NA,0,0,0,0,0,,,,,,,,,,,,,,,,,,,,,,,,,,,,,,,,,,,,,,,,,,,,
1213,10,BO_189,BO_189,4,2,0,0,2,0,,,,,,,,,,,,,,,,,2,,,,,,,,,,,,,,,,,,,,,,,,,,,
1221,10,BO_195,BO_195,4,1,0,6,1,0,,,,,,,,,,,,,,,,,,,6,,1,,,,,,,,,,,,,,,,,,,,,,,
1221,10,BO_195,BO_195,6,0,2,0,2,0,,,,,,,,,,,,,,,,,,,,,,2,,,,,,,,,,,,,,,,,,,,,,
1221,10,BO_195,BO_195,8,1,1,5,2,0,,,,,,,,,,,,,,,,,1,,5,,,,,,,1,,,,,,,,,,,,,,,,,,
1289,10,BO_198,BO_198,8,2,0,4,2,2,,,,,,,1,,,,,,,,,,1,,3,,,,,2,1,,,,,,,,,,,,,,,,,,,
1237,10,BO_201,BO_201,2,2,2,9,4,12,,,,,,,,,,,,6,1,,3,,,,6,,,,,6,1,,,,,2,,,,,,,,,,,,,,
1369,11,BO_12,BO_012,5,2,0,1,2,6,,,,,,,,,,,1,,,,,3,1,,,3,,,,,1,,,,,,,,,,,,,,,,,,,
1345,11,BO_13,BO_013,6,4,3,6,7,0,,,,,,,,,,,,,1,3,,,,,6,,1,,,,1,,,,1,,,,,,,,,,,,,,,
1377,11,BO_15,BO_015,6,2,0,0,2,4,,,,,,,,,,,,,,,,1,2,,,1,,,,2,,,,,,,,,,,,,,,,,,,,
1417,11,BO_17,BO_017,NA,0,0,0,0,0,,,,,,,,,,,,,,,,,,,,,,,,,,,,,,,,,,,,,,,,,,,,
1433,11,BO_22,BO_022,5,1,0,0,1,3,,,,,,,,,,,,1,,,,,1,,,2,,,,,,,,,,,,,,,,,,,,,,,,
1449,11,BO_25,BO_025,3,2,0,0,2,0,,,,,,,,,1,,,,,,,,,,,,,,,,1,,,,,,,,,,,,,,,,,,,
1449,11,BO_25,BO_025,6,0,0,3,0,0,,,,,,,,,,,,,,,1,,,,2,,,,,,,,,,,,,,,,,,,,,,,,,
1449,11,BO_25,BO_025,8,0,0,3,0,2,,,,,,,,,,,,,,,1,1,,,2,,,,,,,,,1,,,,,,,,,,,,,,,,
1401,11,BO_32,BO_032,1,2,0,7,2,4,,,,,,,1,,,,,,,,,1,1,,6,,,,,,1,,,3,,,,,,,,,,,,,,,,
1485,11,BO_37,BO_037,2,0,0,0,0,1,,,,,,,,,,,,,,,,,,,,,,,,1,,,,,,,,,,,,,,,,,,,,
1429,11,BO_46,BO_046,5,0,0,0,0,1,,,,,,,,,,,,,,,,,,,,1,,,,,,,,,,,,,,,,,,,,,,,,
1481,11,BO_50,BO_050,2,0,0,0,0,0,,,,,,,,,,,,,,,,,,,,,,,,,,,,,,,,,,,,,,,,,,,,
1461,11,BO_51,BO_051,2,0,0,4,0,8,,,,,,,,,,,,,,,2,2,,,2,,,,,,,,,6,,,,,,,,,,,,,,,,
1341,11,BO_60,BO_060,7,0,0,4,0,14,,,,,,,3,,,,1,,,,,,,,,6,,,,1,,,,7,,,,,,,,,,,,,,,,
1445,11,BO_61,BO_061,1,3,0,3,3,7,,,,,,,,,1,,1,,,,,,2,,2,1,,,,,,,,6,,,,,,,,,,,,,,,,
1489,11,BO_66,BO_066,4,0,0,3,0,0,,,,,,,,,,,,,,,,,,,3,,,,,,,,,,,,,,,,,,,,,,,,,
1361,11,BO_67,BO_067,7,1,0,3,1,19,,,,,,,,,,,1,,1,,1,,,,1,19,,,,,,,,,,,,,,,,,,,,,,,,
1441,11,BO_69,BO_069,6,3,0,2,3,0,,,,,,,2,,,,,,,,,,2,,,,,,,,1,,,,,,,,,,,,,,,,,,,
1425,11,BO_71,BO_071,4,2,0,0,2,0,,,,,,,,,,,,,,,,,,,,,,,,,2,,,,,,,,,,,,,,,,,,,
1465,11,BO_79,BO_079,3,5,0,13,5,0,,,,,,,1,,,,,,,,,,,,7,,,,5,,5,,,,,,,,,,,,,,,,,,,
1453,11,BO_82,BO_082,1,1,1,0,2,0,,,,,,,,,,,,,,,,,,,,,,,,,1,1,,,,,,,,,,,,,,,,,,
1453,11,BO_82,BO_082,5,0,0,1,0,0,,,,,,,1,,,,,,,,,,,,,,,,,,,,,,,,,,,,,,,,,,,,,
1453,11,BO_82,BO_082,4,0,0,9,0,0,,,,,,,,,,,,,,,,,,,6,,,,3,,,,,,,,,,,,,,,,,,,,,
1385,11,BO_99,BO_099,4,2,2,0,4,0,,,,,,,,,,,,,,,,,1,2,,,,,,,1,,,,,,,,,,,,,,,,,,,
1409,11,BO_100,BO_100,NA,0,0,0,0,0,,,,,,,,,,,,,,,,,,,,,,,,,,,,,,,,,,,,,,,,,,,,
1397,11,BO_104,BO_104,4,3,2,9,5,0,,,,,,,,,,,,,,,4,,1,1,5,,,,,,2,,,,,1,,,,,,,,,,,,,,
1405,11,BO_105,BO_105,4,0,0,1,0,0,,,,,,,,,,,1,,,,,,,,,,,,,,,,,,,,,,,,,,,,,,,,,
1333,11,BO_108,BO_108,3,0,0,9,0,5,,,,,,,4,,,,,,,,,1,,,5,4,,,,,,,,,,,,,,,,,,,,,,,,
1365,11,BO_115,BO_115,1,5,1,12,6,1,,,,,,,,,,,,,,,1,,,,11,1,,,,,5,,,,,1,,,,,,,,,,,,,,
1477,11,BO_117,BO_117,8,0,5,4,5,2,,,,,,,,,,,,,,,,,,,4,2,,,,,,,,,,5,,,,,,,,,,,,,,
1413,11,BO_118,BO_118,6,0,1,7,1,0,,,,,,,,,,,,,,,,,,,7,,,,,,,,,,,1,,,,,,,,,,,,,,
1421,11,BO_122,BO_122,2,0,0,0,0,0,,,,,,,,,,,,,,,,,,,,,,,,,,,,,,,,,,,,,,,,,,,,
1337,11,BO_130,BO_130,5,4,1,0,5,0,,,,,1,,,,,,,,3,1,,,,,,,,,,,,,,,,,,,,,,,,,,,,,,
1337,11,BO_130,BO_130,7,1,0,0,1,4,,,,,,,,,,,,,1,,,,,,,4,,,,,,,,,,,,,,,,,,,,,,,,
1357,11,BO_134,BO_134,1,2,26,15,28,20,,,,,,,,,,,,,,,4,,1,,11,11,,,,2,1,17,,7,,9,,,,,,,,,,,,,,
1381,11,BO_137,BO_137,1,3,1,0,4,0,,,,,,,,,,1,,,,,,,2,,,,,,,,1,,,,,,,,,,,,,,,,,,,
1381,11,BO_137,BO_137,6,1,1,3,2,0,,,,,,,1,,,1,,,,,,,,,2,,,,,,1,,,,,,,,,,,,,,,,,,,
1381,11,BO_137,BO_137,7,4,1,0,5,0,,,,,,,,,,,,,,,,,,,,,,,,,4,,,,,1,,,,,,,,,,,,,,
1373,11,BO_147,BO_147,4,0,0,0,0,2,,,,,,,,,,,,,,,,,,,,2,,,,,,,,,,,,,,,,,,,,,,,,
1393,11,BO_150,BO_150,2,0,0,1,0,4,,,,,,,1,,,,,1,,,,,,,,2,,,,1,,,,,,,,,,,,,,,,,,,,
1353,11,BO_152,BO_152,2,5,3,14,8,0,,,,,,,,,,,,,,,,,1,,14,,,,,,3,,,,1,3,,,,,,,,,,,,,,
1353,11,BO_152,BO_152,3,2,3,11,5,0,,,,,,,2,,,,,,,,,,2,,8,,,,1,,,3,,,,,,,,,,,,,,,,,,
1353,11,BO_152,BO_152,7,6,4,13,10,19,,,,,,,,,2,,,,1,,13,3,,,,8,,,,3,2,4,,5,1,,,,,,,,,,,,,,,
1473,11,BO_159,BO_159,7,1,12,7,13,0,,,,,,,,,,,,,,,,,,,7,,,,,,,10,,,1,2,,,,,,,,,,,,,,
1437,11,BO_175,BO_175,5,1,5,7,6,0,,,,,,,,,,5,,,1,,4,,,,3,,,,,,,,,,,,,,,,,,,,,,,,,
1389,11,BO_176,BO_176,6,6,0,0,6,0,,,,,,,,,,,,,,,,,,,,,4,,,,2,,,,,,,,,,,,,,,,,,,
1457,11,BO_180,BO_180,1,1,0,11,1,2,,,,,,,,,,,1,1,,,8,,1,,2,1,,,,,,,,,,,,,,,,,,,,,,,,
1469,11,BO_182,BO_182,2,0,0,1,0,0,,,,,,,,,,,,,,,,,,,1,,,,,,,,,,,,,,,,,,,,,,,,,
1349,11,BO_200,BO_200,6,3,10,14,13,11,,,,,,,1,,,,,,,,3,,3,,10,4,,,,2,,10,,5, ,,,,,,,,,,,,,,,
1533,12,BO_1,BO_001,8,1,7,0,8,3,,,,,,,,,,,,1,,,,,,,,1,,,,1,,6,,,1,1,,,,,,,,,,,,,,
1497,12,BO_8,BO_008,1,1,0,0,1,1,,,,,,,,,1,,,,,,,1,,,,,,,,,,,,,,,,,,,,,,,,,,,,
1545,12,BO_9,BO_009,3,0,0,3,0,0,,,,,,,1,,,,,,,,,,,,2,,,,,,,,,,,,,,,,,,,,,,,,,
1569,12,BO_14,BO_014,4,1,0,0,1,0,,,,,,,,,,,,,,,,,,,,,,,,,1,,,,,,,,,,,,,,,,,,,
1529,12,BO_20,BO_020,6,1,2,0,3,0,,,,,,,,,,,,,,,,,,,,,,,,,1,,,,,2,,,,,,,,,,,,,,
1581,12,BO_29,BO_029,2,1,5,4,6,0,,,,,,,,,,,,,,,,,,,4,,,,,,1,5,,,,,,,,,,,,,,,,,,
1505,12,BO_48,BO_048,4,2,0,1,2,0,,,,,,,,,,,,,,,,,2,,1,,,,,,,,,,,,,,,,,,,,,,,,,
1505,12,BO_48,BO_048,6,1,1,10,2,0,,,,,,,,,,,,,,,,,1,,10,,,,,,,,,,,1,,,,,,,,,,,,,,
1549,12,BO_86,BO_086,5,0,0,10,0,1,,,,,,,,,,,,,,,,,,,10,1,,,,,,,,,,,,,,,,,,,,,,,,
1553,12,BO_96,BO_096,1,0,0,0,0,2,,,,,,,,,,,,,,,,,,,,,,,,,,,,2,,,,,,,,,,,,,,,,
1541,12,BO_111,BO_111,2,2,0,3,2,0,,,,,,,,,,,,,,,,,2,,3,,,,,,,,,,,,,,,,,,,,,,,,,
1493,12,BO_114,BO_114,8,0,4,6,4,2,,,,,,,1,,,,,,,,,,,,5,2,,,,,,4,,,,,,,,,,,,,,,,,,
1565,12,BO_132,BO_132,4,4,0,2,4,0,,,,,,,,,,,,,,,,,,,2,,,,,,4,,,,,,,,,,,,,,,,,,,
1513,12,BO_139,BO_139,NA,0,0,0,0,0,,,,,,,,,,,,,,,,,,,,,,,,,,,,,,,,,,,,,,,,,,,,
1517,12,BO_141,BO_141,1,0,0,0,0,0,,,,,,,,,,,,,,,,,,,,,,,,,,,,,,,,,,,,,,,,,,,,
1573,12,BO_144,BO_144,2,2,0,1,2,2,,,,,,,,,,,,,,,,,1,,1,,,,,2,1,,,,,,,,,,,,,,,,,,,
1557,12,BO_151,BO_151,2,3,0,8,3,0,,,,,,,,,,,,,,,,,,,8,,3,,,,,,,,,,,,,,,,,,,,,,,
1557,12,BO_151,BO_151,3,4,0,22,4,0,,,,,,,,,,,,,,,1,,,,21,,,,,,4,,,,,,,,,,,,,,,,,,,
1557,12,BO_151,BO_151,4,0,2,15,2,0,,,,,,,,,,,,,,2,1,,,,14,,,,,,,,,,,,,,,,,,,,,,,,,
1537,12,BO_153,BO_153,7,4,0,10,4,4,,,,,1,,2,,,,,,,,,2,,,8,2,,,,,3,,,,,,,,,,,,,,,,,,,
1521,12,BO_166,BO_166,1,4,0,11,4,1,,,,,,,,,1,,,,,,2,1,1,,9,,,,,,1,,,,1,,,,,,,,,,,,,,,
1521,12,BO_166,BO_166,4,2,0,0,2,0,,,,,,,,,,,,,1,,,,1,,,,,,,,,,,,,,,,,,,,,,,,,,,
1521,12,BO_166,BO_166,6,0,0,2,0,0,,,,,,,,,,,,,,,,,,,2,,,,,,,,,,,,,,,,,,,,,,,,,
1561,12,BO_167,BO_167,6,0,0,9,0,3,,,,,,,,,,,,,,,8,,,,1,,,,,,,,,3,,,,,,,,,,,,,,,,
1501,12,BO_177,BO_177,8,0,0,1,0,0,,,,,,,,,,,,,,,,,,,1,,,,,,,,,,,,,,,,,,,,,,,,,
1525,12,BO_186,BO_186,2,1,10,10,11,0,,,,,,,,,,,,,,,,,,,10,,,,,,1,8,,,,2,,,,,,,,,,,,,,
1577,12,BO_190,BO_190,1,2,0,0,2,0,,,,,,,,,,,,,,,,,,,,,,,,,2,,,,,,,,,,,,,,,,,,,
1509,12,BO_191,BO_191,4,3,1,0,4,0,,,,,,,,,,,,,,,,,2,,,,,,,,1,,,,,1,,,,,,,,,,,,,,
1645,W1,BO_4,BO_004,1,0,0,0,0,0,,,,,,,,,,,,,,,,,,,,,,,,,,,,,,,,,,,,,,,,,,,,
1589,W1,BO_21,BO_021,3,1,0,9,1,3,,,,,,,1,,,,,1,,,,2,,,8,,,,,,1,,,,,,,,,,,,,,,,,,,
1589,W1,BO_21,BO_021,5,1,1,8,2,1,,,,,,,,,,,,1,,1,,,1,,8,,,,,,,,,,,,,,,,,,,,,,,,,
1625,W1,BO_24,BO_024,1,0,0,0,0,0,,,,,,,,,,,,,,,,,,,,,,,,,,,,,,,,,,,,,,,,,,,,
1629,W1,BO_25,BO_025,3,0,0,0,0,0,,,,,,,,,,,,,,,,,,,,,,,,,,,,,,,,,,,,,,,,,,,,
1621,W1,BO_48,BO_048,3,0,0,0,0,0,,,,,,,,,,,,,,,,,,,,,,,,,,,,,,,,,,,,,,,,,,,,
1665,W1,BO_80,BO_080,NA,0,0,0,0,0,,,,,,,,,,,,,,,,,,,,,,,,,,,,,,,,,,,,,,,,,,,,
1637,W1,BO_82,BO_082,1,0,0,0,0,0,,,,,,,,,,,,,,,,,,,,,,,,,,,,,,,,,,,,,,,,,,,,
1613,W1,BO_86,BO_086,4,0,0,0,0,0,,,,,,,,,,,,,,,,,,,,,,,,,,,,,,,,,,,,,,,,,,,,
1649,W1,BO_126,BO_126,5,0,0,0,0,0,,,,,,,,,,,,,,,,,,,,,,,,,,,,,,,,,,,,,,,,,,,,
1653,W1,BO_127,BO_127,NA,0,0,0,0,0,,,,,,,,,,,,,,,,,,,,,,,,,,,,,,,,,,,,,,,,,,,,
1593,W1,BO_130,BO_130,1,2,0,0,2,0,,,,,,,,,,,,,2,,,,,,,,,,,,,,,,,,,,,,,,,,,,,,,
1593,W1,BO_130,BO_130,4,2,0,3,2,2,,,,,,,,,,,,,2,,3,2,,,,,,,,,,,,,,,,,,,,,,,,,,,,
1641,W1,BO_137,BO_137,2,0,0,0,0,0,,,,,,,,,,,,,,,,,,,,,,,,,,,,,,,,,,,,,,,,,,,,
1601,W1,BO_142,BO_142,2,0,0,0,0,0,,,,,,,,,,,,,,,,,,,,,,,,,,,,,,,,,,,,,,,,,,,,
1661,W1,BO_149,BO_149,NA,0,0,0,0,0,,,,,,,,,,,,,,,,,,,,,,,,,,,,,,,,,,,,,,,,,,,,
1657,W1,BO_151,BO_151,3,0,0,0,0,0,,,,,,,,,,,,,,,,,,,,,,,,,,,,,,,,,,,,,,,,,,,,
1609,W1,BO_152,BO_152,1,0,0,0,0,0,,,,,,,,,,,,,,,,,,,,,,,,,,,,,,,,,,,,,,,,,,,,
1585,W1,BO_166,BO_166,4,2,0,2,2,1,,,,,,,,,,,,1,1,,,,1,,2,,,,,,,,,,,,,,,,,,,,,,,,,
1617,W1,BO_182,BO_182,1,0,0,0,0,0,,,,,,,,,,,,,,,,,,,,,,,,,,,,,,,,,,,,,,,,,,,,
1605,W1,BO_189,BO_189,1,0,0,0,0,0,,,,,,,,,,,,,,,,,,,,,,,,,,,,,,,,,,,,,,,,,,,,
1633,W1,BO_195,BO_195,3,0,0,0,0,0,,,,,,,,,,,,,,,,,,,,,,,,,,,,,,,,,,,,,,,,,,,,
1597,W1,BO_199,BO_199,1,0,0,0,0,0,,,,,,,,,,,,,,,,,,,,,,,,,,,,,,,,,,,,,,,,,,,,
1717,W2,BO_4,BO_004,2,0,0,0,0,0,,,,,,,,,,,,,,,,,,,,,,,,,,,,,,,,,,,,,,,,,,,,
1689,W2,BO_21,BO_021,1,0,0,0,0,0,,,,,,,,,,,,,,,,,,,,,,,,,,,,,,,,,,,,,,,,,,,,
1677,W2,BO_24,BO_024,3,12,1,4,13,0,,,,,,,,,,,,,,,,,2,,,,2,,4,,8,,,,,1,,,,,,,,,,,,,,
1701,W2,BO_25,BO_025,NA,0,0,0,0,0,,,,,,,,,,,,,,,,,,,,,,,,,,,,,,,,,,,,,,,,,,,,
1721,W2,BO_48,BO_048,1,0,0,0,0,0,,,,,,,,,,,,,,,,,,,,,,,,,,,,,,,,,,,,,,,,,,,,
1745,W2,BO_80,BO_080,4,0,0,0,0,0,,,,,,,,,,,,,,,,,,,,,,,,,,,,,,,,,,,,,,,,,,,,
1733,W2,BO_82,BO_082,1,0,0,0,0,0,,,,,,,,,,,,,,,,,,,,,,,,,,,,,,,,,,,,,,,,,,,,
1749,W2,BO_86,BO_086,NA,0,0,0,0,0,,,,,,,,,,,,,,,,,,,,,,,,,,,,,,,,,,,,,,,,,,,,
1713,W2,BO_126,BO_126,4,0,0,0,0,0,,,,,,,,,,,,,,,,,,,,,,,,,,,,,,,,,,,,,,,,,,,,
1725,W2,BO_127,BO_127,1,0,0,0,0,0,,,,,,,,,,,,,,,,,,,,,,,,,,,,,,,,,,,,,,,,,,,,
1741,W2,BO_130,BO_130,2,0,0,0,0,0,,,,,,,,,,,,,,,,,,,,,,,,,,,,,,,,,,,,,,,,,,,,
1693,W2,BO_137,BO_137,5,0,0,0,0,0,,,,,,,,,,,,,,,,,,,,,,,,,,,,,,,,,,,,,,,,,,,,
1729,W2,BO_142,BO_142,3,0,0,0,0,0,,,,,,,,,,,,,,,,,,,,,,,,,,,,,,,,,,,,,,,,,,,,
1697,W2,BO_149,BO_149,3,0,0,0,0,0,,,,,,,,,,,,,,,,,,,,,,,,,,,,,,,,,,,,,,,,,,,,
1705,W2,BO_151,BO_151,5,0,0,0,0,0,,,,,,,,,,,,,,,,,,,,,,,,,,,,,,,,,,,,,,,,,,,,
1737,W2,BO_152,BO_152,7,0,0,0,0,0,,,,,,,,,,,,,,,,,,,,,,,,,,,,,,,,,,,,,,,,,,,,
,W2,BO_166,BO_166,1,1,0,0,1,0,,,,,,,,,,,,,,,,,1,,,,,,,,,,,,,,,,,,,,,,,,,,,
1685,W2,BO_166,BO_166,2,0,0,3,0,0,,,,,,,,,,,,,,,3,,,,,,,,,,,,,,,,,,,,,,,,,,,,,
1685,W2,BO_166,BO_166,7,0,2,0,2,2,,,,,,,,,,,,,,,,2,,,,,,,,,,2,,,,,,,,,,,,,,,,,,
1681,W2,BO_182,BO_182,7,2,1,0,3,0,,,,,,,,,,,,,,,,,,,,,2,,,,,1,,,,,,,,,,,,,,,,,,
1669,W2,BO_189,BO_189,6,0,0,0,0,0,,,,,,,,,,,,,,,,,,,,,,,,,,,,,,,,,,,,,,,,,,,,
1673,W2,BO_195,BO_195,1,1,6,0,7,1,,,,,,,,,,,,,,,,,,,,,,6,,,,,,1,,,,,1,,,,,,,,,,,
,W2,BO_195,BO_195,2,0,0,8,0,0,,,,,,,,,,,,,,,,,,,8,,,,,,,,,,,,,,,,,,,,,,,,,
1709,W2,BO_199,BO_199,2,0,0,0,0,0,,,,,,,,,,,,,,,,,,,,,,,,,,,,,,,,,,,,,,,,,,,,
