,,,,,,Collection Date: 2022-04-13 ,,,Collection Date: 2022-04-21 to 2022-04-22,,,Collection Date: 2022-04-28 to 2022-04-29,,,Collection Date: 2022-05-05,,,Collection Date: 2022-05-11 to 2022-05-13,,,Collection Date: 2022-05-20,,,Collection Date: 2022-05-25 to 2022-05-27,,,Collection Date: 2022-06-13 to 2022-06-14,,,Collection Date: NA,,
Sequence,Transect,Recipient,Recipient for sorting,Plant number of fitness plant (when chosen),viable_seeds,# of CLOSED Fruits collected from FITNESS plant,Total # of SEEDS from CLOSED Fruits collected from FITNESS plant,# of FILLED SEEDS from closed fruits collected from fitness plant,# of CLOSED Fruits collected from FITNESS plant,Total # of SEEDS from CLOSED Fruits collected from FITNESS plant,# of FILLED SEEDS from closed fruits collected from fitness plant,# of CLOSED Fruits collected from FITNESS plant,Total # of SEEDS from CLOSED Fruits collected from FITNESS plant,# of FILLED SEEDS from closed fruits collected from fitness plant,# of CLOSED Fruits collected from FITNESS plant,Total # of SEEDS from CLOSED Fruits collected from FITNESS plant,# of FILLED SEEDS from closed fruits collected from fitness plant,# of CLOSED Fruits collected from FITNESS plant,Total # of SEEDS from CLOSED Fruits collected from FITNESS plant,# of FILLED SEEDS from closed fruits collected from fitness plant,# of CLOSED Fruits collected from FITNESS plant,Total # of SEEDS from CLOSED Fruits collected from FITNESS plant,# of FILLED SEEDS from closed fruits collected from fitness plant,# of CLOSED Fruits collected from FITNESS plant,Total # of SEEDS from CLOSED Fruits collected from FITNESS plant,# of FILLED SEEDS from closed fruits collected from fitness plant,# of CLOSED Fruits collected from FITNESS plant,Total # of SEEDS from CLOSED Fruits collected from FITNESS plant,# of FILLED SEEDS from closed fruits collected from fitness plant,# of CLOSED Fruits collected from FITNESS plant,Total # of SEEDS from CLOSED Fruits collected from FITNESS plant,# of FILLED SEEDS from closed fruits collected from fitness plant
89,1,BO_4,BO_004,6,0,,,,,,,,,,,,,,,,,,,,,,,,,,,
89,1,BO_4,BO_004,7,0,,,,,,,,,,,,,,,,,,,,,,,,,,,
65,1,BO_8,BO_008,,0,,,,,,,,,,,,,,,,,,,,,,,,,,,
49,1,BO_12,BO_012,,0,,,,,,,,,,,,,,,,,,,,,,,,,,,
9,1,BO_19,BO_019,,0,,,,,,,,,,,,,,,,,,,,,,,,,,,
81,1,BO_21,BO_021,1,6,,,,,,,,,,,,,,,,,,,3,,6,,,,,,
81,1,BO_21,BO_021,3,1,,,,,,,,,,,,,,,,,,,1,,1,,,,,,
81,1,BO_21,BO_021,4,0,,,,,,,,,,,,,1,,0,,,,,,,,,,,,
141,1,BO_22,BO_022,,0,,,,,,,,,,,,,,,,,,,,,,,,,,,
85,1,BO_24,BO_024,3,0,,,,,,,,,,,,,2,,0,,,,1,,0,,,,,,
45,1,BO_29,BO_029,1,3,,,,,,,,,,,,,,,,,,,2,,3,,,,,,
57,1,BO_34,BO_034,,0,,,,,,,,,,,,,,,,,,,,,,,,,,,
29,1,BO_43,BO_043,,0,,,,,,,,,,,,,,,,,,,,,,,,,,,
21,1,BO_45,BO_045,,0,,,,,,,,,,,,,,,,,,,,,,,,,,,
61,1,BO_47,BO_047,,0,,,,,,,,,,,,,,,,,,,,,,,,,,,
25,1,BO_48,BO_048,3,0,,,,,,,,,,,,,2,,0,,,,4,,0,,,,,,
25,1,BO_48,BO_048,8,24,,,,,,,,,,,,,5,,7,,,,4,,17,,,,,,
93,1,BO_60,BO_060,4,3,,,,,,,,,,,,,,,,,,,2,,3,,,,,,
13,1,BO_66,BO_066,7,0,,,,,,,,,,,,,1,,0,,,,,,,,,,,,
153,1,BO_79,BO_079,1,0,,,,,,,,,,,,,,,,,,,,,,,,,,,
149,1,BO_80,BO_080,1,2,,,,,,,,,,,,,,,,1,,0,3,,2,,,,,,
149,1,BO_80,BO_080,2,2,,,,,,,,,,,,,2,,0,,,,3,,2,,,,,,
149,1,BO_80,BO_080,3,18,,,,,,,,,,,,,,,,1,,1,10,,17,,,,,,
157,1,BO_82,BO_082,2,0,,,,,,,,,,,,,,,,,,,1,,0,,,,,,
165,1,BO_94,BO_094,4,33,,,,,,,,,,,,,3,,22,,,,2,,11,,,,,,
109,1,BO_98,BO_098,7,2,,,,,,,,,,,,,,,,,,,1,,2,,,,,,
33,1,BO_99,BO_099,2,8,,,,,,,,,,,,,1,,0,,,,4,,8,,,,,,
41,1,BO_104,BO_104,,0,,,,,,,,,,,,,,,,,,,,,,,,,,,
161,1,BO_105,BO_105,,0,,,,,,,,,,,,,,,,,,,,,,,,,,,
53,1,BO_114,BO_114,,0,,,,,,,,,,,,,,,,,,,,,,,,,,,
37,1,BO_115,BO_115,,0,,,,,,,,,,,,,,,,,,,,,,,,,,,
73,1,BO_117,BO_117,,0,,,,,,,,,,,,,,,,,,,,,,,,,,,
125,1,BO_118,BO_118,,0,,,,,,,,,,,,,,,,,,,,,,,,,,,
77,1,BO_120,BO_120,,0,,,,,,,,,,,,,,,,,,,,,,,,,,,
133,1,BO_121,BO_121,,0,,,,,,,,,,,,,,,,,,,,,,,,,,,
145,1,BO_127,BO_127,8,46,,,,,,,,,,,,,,,,,,,14,,46,,,,,,
1,1,BO_130,BO_130,7,12,,,,,,,,,,,,,8,,4,,,,7,,8,,,,,,
17,1,BO_137,BO_137,8,5,,,,,,,,,,,,,1,,0,1,,5,,,,,,,,,
113,1,BO_139,BO_139,,0,,,,,,,,,,,,,,,,,,,,,,,,,,,
,1,BO_141,BO_141,2,14,,,,,,,,,,,,,1,,0,,,,6,,14,,,,,,
129,1,BO_149,BO_149,1,0,,,,,,,,,,,,,,,,,,,3,,0,,,,,,
129,1,BO_149,BO_149,4,0,,,,,,,,,,,,,2,,0,,,,,,,,,,,,
169,1,BO_153,BO_153,,0,,,,,,,,,,,,,,,,,,,,,,,,,,,
173,1,BO_155,BO_155,8,0,,,,,,,,,,,,,,,,,,,,,,,,,,,
5,1,BO_166,BO_166,6,0,,,,,,,,,,,,,,,,,,,1,,0,,,,,,
121,1,BO_175,BO_175,,0,,,,,,,,,,,,,,,,,,,,,,,,,,,
97,1,BO_176,BO_176,,0,,,,,,,,,,,,,,,,,,,,,,,,,,,
105,1,BO_178,BO_178,3,2,,,,,,,,,,,,,,,,,,,2,,2,,,,,,
117,1,BO_182,BO_182,4,8,,,,,,,,,,,,,2,,2,,,,2,,6,,,,,,
101,1,BO_185,BO_185,,0,,,,,,,,,,,,,,,,,,,,,,,,,,,
69,1,BO_191,BO_191,,0,,,,,,,,,,,,,,,,,,,,,,,,,,,
277,2,BO_17,BO_017,3,21,,,,,,,,,,,,,2,,4,1,,2,11,,15,,,,,,
209,2,BO_31,BO_031,,0,,,,,,,,,,,,,,,,,,,,,,,,,,,
261,2,BO_44,BO_044,,0,,,,,,,,,,,,,,,,,,,,,,,,,,,
301,2,BO_50,BO_050,7,3,,,,,,,,,,,,,,,,1,,3,,,,,,,,,
257,2,BO_51,BO_051,7,0,,,,,,,,,,,,,1,,0,1,,0,,,,,,,,,
181,2,BO_52,BO_052,,0,,,,,,,,,,,,,,,,,,,,,,,,,,,
293,2,BO_55,BO_055,7,2,,,,,,,,,,2,,0,5,,1,,,,2,,1,,,,,,
201,2,BO_56,BO_056,3,1,,,,,,,,,,,,,,,,,,,1,,1,,,,,,
269,2,BO_61,BO_061,1,2,,,,,,,,,,,,,,,,,,,2,,2,,,,,,
205,2,BO_63,BO_063,2,0,,,,,,,,,,,,,,,,,,,1,,0,,,,,,
217,2,BO_70,BO_070,,0,,,,,,,,,,,,,,,,,,,,,,,,,,,
241,2,BO_71,BO_071,6,6,,,,,,,,,,,,,3,,6,,,,,,,,,,,,
273,2,BO_72,BO_072,2,2,,,,,,,,,,,,,1,,0,1,,2,,,,,,,,,
197,2,BO_78,BO_078,7,0,,,,,,,,,,,,,1,,0,,,,,,,,,,,,
285,2,BO_86,BO_086,2,7,,,,,,,,,,2,,1,8,,6,,,,,,,,,,,,
285,2,BO_86,BO_086,7,6,,,,,,,,,,,,,2,,5,2,,1,,,,,,,,,
233,2,BO_89,BO_089,3,7,,,,,,,,,,,,,,,,1,,3,1,,4,,,,,,
297,2,BO_95,BO_095,,0,,,,,,,,,,,,,,,,,,,,,,,,,,,
253,2,BO_106,BO_106,6,1,,,,,,,,,,,,,,,,,,,1,,1,,,,,,
189,2,BO_108,BO_108,,0,,,,,,,,,,,,,,,,,,,,,,,,,,,
221,2,BO_111,BO_111,3,0,,,,,,,,,,,,,1,,0,1,,0,1,,0,,,,,,
213,2,BO_122,BO_122,,0,,,,,,,,,,,,,,,,,,,,,,,,,,,
265,2,BO_125,BO_125,7,0,,,,,,,,,,,,,,,,,,,,,,,,,,,
225,2,BO_132,BO_132,3,0,,,,,,,,,,,,,,,,,,,,,,,,,,,
177,2,BO_135,BO_135,,0,,,,,,,,,,,,,,,,,,,,,,,,,,,
289,2,BO_152,BO_152,7,5,,,,,,,,,,,,,1,,1,1,,0,1,,4,,,,,,
289,2,BO_152,BO_152,8,0,,,,,,,,,,,,,1,,0,,,,,,,,,,,,
237,2,BO_154,BO_154,8,6,,,,,,,,,,,,,1,,0,,,,5,,6,,,,,,
245,2,BO_159,BO_159,6,2,,,,,,,,,,,,,2,,0,,,,1,,2,,,,,,
229,2,BO_164,BO_164,5,4,,,,,,,,,,,,,3,,4,,,,,,,,,,,,
305,2,BO_174,BO_174,2,0,,,,,,,,,,,,,,,,,,,,,,,,,,,
185,2,BO_189,BO_189,4,3,,,,,,,,,,,,,1,,0,,,,1,,3,,,,,,
193,2,BO_198,BO_198,2,0,,,,,,,,,,,,,,,,,,,,,,,,,,,
249,2,BO_199,BO_199,4,6,,,,,,,,,,,,,1,,6,,,,,,,,,,,,
249,2,BO_199,BO_199,7,5,,,,,,,,,,,,,2,,3,,,,1,,2,,,,,,
281,2,BO_200,BO_200,6,3,,,,,,,,,,,,,,,,,,,3,,3,,,,,,
373,3,BO_1,BO_001,5,0,,,,,,,,,,,,,1,,0,,,,,,,,,,,,
337,3,BO_9,BO_009,,0,,,,,,,,,,,,,,,,,,,,,,,,,,,
405,3,BO_13,BO_013,,0,,,,,,,,,,,,,,,,,,,,,,,,,,,
397,3,BO_25,BO_025,,0,,,,,,,,,,,,,,,,,,,,,,,,,,,
425,3,BO_28,BO_028,,0,,,,,,,,,,,,,,,,,,,,,,,,,,,
345,3,BO_53,BO_053,,0,,,,,,,,,,,,,,,,,,,,,,,,,,,
433,3,BO_54,BO_054,,0,,,,,,,,,,,,,,,,,,,,,,,,,,,
341,3,BO_67,BO_067,,0,,,,,,,,,,,,,,,,,,,,,,,,,,,
353,3,BO_69,BO_069,1,6,,,,,,,,,,,,,1,,0,,,,5,,6,,,,,,
333,3,BO_85,BO_085,,0,,,,,,,,,,,,,,,,,,,,,,,,,,,
437,3,BO_88,BO_088,5,6,,,,,,,,,,,,,,,,,,,3,,6,,,,,,
321,3,BO_96,BO_096,,0,,,,,,,,,,,,,,,,,,,,,,,,,,,
377,3,BO_100,BO_100,,0,,,,,,,,,,,,,,,,,,,,,,,,,,,
389,3,BO_116,BO_116,6,0,,,,,,,,,,,,,2,,0,,,,,,,,,,,,
357,3,BO_123,BO_123,,0,,,,,,,,,,,,,,,,,,,,,,,,,,,
309,3,BO_124,BO_124,,0,,,,,,,,,,,,,,,,,,,,,,,,,,,
349,3,BO_126,BO_126,3,1,,,,,,,,,,,,,,,,,,,2,,1,,,,,,
,3,BO_126,BO_126,6,0,,,,,,,,,,1,,0,,,,,,,,,,,,,,,
401,3,BO_134,BO_134,,0,,,,,,,,,,,,,,,,,,,,,,,,,,,
417,3,BO_140,BO_140,,0,,,,,,,,,,,,,,,,,,,,,,,,,,,
413,3,BO_142,BO_142,5,0,,,,,,,,,,,,,,,,,,,,,,,,,,,
413,3,BO_142,BO_142,8,0,,,,,,,,,,,,,,,,,,,,,,,,,,,
317,3,BO_143,BO_143,,0,,,,,,,,,,,,,,,,,,,,,,,,,,,
409,3,BO_145,BO_145,4,6,,,,,,,,,,1,,6,,,,,,,,,,,,,,,
381,3,BO_146,BO_146,7,6,,,,,,,,,,,,,3,,6,,,,,,,,,,,,
365,3,BO_148,BO_148,,0,,,,,,,,,,,,,,,,,,,,,,,,,,,
361,3,BO_150,BO_150,4,0,,,,,,,,,,,,,1,,0,,,,,,,,,,,,
421,3,BO_151,BO_151,,0,,,,,,,,,,,,,,,,,,,,,,,,,,,
369,3,BO_158,BO_158,1,0,,,,,,,,,,,,,,,,,,,1,,0,,,,,,
385,3,BO_169,BO_169,6,3,,,,,,,,,,1,,0,1,,3,1,,0,,,,,,,,,
393,3,BO_171,BO_171,3,0,,,,,,,,,,,,,1,,0,,,,,,,,,,,,
325,3,BO_180,BO_180,,0,,,,,,,,,,,,,,,,,,,,,,,,,,,
329,3,BO_186,BO_186,,0,,,,,,,,,,,,,,,,,,,,,,,,,,,
429,3,BO_190,BO_190,,0,,,,,,,,,,,,,,,,,,,,,,,,,,,
313,3,BO_201,BO_201,7,0,,,,,,,,,,,,,,,,1,,0,,,,,,,,,
441,4,BO_14,BO_014,2,0,,,,,,,,,,,,,1,,0,,,,,,,,,,,,
473,4,BO_15,BO_015,2,0,,,,,,,,,,,,,,,,,,,,,,,,,,,
481,4,BO_18,BO_018,,0,,,,,,,,,,,,,,,,,,,,,,,,,,,
461,4,BO_20,BO_020,,0,,,,,,,,,,,,,,,,,,,,,,,,,,,
497,4,BO_27,BO_027,,0,,,,,,,,,,,,,,,,,,,,,,,,,,,
489,4,BO_32,BO_032,,0,,,,,,,,,,,,,,,,,,,,,,,,,,,
501,4,BO_37,BO_037,,0,,,,,,,,,,,,,,,,,,,,,,,,,,,
469,4,BO_46,BO_046,,0,,,,,,,,,,,,,,,,,,,,,,,,,,,
453,4,BO_81,BO_081,,0,,,,,,,,,,,,,,,,,,,,,,,,,,,
513,4,BO_87,BO_087,,0,,,,,,,,,,,,,,,,,,,,,,,,,,,
465,4,BO_90,BO_090,8,0,,,,,,,,,,,,,2,,0,,,,,,,,,,,,
445,4,BO_91,BO_091,,0,,,,,,,,,,,,,,,,,,,,,,,,,,,
521,4,BO_102,BO_102,,0,,,,,,,,,,,,,,,,,,,,,,,,,,,
493,4,BO_131,BO_131,,0,,,,,,,,,,,,,,,,,,,,,,,,,,,
485,4,BO_144,BO_144,3,0,,,,,,,,,,,,,,,,,,,,,,,,,,,
505,4,BO_147,BO_147,,0,,,,,,,,,,,,,,,,,,,,,,,,,,,
457,4,BO_157,BO_157,,0,,,,,,,,,,,,,,,,,,,,,,,,,,,
517,4,BO_161,BO_161,,0,,,,,,,,,,,,,,,,,,,,,,,,,,,
509,4,BO_167,BO_167,7,2,,,,,,,,,,,,,,,,1,,2,,,,,,,,,
449,4,BO_177,BO_177,,0,,,,,,,,,,,,,,,,,,,,,,,,,,,
525,4,BO_184,BO_184,7,0,,,,,,,,,,,,,,,,,,,,,,,,,,,
477,4,BO_195,BO_195,,0,,,,,,,,,,,,,,,,,,,,,,,,,,,
569,5,BO_1,BO_001,,0,,,,,,,,,,,,,,,,,,,,,,,,,,,
545,5,BO_12,BO_012,2,0,,,,,,,,,,,,,,,,,,,,,,,,,,,
565,5,BO_14,BO_014,7,0,,,,,,,,,,,,,1,,0,,,,1,,0,,,,,,
593,5,BO_17,BO_017,6,6,,,,,,,1,,0,,,,2,,6,,,,,,,,,,,,
549,5,BO_20,BO_020,1,0,,,,,,,,,,,,,,,,,,,,,,,,,,,
553,5,BO_22,BO_022,,0,,,,,,,,,,,,,,,,,,,,,,,,,,,
645,5,BO_27,BO_027,,0,,,,,,,,,,,,,,,,,,,,,,,,,,,
641,5,BO_28,BO_028,,0,,,,,,,,,,,,,,,,,,,,,,,,,,,
669,5,BO_31,BO_031,6,0,,,,,,,,,,,,,,,,,,,,,,,,,,,
697,5,BO_44,BO_044,,0,,,,,,,,,,,,,,,,,,,,,,,,,,,
589,5,BO_45,BO_045,5,4,,,,,,,,,,,,,,,,,,,1,,4,,,,,,
681,5,BO_46,BO_046,,0,,,,,,,,,,,,,,,,,,,,,,,,,,,
693,5,BO_47,BO_047,,0,,,,,,,,,,,,,,,,,,,,,,,,,,,
629,5,BO_51,BO_051,1,0,,,,,,,,,,,,,1,,0,,,,,,,,,,,,
661,5,BO_53,BO_053,,0,,,,,,,,,,,,,,,,,,,,,,,,,,,
537,5,BO_60,BO_060,,0,,,,,,,,,,,,,,,,,,,,,,,,,,,
541,5,BO_63,BO_063,,0,,,,,,,,,,,,,,,,,,,,,,,,,,,
601,5,BO_71,BO_071,3,0,,,,,,,,,,,,,1,,0,,,,,,,,,,,,
609,5,BO_79,BO_079,4,3,,,,,,,,,,,,,1,,0,,,,4,,3,2,,0,,,
581,5,BO_81,BO_081,,0,,,,,,,,,,,,,,,,,,,,,,,,,,,
585,5,BO_82,BO_082,5,1,,,,,,,,,,,,,1,,0,,,,2,,1,,,,,,
585,5,BO_82,BO_082,6,0,,,,,,,,,,,,,,,,,,,,,,,,,,,
585,5,BO_82,BO_082,7,0,,,,,,,,,,,,,1,,0,,,,,,,,,,,,
613,5,BO_85,BO_085,,0,,,,,,,,,,,,,,,,,,,,,,,,,,,
605,5,BO_86,BO_086,3,1,,,,,,,,,,,,,,,,,,,,,,2,,1,,,
573,5,BO_89,BO_089,7,4,,,,,,,,,,,,,,,,,,,2,,4,,,,,,
577,5,BO_95,BO_095,8,0,,,,,,,,,,,,,,,,,,,,,,,,,,,
621,5,BO_98,BO_098,5,15,,,,,,,,,,,,,5,,15,,,,,,,,,,,,
637,5,BO_106,BO_106,,0,,,,,,,,,,,,,,,,,,,,,,,,,,,
557,5,BO_108,BO_108,,0,,,,,,,,,,,,,,,,,,,,,,,,,,,
649,5,BO_111,BO_111,,0,,,,,,,,,,,,,,,,,,,,,,,,,,,
677,5,BO_114,BO_114,8,0,,,,,,,,,,,,,,,,,,,,,,,,,,,
597,5,BO_115,BO_115,2,2,,,,,,,,,,,,,1,,2,,,,,,,,,,,,
685,5,BO_117,BO_117,,0,,,,,,,,,,,,,,,,,,,,,,,,,,,
533,5,BO_121,BO_121,7,3,,,,,,,,,,,,,,,,,,,2,,3,,,,,,
701,5,BO_122,BO_122,,0,,,,,,,,,,,,,,,,,,,,,,,,,,,
673,5,BO_140,BO_140,4,2,,,,,,,,,,,,,,,,1,,2,,,,,,,,,
617,5,BO_141,BO_141,NA,0,,,,,,,,,,,,,,,,,,,,,,,,,,,
653,5,BO_145,BO_145,,0,,,,,,,,,,,,,,,,,,,,,,,,,,,
657,5,BO_146,BO_146,,0,,,,,,,,,,,,,,,,,,,,,,,,,,,
,5,BO_149,BO_149,2,2,,,,,,,,,,,,,3,,2,,,,,,,,,,,,
633,5,BO_149,BO_149,3,7,,,,,,,,,,,,,1,,2,,,,2,,5,,,,,,
529,5,BO_171,BO_171,1,0,,,,,,,,,,,,,,,,,,,,,,,,,,,
689,5,BO_186,BO_186,,0,,,,,,,,,,,,,,,,,,,,,,,,,,,
665,5,BO_195,BO_195,,0,,,,,,,,,,,,,,,,,,,,,,,,,,,
561,5,BO_198,BO_198,,0,,,,,,,,,,,,,,,,,,,,,,,,,,,
625,5,BO_199,BO_199,,0,,,,,,,,,,,,,,,,,,,,,,,,,,,
713,6,BO_8,BO_008,7,6,,,,,,,,,,1,,0,3,,2,,,,1,,4,,,,,,
725,6,BO_25,BO_025,6,0,,,,,,,,,,,,,,,,,,,,,,,,,,,
725,6,BO_25,BO_025,7,0,,,,,,,,,,,,,3,,0,1,,0,,,,,,,,,
777,6,BO_32,BO_032,4,0,,,,,,,,,,,,,,,,1,,0,,,,,,,,,
721,6,BO_50,BO_050,4,0,,,,,,,,,,,,,,,,,,,,,,,,,,,
745,6,BO_52,BO_052,2,0,,,,,,,,,,,,,0,,,,,,,,,,,,,,
737,6,BO_56,BO_056,8,10,,,,,,,,,,,,,,,,,,,3,,10,,,,,,
705,6,BO_61,BO_061,3,0,,,,,,,,,,1,,0,,,,,,,,,,2,,0,,,
781,6,BO_70,BO_070,5,5,,,,,,,,,,,,,0,,,,,,1,,5,1,,0,,,
757,6,BO_78,BO_078,4,1,,,,,,,,,,,,,1,,1,,,,,,,,,,,,
797,6,BO_90,BO_090,1,1,,,,,,,,,,,,,,,,,,,2,,1,,,,,,
785,6,BO_96,BO_096,4,0,,,,,,,,,,,,,,,,,,,,,,,,,,,
749,6,BO_118,BO_118,1,0,,,,,,,,,,,,,,,,,,,,,,,,,,,
769,6,BO_120,BO_120,7,0,,,,,,,,,,,,,,,,,,,,,,,,,,,
761,6,BO_127,BO_127,2,0,,,,,,,,,,,,,,,,,,,,,,,,,,,
761,6,BO_127,BO_127,5,7,,,,,,,,,,,,,,,,1,,7,,,,,,,,,
761,6,BO_127,BO_127,7,0,,,,,,,,,,,,,1,,0,,,,,,,,,,,,
765,6,BO_130,BO_130,2,0,,,,,,,,,,,,,,,,,,,,,,,,,,,
765,6,BO_130,BO_130,8,2,,,,,,,,,,,,,,,,,,,1,,2,,,,,,
709,6,BO_131,BO_131,5,4,,,,,,,1,,0,1,,0,1,,0,,,,2,,4,,,,,,
733,6,BO_132,BO_132,6,0,,,,,,,,,,,,,,,,,,,,,,,,,,,
741,6,BO_137,BO_137,2,3,,,,,,,,,,,,,,,,,,,2,,3,,,,,,
741,6,BO_137,BO_137,7,0,,,,,,,,,,,,,,,,,,,,,,,,,,,
753,6,BO_139,BO_139,,0,,,,,,,,,,,,,,,,,,,,,,,,,,,
809,6,BO_142,BO_142,4,0,,,,,,,1,,0,,,,,,,1,,0,,,,,,,,,
809,6,BO_142,BO_142,7,1,,,,,,,,,,,,,1,,1,,,,,,,,,,,,
729,6,BO_147,BO_147,,0,,,,,,,,,,,,,,,,,,,,,,,,,,,
805,6,BO_151,BO_151,3,0,,,,,,,,,,2,,0,,,,,,,,,,,,,,,
805,6,BO_151,BO_151,6,0,,,,,,,,,,,,,2,,0,,,,,,,,,,,,
805,6,BO_151,BO_151,8,2,,,,,,,,,,,,,,,,1,,2,,,,,,,,,
717,6,BO_153,BO_153,1,0,,,,,,,,,,,,,,,,,,,,,,,,,,,
793,6,BO_157,BO_157,6,5,,,,1,,3,,,,,,,3,,2,,,,,,,,,,,,
817,6,BO_158,BO_158,2,0,,,,,,,,,,,,,,,,,,,,,,,,,,,
789,6,BO_161,BO_161,1,0,,,,,,,,,,,,,1,,0,,,,,,,,,,,,
813,6,BO_174,BO_174,1,3,,,,,,,,,,,,,2,,3,,,,,,,,,,,,
821,6,BO_182,BO_182,5,11,,,,,,,,,,,,,,,,,,,4,,11,,,,,,
821,6,BO_182,BO_182,7,4,1,,0,,,,,,,,,,,,,1,,4,,,,,,,,,
821,6,BO_182,BO_182,8,1,,,,,,,,,,1,,1,,,,,,,,,,,,,,,
801,6,BO_191,BO_191,4,0,,,,,,,,,,1,,0,1,,0,1,,0,1,,0,,,,,,
773,6,BO_200,BO_200,8,6,,,,,,,,,,,,,2,,6,,,,,,,,,,,,
877,7,BO_13,BO_013,3,0,,,,,,,,,,,,,1,,0,,,,,,,,,,,,
865,7,BO_24,BO_024,4,0,,,,,,,1,,0,1,,0,,,,,,,,,,,,,,,
829,7,BO_29,BO_029,,0,,,,,,,,,,,,,,,,,,,,,,,,,,,
849,7,BO_43,BO_043,,0,,,,,,,,,,,,,,,,,,,,,,,,,,,
841,7,BO_55,BO_055,2,1,,,,,,,,,,,,,,,,,,,1,,1,,,,,,
853,7,BO_67,BO_067,2,0,,,,,,,,,,,,,,,,,,,,,,,,,,,
905,7,BO_69,BO_069,,0,,,,,,,,,,,,,,,,,,,,,,,,,,,
901,7,BO_72,BO_072,7,2,,,,,,,,,,,,,1,,2,,,,,,,,,,,,
825,7,BO_80,BO_080,,0,,,,,,,,,,,,,,,,,,,,,,,,,,,
869,7,BO_87,BO_087,,0,,,,,,,,,,,,,,,,,,,,,,,,,,,
885,7,BO_94,BO_094,,0,,,,,,,,,,,,,,,,,,,,,,,,,,,
913,7,BO_99,BO_099,7,1,,,,,,,,,,,,,3,,1,,,,,,,,,,,,
837,7,BO_104,BO_104,2,2,,,,,,,,,,,,,2,,1,,,,2,,1,,,,,,
861,7,BO_105,BO_105,,0,,,,,,,,,,,,,,,,,,,,,,,,,,,
925,7,BO_123,BO_123,1,3,,,,,,,,,,,,,1,,3,,,,,,,,,,,,
893,7,BO_124,BO_124,7,0,1,,0,,,,,,,,,,,,,,,,,,,,,,,,
873,7,BO_125,BO_125,7,13,,,,,,,,,,,,,,,,6,,13,,,,,,,,,
845,7,BO_135,BO_135,3,3,,,,,,,,,,,,,,,,,,,2,,3,,,,,,
881,7,BO_150,BO_150,3,1,,,,,,,,,,1,,0,,,,1,,1,,,,,,,,,
921,7,BO_155,BO_155,8,13,,,,,,,,,,1,,0,1,,6,1,,7,,,,,,,,,
909,7,BO_159,BO_159,,0,,,,,,,,,,,,,,,,,,,,,,,,,,,
917,7,BO_164,BO_164,6,1,,,,,,,,,,,,,,,,,,,1,,1,,,,,,
897,7,BO_166,BO_166,1,0,,,,,,,,,,,,,,,,,,,,,,,,,,,
897,7,BO_166,BO_166,5,2,,,,,,,,,,,,,,,,,,,1,,2,,,,,,
897,7,BO_166,BO_166,7,0,,,,,,,,,,,,,,,,,,,3,,0,,,,,,
857,7,BO_177,BO_177,,0,,,,,,,,,,,,,,,,,,,,,,,,,,,
889,7,BO_185,BO_185,,0,,,,,,,,,,,,,,,,,,,,,,,,,,,
833,7,BO_189,BO_189,3,0,,,,,,,,,,,,,,,,,,,,,,,,,,,
833,7,BO_189,BO_189,4,0,,,,,,,,,,,,,,,,,,,,,,,,,,,
833,7,BO_189,BO_189,6,0,,,,,,,,,,,,,,,,,,,,,,,,,,,
1029,8,BO_4,BO_004,2,2,,,,,,,,,,,,,1,,0,,,,2,,2,,,,,,
1037,8,BO_9,BO_009,7,2,,,,,,,,,,,,,4,,2,,,,,,,,,,,,
1025,8,BO_15,BO_015,3,2,,,,,,,,,,,,,,,,1,,0,1,,2,,,,,,
961,8,BO_18,BO_018,,0,,,,,,,,,,,,,,,,,,,,,,,,,,,
969,8,BO_19,BO_019,3,0,,,,1,,0,,,,,,,,,,,,,,,,,,,,,
1005,8,BO_21,BO_021,3,7,,,,,,,,,,,,,2,,1,,,,7,,6,,,,,,
1005,8,BO_21,BO_021,4,1,,,,,,,,,,,,,2,,1,,,,1,,0,,,,,,
1005,8,BO_21,BO_021,6,12,,,,,,,,,,,,,3,,6,,,,1,,6,,,,,,
981,8,BO_34,BO_034,4,7,,,,1,,7,,,,,,,,,,,,,,,,,,,,,
957,8,BO_37,BO_037,6,0,,,,,,,,,,,,,,,,,,,,,,,,,,,
997,8,BO_48,BO_048,1,1,,,,,,,,,,,,,,,,,,,,,,1,,1,,,
997,8,BO_48,BO_048,6,0,,,,,,,,,,,,,,,,,,,,,,,,,,,
997,8,BO_48,BO_048,8,7,,,,,,,1,,5,,,,2,,2,,,,,,,,,,,,
937,8,BO_54,BO_054,,0,,,,,,,,,,,,,,,,,,,,,,,,,,,
973,8,BO_66,BO_066,,0,,,,,,,,,,,,,,,,,,,,,,,,,,,
933,8,BO_88,BO_088,1,7,,,,,,,1,,7,,,,,,,1,,0,,,,,,,,,
993,8,BO_91,BO_091,2,11,,,,1,,0,2,,7,,,,6,,4,,,,,,,,,,,,
953,8,BO_100,BO_100,2,1,,,,,,,,,,,,,2,,1,,,,,,,,,,,,
1053,8,BO_102,BO_102,3,8,,,,,,,,,,,,,2,,8,,,,1,,0,,,,,,
941,8,BO_116,BO_116,5,0,1,,0,,,,,,,,,,,,,,,,,,,,,,,,
1001,8,BO_126,BO_126,1,4,,,,,,,,,,,,,1,,3,,,,,,,1,,1,,,
1001,8,BO_126,BO_126,3,4,,,,,,,,,,,,,1,,4,,,,,,,,,,,,
1001,8,BO_126,BO_126,4,3,,,,,,,,,,,,,2,,1,,,,3,,2,,,,,,
989,8,BO_134,BO_134,7,1,,,,,,,,,,,,,1,,1,,,,,,,,,,,,
977,8,BO_143,BO_143,3,0,,,,,,,1,,0,,,,,,,,,,,,,,,,,,
1041,8,BO_144,BO_144,5,0,,,,,,,,,,,,,,,,,,,,,,,,,,,
945,8,BO_148,BO_148,8,0,,,,,,,,,,,,,,,,,,,,,,,,,,,
929,8,BO_152,BO_152,4,5,,,,,,,,,,,,,2,,0,2,,3,1,,2,,,,,,
929,8,BO_152,BO_152,5,2,,,,,,,,,,,,,,,,1,,2,,,,,,,,,
929,8,BO_152,BO_152,6,2,,,,,,,,,,,,,1,,2,,,,,,,,,,,,
1013,8,BO_154,BO_154,6,0,,,,,,,,,,,,,,,,,,,,,,,,,,,
1049,8,BO_167,BO_167,3,1,,,,,,,,,,,,,,,,,,,1,,1,,,,,,
1045,8,BO_169,BO_169,1,8,,,,,,,1,,5,,,,,,,,,,2,,3,,,,,,
985,8,BO_175,BO_175,2,0,,,,,,,,,,,,,,,,,,,,,,,,,,,
1033,8,BO_176,BO_176,1,0,,,,,,,,,,,,,1,,0,,,,1,,0,,,,,,
1021,8,BO_178,BO_178,3,0,,,,,,,,,,,,,,,,,,,,,,,,,,,
949,8,BO_180,BO_180,4,0,,,,1,,0,,,,,,,,,,,,,,,,,,,,,
965,8,BO_184,BO_184,1,1,,,,,,,,,,,,,1,,1,,,,,,,,,,,,
1009,8,BO_190,BO_190,3,0,,,,,,,,,,,,,,,,,,,,,,,,,,,
1017,8,BO_201,BO_201,2,0,,,,,,,,,,,,,,,,,,,,,,,,,,,
1137,9,BO_4,BO_004,1,0,,,,,,,,,,,,,,,,,,,,,,,,,,,
1137,9,BO_4,BO_004,3,0,,,,,,,,,,,,,,,,,,,,,,,,,,,
1169,9,BO_19,BO_019,,0,,,,,,,,,,,,,,,,,,,,,,,,,,,
1157,9,BO_21,BO_021,2,0,,,,,,,,,,,,,,,,,,,,,,,,,,,
1157,9,BO_21,BO_021,7,1,,,,,,,,,,,,,,,,1,,0,1,,1,,,,,,
1157,9,BO_21,BO_021,8,0,,,,,,,,,,,,,,,,1,,0,,,,,,,,,
1129,9,BO_24,BO_024,1,0,,,,,,,,,,,,,,,,,,,,,,,,,,,
1129,9,BO_24,BO_024,3,2,,,,,,,,,,,,,1,,0,1,,0,1,,2,,,,,,
1117,9,BO_34,BO_034,7,2,,,,,,,1,,2,,,,1,,0,,,,1,,0,,,,,,
1165,9,BO_47,BO_047,,0,,,,,,,,,,,,,,,,,,,,,,,,,,,
1057,9,BO_53,BO_053,7,0,,,,,,,,,,,,,,,,,,,,,,,,,,,
1081,9,BO_70,BO_070,4,3,,,,,,,,,,,,,2,,3,,,,,,,,,,,,
1093,9,BO_72,BO_072,3,1,,,,,,,,,,,,,3,,1,,,,,,,,,,,,
1069,9,BO_88,BO_088,5,0,,,,1,,0,,,,,,,,,,,,,,,,,,,,,
1133,9,BO_90,BO_090,2,0,,,,,,,,,,,,,,,,,,,,,,,,,,,
1089,9,BO_94,BO_094,6,2,,,,,,,,,,,,,2,,2,,,,,,,,,,,,
1109,9,BO_95,BO_095,6,7,,,,,,,,,,,,,5,,7,,,,,,,,,,,,
1097,9,BO_102,BO_102,1,0,,,,,,,,,,,,,1,,0,,,,,,,,,,,,
1065,9,BO_106,BO_106,6,2,,,,,,,,,,,,,,,,,,,1,,2,,,,,,
1061,9,BO_116,BO_116,3,0,,,,,,,,,,,,,,,,,,,,,,,,,,,
1085,9,BO_123,BO_123,7,10,,,,,,,,,,,,,3,,10,,,,,,,,,,,,
1153,9,BO_124,BO_124,2,4,,,,,,,,,,,,,2,,4,,,,,,,,,,,,
1073,9,BO_125,BO_125,8,3,,,,,,,,,,,,,2,,1,,,,2,,2,,,,,,
1149,9,BO_131,BO_131,8,3,,,,,,,,,,1,,1,1,,2,,,,,,,,,,,,
1145,9,BO_135,BO_135,7,0,,,,,,,,,,,,,,,,,,,,,,,,,,,
1101,9,BO_143,BO_143,3,0,,,,,,,,,,,,,,,,,,,,,,,,,,,
1077,9,BO_146,BO_146,5,1,,,,,,,,,,,,,,,,,,,2,,1,,,,,,
1125,9,BO_148,BO_148,8,0,,,,,,,,,,,,,,,,,,,,,,,,,,,
1121,9,BO_154,BO_154,2,7,,,,,,,1,,4,,,,,,,,,,4,,3,,,,,,
1141,9,BO_155,BO_155,6,0,,,,,,,,,,,,,1,,0,,,,1,,0,,,,,,
1161,9,BO_158,BO_158,,0,,,,,,,,,,,,,,,,,,,,,,,,,,,
1105,9,BO_174,BO_174,3,0,,,,,,,,,,,,,,,,,,,,,,,,,,,
1113,9,BO_199,BO_199,2,2,,,,,,,,,,,,,1,,2,,,,,,,,,,,,
1113,9,BO_199,BO_199,7,0,,,,,,,,,,,,,,,,,,,,,,,,,,,
1185,10,BO_18,BO_018,4,6,,,,,,,,,,,,,2,,0,2,,1,,,,,,,3,,5
1173,10,BO_27,BO_027,6,16,,,,,,,,,,,,,5,,16,,,,,,,,,,,,
1233,10,BO_28,BO_028,1,0,,,,,,,,,,,,,1,,0,,,,,,,,,,,,
1265,10,BO_31,BO_031,5,3,,,,,,,,,,,,,,,,,,,1,,3,,,,,,
1177,10,BO_43,BO_043,4,7,,,,,,,,,,2,,6,2,,1,,,,,,,,,,,,
1249,10,BO_44,BO_044,6,1,,,,,,,,,,,,,1,,1,,,,,,,,,,,,
1209,10,BO_45,BO_045,6,4,,,,,,,,,,,,,,,,,,,10,,4,,,,,,
1225,10,BO_52,BO_052,2,1,,,,,,,,,,,,,,,,,,,2,,1,,,,,,
1229,10,BO_54,BO_054,1,0,,,,,,,,,,,,,,,,,,,,,,1,,0,,,
1277,10,BO_55,BO_055,4,1,,,,,,,,,,,,,,,,,,,2,,1,,,,,,
1313,10,BO_56,BO_056,7,0,,,,,,,,,,,,,,,,,,,,,,,,,,,
1285,10,BO_63,BO_063,8,0,,,,,,,,,,,,,,,,,,,,,,,,,,,
1257,10,BO_78,BO_078,6,0,,,,,,,,,,,,,,,,,,,1,,0,,,,,,
1189,10,BO_80,BO_080,1,6,,,,,,,1,,4,,,,1,,2,,,,,,,,,,,,
1189,10,BO_80,BO_080,3,3,,,,,,,,,,,,,1,,3,,,,,,,,,,,,
1189,10,BO_80,BO_080,4,1,,,,,,,1,,1,,,,,,,,,,2,,0,,,,,,
1317,10,BO_81,BO_081,,0,,,,,,,,,,,,,,,,,,,,,,,,,,,
1205,10,BO_85,BO_085,2,0,,,,,,,,,,,,,,,,,,,1,,0,,,,,,
1329,10,BO_87,BO_087,,0,,,,,,,,,,,,,,,,,,,,,,,,,,,
1201,10,BO_89,BO_089,2,0,,,,,,,,,,,,,,,,,,,,,,,,,,,
1245,10,BO_91,BO_091,6,0,,,,,,,,,,,,,,,,,,,,,,,,,,,
1193,10,BO_98,BO_098,1,0,,,,,,,,,,,,,,,,,,,1,,0,,,,,,
1325,10,BO_120,BO_120,,0,,,,,,,,,,,,,,,,,,,,,,,,,,,
1253,10,BO_121,BO_121,8,0,,,,,,,,,,,,,,,,,,,,,,,,,,,
1217,10,BO_126,BO_126,2,3,,,,,,,1,,3,,,,,,,,,,,,,,,,,,
1217,10,BO_126,BO_126,4,2,,,,,,,,,,,,,2,,1,,,,2,,1,,,,,,
1217,10,BO_126,BO_126,6,0,,,,,,,,,,,,,,,,,,,,,,,,,,,
1297,10,BO_127,BO_127,2,8,,,,,,,,,,,,,,,,,,,2,,8,,,,,,
1297,10,BO_127,BO_127,7,0,,,,,,,,,,,,,,,,,,,,,,,,,,,
1293,10,BO_140,BO_140,4,0,,,,,,,,,,,,,,,,1,,0,,,,,,,,,
1281,10,BO_142,BO_142,1,2,,,,,,,,,,,,,,,,,,,1,,2,,,,,,
1281,10,BO_142,BO_142,7,0,,,,,,,,,,,,,,,,1,,0,,,,,,,,,
1281,10,BO_142,BO_142,8,3,,,,,,,,,,,,,1,,3,,,,,,,,,,,,
1309,10,BO_145,BO_145,2,0,,,,,,,,,,,,,,,,,,,1,,0,,,,,,
1181,10,BO_149,BO_149,3,1,,,,,,,,,,,,,3,,0,,,,1,,1,,,,,,
1181,10,BO_149,BO_149,5,1,,,,,,,,,,,,,,,,,,,1,,1,,,,,,
1181,10,BO_149,BO_149,6,0,,,,,,,,,,,,,,,,,,,,,,,,,,,
1273,10,BO_157,BO_157,5,6,,,,,,,,,,,,,3,,6,,,,,,,,,,,,
1301,10,BO_161,BO_161,6,0,,,,,,,,,,,,,,,,,,,,,,,,,,,
1305,10,BO_164,BO_164,,0,,,,,,,,,,,,,,,,,,,,,,,,,,,
1197,10,BO_169,BO_169,5,0,,,,,,,,,,,,,,,,1,,0,,,,,,,,,
1241,10,BO_171,BO_171,3,0,,,,,,,,,,,,,,,,,,,,,,,,,,,
1261,10,BO_178,BO_178,3,1,,,,,,,,,,,,,1,,1,,,,,,,,,,,,
1269,10,BO_184,BO_184,5,4,,,,,,,,,,,,,,,,2,,4,,,,,,,,,
1321,10,BO_185,BO_185,,0,,,,,,,,,,,,,,,,,,,,,,,,,,,
1213,10,BO_189,BO_189,4,0,,,,,,,,,,,,,2,,0,,,,,,,,,,,,
1221,10,BO_195,BO_195,4,0,,,,,,,,,,,,,,,,1,,0,,,,,,,,,
1221,10,BO_195,BO_195,6,0,,,,,,,,,,,,,,,,,,,,,,,,,,,
1221,10,BO_195,BO_195,8,0,,,,,,,,,,,,,1,,0,,,,,,,,,,,,
1289,10,BO_198,BO_198,8,0,,,,,,,,,,,,,1,,0,,,,1,,0,,,,,,
1237,10,BO_201,BO_201,2,0,,,,,,,,,,1,,0,,,,,,,1,,0,,,,,,
1369,11,BO_12,BO_012,5,1,,,,,,,,,,,,,1,,0,,,,1,,1,,,,,,
1345,11,BO_13,BO_013,6,5,,,,,,,,,,1,,0,,,,1,,0,1,,4,1,,1,,,
1377,11,BO_15,BO_015,6,7,,,,,,,,,,,,,2,,7,,,,,,,,,,,,
1417,11,BO_17,BO_017,,0,,,,,,,,,,,,,,,,,,,,,,,,,,,
1433,11,BO_22,BO_022,5,0,,,,,,,,,,,,,1,,0,,,,,,,,,,,,
1449,11,BO_25,BO_025,3,0,,,,,,,1,,0,,,,,,,,,,1,,0,,,,,,
1449,11,BO_25,BO_025,6,0,,,,,,,,,,,,,,,,,,,,,,,,,,,
1449,11,BO_25,BO_025,8,0,,,,,,,,,,,,,,,,,,,,,,,,,,,
1401,11,BO_32,BO_032,1,2,,,,,,,,,,,,,1,,2,,,,1,,0,,,,,,
1485,11,BO_37,BO_037,,0,,,,,,,,,,,,,,,,,,,,,,,,,,,
1429,11,BO_46,BO_046,NF,0,,,,,,,,,,,,,,,,,,,,,,,,,,,
1481,11,BO_50,BO_050,,0,,,,,,,,,,,,,,,,,,,,,,,,,,,
1461,11,BO_51,BO_051,2,0,,,,,,,,,,,,,,,,,,,,,,,,,,,
1341,11,BO_60,BO_060,7,0,,,,,,,,,,,,,,,,,,,,,,,,,,,
1445,11,BO_61,BO_061,1,0,,,,,,,1,,0,,,,2,,0,,,,,,,,,,,,
1489,11,BO_66,BO_066,4,0,,,,,,,,,,,,,,,,,,,,,,,,,,,
1361,11,BO_67,BO_067,7,1,,,,,,,,,,1,,1,,,,,,,,,,,,,,,
1441,11,BO_69,BO_069,6,5,,,,,,,,,,,,,2, ,0,,,,1,,5,,,,,,
1425,11,BO_71,BO_071,4,5,,,,,,,,,,,,,,,,,,,2,,5,,,,,,
1465,11,BO_79,BO_079,3,0,,,,,,,,,,,,,,,,,,,5,,0,,,,,,
1453,11,BO_82,BO_082,1,0,,,,,,,,,,,,,,,,,,,1,,0,,,,,,
1453,11,BO_82,BO_082,5,0,,,,,,,,,,,,,,,,,,,,,,,,,,,
1453,11,BO_82,BO_082,4,0,,,,,,,,,,,,,,,,,,,,,,,,,,,
1385,11,BO_99,BO_099,4,1,,,,,,,,,,,,,1,,1,,,,1,,0,,,,,,
1409,11,BO_100,BO_100,,0,,,,,,,,,,,,,,,,,,,,,,,,,,,
1397,11,BO_104,BO_104,4,1,,,,,,,,,,,,,1,,0,,,,2,,1,,,,,,
1405,11,BO_105,BO_105,4,0,,,,,,,,,,,,,,,,,,,,,,,,,,,
1333,11,BO_108,BO_108,3,0,,,,,,,,,,,,,,,,,,,,,,,,,,,
1365,11,BO_115,BO_115,1,18,,,,,,,,,,,,,,,,,,,5,,18,,,,,,
1477,11,BO_117,BO_117,8,0,,,,,,,,,,,,,,,,,,,,,,,,,,,
1413,11,BO_118,BO_118,6,0,,,,,,,,,,,,,,,,,,,,,,,,,,,
1421,11,BO_122,BO_122,,0,,,,,,,,,,,,,,,,,,,,,,,,,,,
1337,11,BO_130,BO_130,5,0,,,,1,,0,,,,3,,0,,,,,,,,,,,,,,,
1337,11,BO_130,BO_130,7,0,,,,,,,,,,1,,0,,,,,,,,,,,,,,,
1357,11,BO_134,BO_134,1,10,,,,,,,,,,,,,1,,7,,,,1,,3,,,,,,
1381,11,BO_137,BO_137,1,0,,,,,,,,,,,,,2,,0,,,,1,,0,,,,,,
1381,11,BO_137,BO_137,6,6,,,,,,,,,,,,,,,,,,,1,,6,,,,,,
1381,11,BO_137,BO_137,7,8,,,,,,,,,,,,,,,,,,,4,,8,,,,,,
1373,11,BO_147,BO_147,NF,0,,,,,,,,,,,,,,,,,,,,,,,,,,,
1393,11,BO_150,BO_150,2,0,,,,,,,,,,,,,,,,,,,,,,,,,,,
1353,11,BO_152,BO_152,2,10,,,,,,,,,,,,,1, ,0,,,,3,,7,1,,3,,,
1353,11,BO_152,BO_152,3,6,,,,,,,,,,,,,2,,6,,,,,,,,,,,,
1353,11,BO_152,BO_152,7,8,,,,,,,2,,1,1,,2,,,,,,,2,,3,1,,2,,,
1473,11,BO_159,BO_159,7,0,,,,,,,,,,,,,,,,,,,,,,1,,0,,,
1437,11,BO_175,BO_175,5,0,,,,,,,,,,1,,0,,,,,,,,,,,,,,,
1389,11,BO_176,BO_176,6,10,,,,,,,,,,,,,,,,4,,8,2,,2,,,,,,
1457,11,BO_180,BO_180,1,5,,,,,,,,,,,,,1,,5,,,,,,,,,,,,
1469,11,BO_182,BO_182,2,0,,,,,,,,,,,,,,,,,,,,,,,,,,,
1349,11,BO_200,BO_200,6,3,,,,,,,,,,,,,3,,3,,,,,,, ,,,,,
1533,12,BO_1,BO_001,8,0,,,,,,,,,,,,,,,,,,,,,,1,,0,,,
1497,12,BO_8,BO_008,1,0,,,,,,,1,,0,,,,,,,,,,,,,,,,,,
1545,12,BO_9,BO_009,3,0,,,,,,,,,,,,,,,,,,,,,,,,,,,
1569,12,BO_14,BO_014,4,0,,,,,,,,,,,,,,,,,,,1,,0,,,,,,
1529,12,BO_20,BO_020,6,2,,,,,,,,,,,,,,,,,,,1,,2,,,,,,
1581,12,BO_29,BO_029,2,1,,,,,,,,,,,,,,,,,,,1,,1,,,,,,
1505,12,BO_48,BO_048,4,1,,,,,,,,,,,,,2,,1,,,,,,,,,,,,
1505,12,BO_48,BO_048,6,2,,,,,,,,,,,,,1,,2,,,,,,,,,,,,
1549,12,BO_86,BO_086,5,0,,,,,,,,,,,,,,,,,,,,,,,,,,,
1553,12,BO_96,BO_096,NF,0,,,,,,,,,,,,,,,,,,,,,,,,,,,
1541,12,BO_111,BO_111,2,0,,,,,,,,,,,,,2,,0,,,,,,,,,,,,
1493,12,BO_114,BO_114,8,0,,,,,,,,,,,,,,,,,,,,,,,,,,,
1565,12,BO_132,BO_132,4,20,,,,,,,,,,,,,,,,,,,4,,20,,,,,,
1513,12,BO_139,BO_139,,0,,,,,,,,,,,,,,,,,,,,,,,,,,,
1517,12,BO_141,BO_141,,0,,,,,,,,,,,,,,,,,,,,,,,,,,,
1573,12,BO_144,BO_144,2,4,,,,,,,,,,,,,1,,4,,,,1,,0,,,,,,
1557,12,BO_151,BO_151,2,0,,,,,,,,,,,,,,,,3,,0,,,,,,,,,
1557,12,BO_151,BO_151,3,8,,,,,,,,,,,,,,,,,,,4,,8,,,,,,
1557,12,BO_151,BO_151,4,0,,,,,,,,,,,,,,,,,,,,,,,,,,,
1537,12,BO_153,BO_153,7,4,,,,1,,0,,,,,,,,,,,,,3,,4,,,,,,
1521,12,BO_166,BO_166,1,1,,,,,,,1,,0,,,,1,,0,,,,1,,0,1,,1,,,
1521,12,BO_166,BO_166,4,2,,,,,,,,,,1,,2,1,,0,,,,,,,,,,,,
1521,12,BO_166,BO_166,6,0,,,,,,,,,,,,,,,,,,,,,,,,,,,
1561,12,BO_167,BO_167,6,0,,,,,,,,,,,,,,,,,,,,,,,,,,,
1501,12,BO_177,BO_177,8,0,,,,,,,,,,,,,,,,,,,,,,,,,,,
1525,12,BO_186,BO_186,2,2,,,,,,,,,,,,,,,,,,,1,,2,,,,,,
1577,12,BO_190,BO_190,1,7,,,,,,,,,,,,,,,,,,,2,,7,,,,,,
1509,12,BO_191,BO_191,4,15,,,,,,,,,,,,,2,,12,,,,1,,3,,,,,,
1645,W1,BO_4,BO_004,,0,,,,,,,,,,,,,,,,,,,,,,,,,,,
1589,W1,BO_21,BO_021,3,5,,,,,,,,,,,,,,,,,,,1,,5,,,,,,
1589,W1,BO_21,BO_021,5,2,,,,,,,,,,,,,1,,2,,,,,,,,,,,,
1625,W1,BO_24,BO_024,,0,,,,,,,,,,,,,,,,,,,,,,,,,,,
1629,W1,BO_25,BO_025,,0,,,,,,,,,,,,,,,,,,,,,,,,,,,
1621,W1,BO_48,BO_048,,0,,,,,,,,,,,,,,,,,,,,,,,,,,,
1665,W1,BO_80,BO_080,,0,,,,,,,,,,,,,,,,,,,,,,,,,,,
1637,W1,BO_82,BO_082,,0,,,,,,,,,,,,,,,,,,,,,,,,,,,
1613,W1,BO_86,BO_086,,0,,,,,,,,,,,,,,,,,,,,,,,,,,,
1649,W1,BO_126,BO_126,,0,,,,,,,,,,,,,,,,,,,,,,,,,,,
1653,W1,BO_127,BO_127,,0,,,,,,,,,,,,,,,,,,,,,,,,,,,
1593,W1,BO_130,BO_130,1,1,,,,,,,,,,2,,1,,,,,,,,,,,,,,,
1593,W1,BO_130,BO_130,4,0,,,,,,,,,,2,,0,,,,,,,,,,,,,,,
1641,W1,BO_137,BO_137,,0,,,,,,,,,,,,,,,,,,,,,,,,,,,
1601,W1,BO_142,BO_142,,0,,,,,,,,,,,,,,,,,,,,,,,,,,,
1661,W1,BO_149,BO_149,,0,,,,,,,,,,,,,,,,,,,,,,,,,,,
1657,W1,BO_151,BO_151,,0,,,,,,,,,,,,,,,,,,,,,,,,,,,
1609,W1,BO_152,BO_152,,0,,,,,,,,,,,,,,,,,,,,,,,,,,,
1585,W1,BO_166,BO_166,4,0,,,,,,,,,,1,,0,1,,0,,,,,,,,,,,,
1617,W1,BO_182,BO_182,,0,,,,,,,,,,,,,,,,,,,,,,,,,,,
1605,W1,BO_189,BO_189,,0,,,,,,,,,,,,,,,,,,,,,,,,,,,
1633,W1,BO_195,BO_195,,0,,,,,,,,,,,,,,,,,,,,,,,,,,,
1597,W1,BO_199,BO_199,,0,,,,,,,,,,,,,,,,,,,,,,,,,,,
1717,W2,BO_4,BO_004,,0,,,,,,,,,,,,,,,,,,,,,,,,,,,
1689,W2,BO_21,BO_021,,0,,,,,,,,,,,,,,,,,,,,,,,,,,,
1677,W2,BO_24,BO_024,3,16,,,,,,,,,,,,,2,,5,2,,0,8,,11,,,,,,
1701,W2,BO_25,BO_025,,0,,,,,,,,,,,,,,,,,,,,,,,,,,,
1721,W2,BO_48,BO_048,,0,,,,,,,,,,,,,,,,,,,,,,,,,,,
1745,W2,BO_80,BO_080,,0,,,,,,,,,,,,,,,,,,,,,,,,,,,
1733,W2,BO_82,BO_082,,0,,,,,,,,,,,,,,,,,,,,,,,,,,,
1749,W2,BO_86,BO_086,,0,,,,,,,,,,,,,,,,,,,,,,,,,,,
1713,W2,BO_126,BO_126,,0,,,,,,,,,,,,,,,,,,,,,,,,,,,
1725,W2,BO_127,BO_127,,0,,,,,,,,,,,,,,,,,,,,,,,,,,,
1741,W2,BO_130,BO_130,,0,,,,,,,,,,,,,,,,,,,,,,,,,,,
1693,W2,BO_137,BO_137,,0,,,,,,,,,,,,,,,,,,,,,,,,,,,
1729,W2,BO_142,BO_142,,0,,,,,,,,,,,,,,,,,,,,,,,,,,,
1697,W2,BO_149,BO_149,,0,,,,,,,,,,,,,,,,,,,,,,,,,,,
1705,W2,BO_151,BO_151,,0,,,,,,,,,,,,,,,,,,,,,,,,,,,
1737,W2,BO_152,BO_152,,0,,,,,,,,,,,,,,,,,,,,,,,,,,,
,W2,BO_166,BO_166,1,0,,,,,,,,,,,,,1,,0,,,,,,,,,,,,
1685,W2,BO_166,BO_166,2,0,,,,,,,,,,,,,,,,,,,,,,,,,,,
1685,W2,BO_166,BO_166,7,0,,,,,,,,,,,,,,,,,,,,,,,,,,,
1681,W2,BO_182,BO_182,7,16,,,,,,,,,,,,,,,,2,,16,,,,,,,,,
1669,W2,BO_189,BO_189,,0,,,,,,,,,,,,,,,,,,,,,,,,,,,
1673,W2,BO_195,BO_195,1,7,,,,,,,,,,,,,,,,,,,,,,,,,1,,7
1709,W2,BO_199,BO_199,,0,,,,,,,,,,,,,,,,,,,,,,,,,,,
