,,,,,,Collection Date: 2022-04-14,,,Collection Date: 2022-04-20,,,Collection Date: 2022-04-26 to 2022-04-27,,,Collection Date: 2022-05-02 to 2022-05-06,,,Collection Date: 2022-05-09 to 2022-05-12,,,Collection Date: 2022-05-16 to 2022-05-20,,,Collection Date: 2022-05- 23 to 2022-05-24,,,Collection Date: 2022-06-13 to 2022-06-19,,,Collection Date: NA,,
Sequence,Transect,Recipient,Recipient for sorting,Plant number of fitness plant (when chosen),viable_seeds,# of CLOSED Fruits collected from FITNESS plant,Total # of SEEDS from CLOSED Fruits collected from FITNESS plant,# of FILLED SEEDS from closed fruits collected from fitness plant,# of CLOSED Fruits collected from FITNESS plant,Total # of SEEDS from CLOSED Fruits collected from FITNESS plant,# of FILLED SEEDS from closed fruits collected from fitness plant,# of CLOSED Fruits collected from FITNESS plant,Total # of SEEDS from CLOSED Fruits collected from FITNESS plant,# of FILLED SEEDS from closed fruits collected from fitness plant,# of CLOSED Fruits collected from FITNESS plant,Total # of SEEDS from CLOSED Fruits collected from FITNESS plant,# of FILLED SEEDS from closed fruits collected from fitness plant,# of CLOSED Fruits collected from FITNESS plant,Total # of SEEDS from CLOSED Fruits collected from FITNESS plant,# of FILLED SEEDS from closed fruits collected from fitness plant,# of CLOSED Fruits collected from FITNESS plant,Total # of SEEDS from CLOSED Fruits collected from FITNESS plant,# of FILLED SEEDS from closed fruits collected from fitness plant,# of CLOSED Fruits collected from FITNESS plant,Total # of SEEDS from CLOSED Fruits collected from FITNESS plant,# of FILLED SEEDS from closed fruits collected from fitness plant,# of CLOSED Fruits collected from FITNESS plant,Total # of SEEDS from CLOSED Fruits collected from FITNESS plant,# of FILLED SEEDS from closed fruits collected from fitness plant,# of CLOSED Fruits collected from FITNESS plant,Total # of SEEDS from CLOSED Fruits collected from FITNESS plant,# of FILLED SEEDS from closed fruits collected from fitness plant
12,1,HR_5,HR_005,4,42,,,,1,,0,,,,,,,16,,42,5,,0,3,,0,,,,,,
29,1,HR_7,HR_007,6,8,,,,,,,,,,3,,8,2,,0,1,,0,1,,0,,,,,,
21,1,HR_10,HR_010,5,1,,,,,,,,,,3,,1,3,,0,,,,,,,,,,,,
36,1,HR_11,HR_011,8,16,,,,,,,,,,1,,0,5,,16,5,,0,,,,,,,,,
20,1,HR_16,HR_016,4,0,,,,,,,,,,,,,5,,0,2,,0,,,,,,,,,
43,1,HR_18,HR_018,,0,,,,,,,,,,,,,,,,,,,,,,,,,,,
19,1,HR_20,HR_020,8,7,,,,,,,,,,3,,7,1,,0,,,,,,,,,,,,
27,1,HR_25,HR_025,,0,,,,,,,,,,,,,,,,,,,,,,,,,,,
44,1,HR_26,HR_026,4,1,,,,,,,,,,1,,0,2,,1,,,,,,,,,,,,
34,1,HR_32,HR_032,4,6,,,,,,,,,,,,,5,,4,3,,2,1,,0,,,,,,
8,1,HR_33,HR_033,5,21,,,,,,,,,,,,,11,,9,7,,12,,,,,,,,,
7,1,HR_36,HR_036,4,8,,,,,,,,,,8,,8,,,,,,,,,,,,,,,
45,1,HR_37,HR_037,5,11,,,,,,,,,,,,,6,,11,2,,0,,,,,,,,,
41,1,HR_39,HR_039,1,7,,,,,,,,,,,,,3,,7,2,,0,,,,,,,,,
28,1,HR_40,HR_040,3,0,,,,,,,,,,3,,0,3,,0,2,,0,2,,0,,,,,,
28,1,HR_40,HR_040,5,2,,,,,,,,,,2,,2,2,,0,1,,0,,,,,,,,,
28,1,HR_40,HR_040,7,12,,,,,,,,,,5,,11,6,,1,2,,0,2,,0,,,,,,
22,1,HR_41,HR_041,3,8,,,,,,,,,,,,,2,,8,,,,,,,,,,,,
18,1,HR_46,HR_046,6,6,,,,,,,1,,0,4,,3,6,,3,3,,0,2,,0,,,,,,
38,1,HR_47,HR_047,2,8,,,,,,,,,,,,,5,,6,4,,2,,,,,,,,,
32,1,HR_49,HR_049,3,4,,,,,,,,,,,,,8,,4,3,,0,,,,,,,,,
13,1,HR_57,HR_057,4,2,,,,,,,,,,1,,2,1,,0,,,,,,,,,,,,
1,1,HR_58,HR_058,2,11,,,,,,,,,,9,,6,10,,3,4,,1,5,,1,,,,,,
9,1,HR_61,HR_061,2,22,,,,,,,,,,,,,10,,14,6,,6,3,,2,,,,,,
26,1,HR_83,HR_083,,0,,,,,,,,,,,,,,,,,,,,,,,,,,,
40,1,HR_92,HR_092,1,1,,,,,,,,,,,,,3,,0,6,,1,,,,,,,,,
31,1,HR_95,HR_095,8,6,,,,,,,,,,1,,3,3,,3,2,,0,1,,0,,,,,,
24,1,HR_105,HR_105,7,13,,,,,,,,,,,,,,,,3,,13,,,,,,,,,
16,1,HR_108,HR_108,1,21,,,,,,,,,,4,,14,6,,5,3,,2,,,,,,,,,
35,1,HR_110,HR_110,6,8,,,,,,,,,,,,,5,,8,1,,0,1,,0,,,,,,
30,1,HR_113,HR_113,5,6,,,,,,,,,,9,,2,8,,0,4,,0,6,,4,,,,,,
15,1,HR_114,HR_114,7,5,,,,,,,,,,6,,5,1,,0,1,,0,,,,,,,,,
6,1,HR_115,HR_115,6,24,,,,,,,,,,8,,24,,,,2,,0,,,,,,,,,
39,1,HR_123,HR_123,5,4,,,,,,,,,,2,,2,3,,1,3,,1,,,,,,,,,
25,1,HR_134,HR_134,4,2,,,,,,,,,,,,,5,,1,1,,0,1,,1,,,,,,
33,1,HR_136,HR_136,3,3,,,,,,,,,,,,,6,,3,7,,0,,,,,,,,,
4,1,HR_146,HR_146,3,0,,,,1,,0,,,,7,,0,4,,0,2,,0,,,,,,,,,
23,1,HR_148,HR_148,5,2,,,,,,,,,,,,,5,,2,,,,,,,,,,,,
23,1,HR_148,HR_148,6,1,,,,,,,,,,2,,0,,,,4,,1,1,,0,,,,,,
10,1,HR_158,HR_158,4,69,1,,0,,,,,,,,,,21,,67,5,,2,,,,,,,,,
46,1,HR_162,HR_162,2,0,,,,,,,1,,0,,,,4,,0,2,,0,3,,0,,,,,,
46,1,HR_162,HR_162,5,9,,,,,,,,,,,,,3,,6,3,,3,1,,0,,,,,,
46,1,HR_162,HR_162,8,5,,,,,,,,,,,,,4,,5,2,,0,1,,0,,,,,,
14,1,HR_170,HR_170,5,53,,,,,,,1,,6,10,,38,10,,9,4,,0,,,,,,,,,
42,1,HR_173,HR_173,5,0,,,,,,,,,,,,,1,,0,,,,,,,,,,,,
11,1,HR_175,HR_175,6,14,,,,,,,,,,,,,9,,14,,,,,,,,,,,,
3,1,HR_176,HR_176,7,5,,,,,,,,,,5,,3,2,,1,1,,1,,,,,,,,,
5,1,HR_177,HR_177,3,37,,,,,,,1,,6,8,,31,4,,0,1,,0,,,,,,,,,
37,1,HR_178,HR_178,6,10,,,,,,,,,,3,,2,3,,7,2,,0,2,,1,,,,,,
2,1,HR_183,HR_183,2,11,,,,,,,2,,2,8,,7,4,,2,2,,0,,,,,,,,,
17,1,HR_196,HR_196,5,62,,,,,,,,,,11,,37,9,,20,6,,5,2,,0,,,,,,
75,2,HR_6,HR_006,6,7,,,,,,,1,,6,3,,1,2,,0,1,,0,,,,,,,,,
0,2,HR_12,HR_012,7,6,,,,,,,,,,3,,6,2,,0,1,,0,1,,0,,,,,,
48,2,HR_14,HR_014,,0,,,,,,,,,,,,,,,,,,,,,,,,,,,
52,2,HR_15,HR_015,3,1,,,,,,,3,,0,3,,1,1,,0,,,,,,,,,,,,
52,2,HR_15,HR_015,6,5,,,,,,,,,,,,,5,,5,,,,,,,,,,,,
52,2,HR_15,HR_015,7,4,,,,1,,0,,,,17,,0,4,,3,,,,1,,1,,,,,,
78,2,HR_23,HR_023,2,7,,,,,,,,,,2,,4,1,,3,,,,,,,,,,,,
50,2,HR_27,HR_027,,0,,,,,,,,,,,,,,,,,,,,,,,,,,,
62,2,HR_34,HR_034,5,36,,,,,,,,,,13,,29,5,,1,3,,4,1,,2,,,,,,
59,2,HR_35,HR_035,6,4,,,,,,,,,,5,,4,1,,0,,,,,,,,,,,,
67,2,HR_38,HR_038,8,8,,,,,,,,,,8,,3,4,,5,,,,,,,,,,,,
85,2,HR_43,HR_043,1,2,,,,,,,,,,3,,1,2,,1,,,,,,,,,,,,
85,2,HR_43,HR_043,4,7,,,,,,,,,,3,,7,,,,,,,,,,,,,,,
85,2,HR_43,HR_043,5,8,,,,,,,,,,5,,6,3,,2,,,,,,,,,,,,
49,2,HR_50,HR_050,1,14,,,,,,,,,,7,,8,2,,3,2,,3,,,,,,,,,
86,2,HR_51,HR_051,3,0,,,,,,,,,,2,,0,3,,0,,,,,,,,,,,,
77,2,HR_54,HR_054,1,6,,,,,,,,,,5,,5,4,,1,3,,0,,,,,,,,,
92,2,HR_59,HR_059,1,3,,,,,,,,,,2,,1,2,,2,1,,0,,,,,,,,,
92,2,HR_59,HR_059,5,3,,,,,,,,,,2,,0,3,,3,1,,0,,,,,,,,,
92,2,HR_59,HR_059,8,4,,,,,,,,,,,,,4,,2,5,,2,2,,0,,,,,,
76,2,HR_62,HR_062,5,0,,,,,,,,,,3,,0,,,,,,,,,,,,,,,
83,2,HR_64,HR_064,6,21,,,,,,,,,,5,,21,3,,0,2,,0,,,,,,,,,
83,2,HR_64,HR_064,7,5,,,,,,,,,,4,,5,2,,0,,,,,,,,,,,,
83,2,HR_64,HR_064,8,21,,,,,,,,,,5,,21,2,,0,,,,,,,,,,,,
91,2,HR_71,HR_071,2,1,,,,,,,,,,3,,1,2,,0,,,,,,,,,,,,
91,2,HR_71,HR_071,5,4,,,,,,,,,,4,,1,2,,3,,,,,,,,,,,,
91,2,HR_71,HR_071,7,4,,,,,,,,,,4,,2,5,,2,,,,,,,,,,,,
57,2,HR_72,HR_072,7,20,,,,,,,4,,13,6,,4,6,,2,2,,1,1,,0,,,,,,
74,2,HR_73,HR_073,3,0,,,,,,,1,,0,2,,0,,,,,,,,,,,,,,,
88,2,HR_78,HR_078,2,3,,,,,,,,,,2,,3,3,,0,,,,,,,,,,,,
64,2,HR_80,HR_080,1,11,,,,,,,,,,4,,4,5,,5,1,,2,1,,0,,,,,,
64,2,HR_80,HR_080,6,2,,,,,,,,,,3,,2,1,,0,1,,0,,,,,,,,,
51,2,HR_85,HR_085,4,42,,,,,,,3,,1,10,,21,10,,15,7,,5,,,,,,,,,
73,2,HR_86,HR_086,1,2,,,,,,,,,,,,,2,,2,,,,,,,,,,,,
70,2,HR_88,HR_088,8,2,,,,,,,,,,1,,2,,,,,,,,,,,,,,,
66,2,HR_101,HR_101,3,13,,,,,,,,,,5,,11,1,,2,,,,1,,0,,,,,,
66,2,HR_101,HR_101,4,17,,,,,,,,,,6,,15,,,,2,,2,,,,,,,,,
66,2,HR_101,HR_101,6,19,,,,,,,,,,6,,18,2,,1,,,,,,,,,,,,
79,2,HR_104,HR_104,4,7,,,,,,,,,,3,,5,2,,2,2,,0,,,,,,,,,
56,2,HR_107,HR_107,6,14,,,,,,,,,,12,,9,2,,3,4,,2,,,,,,,,,
90,2,HR_109,HR_109,8,9,,,,,,,,,,4,,4,3,,4,2,,1,,,,,,,,,
53,2,HR_112,HR_112,3,67,,,,,,,1,,2,12,,32,10,,23,8,,10,,,,,,,,,
53,2,HR_112,HR_112,5,25,,,,,,,3,,1,12,,19,3,,1,7,,4,,,,,,,,,
53,2,HR_112,HR_112,7,15,,,,,,,,,,13,,10,4,,1,11,,4,,,,,,,,,
55,2,HR_119,HR_119,1,35,,,,,,,3,,4,9,,31,6,,0,,,,,,,,,,,,
55,2,HR_119,HR_119,5,29,,,,,,,3,,13,8,,13,3,,3,,,,,,,,,,,,
55,2,HR_119,HR_119,8,22,,,,,,,2,,16,4,,5,4,,1,,,,,,,,,,,,
65,2,HR_121,HR_121,1,7,,,,,,,2,,0,5,,6,1,,1,,,,,,,,,,,,
60,2,HR_126,HR_126,7,36,,,,,,,1,,2,10,,23,4,,4,6,,7,,,,,,,,,
69,2,HR_129,HR_129,1,4,,,,,,,,,,4,,4,1,,0,,,,,,,,,,,,
87,2,HR_133,HR_133,6,11,,,,,,,,,,2,,6,2,,0,2,,5,,,,,,,,,
84,2,HR_137,HR_137,8,72,,,,,,,,,,10,,25,8,,21,9,,21,6,,5,,,,,,
71,2,HR_142,HR_142,1,44,,,,,,,,,,10,,43,,,,4,,1,,,,,,,,,
71,2,HR_142,HR_142,3,3,,,,,,,2,,0,3,,3,6,,0,1,,0,1,,0,,,,,,
71,2,HR_142,HR_142,4,0,,,,,,,,,,2,,0,1,,0,,,,,,,,,,,,
80,2,HR_145,HR_145,3,0,,,,,,,,,,1,,0,,,,,,,,,,,,,,,
80,2,HR_145,HR_145,5,4,,,,,,,,,,1,,4,,,,,,,,,,,,,,,
80,2,HR_145,HR_145,6,8,,,,,,,,,,3,,8,,,,2,,0,,,,,,,,,
54,2,HR_149,HR_149,1,5,,,,,,,2,,1,10,,1,8,,2,9,,1,,,,,,,,,
54,2,HR_149,HR_149,2,51,,,,,,,,,,20,,46,8,,0,6,,5,,,,,,,,,
54,2,HR_149,HR_149,4,50,,,,,,,5,,32,12,,15,,,,3,,3,,,,,,,,,
72,2,HR_153,HR_153,4,2,,,,,,,,,,2,,2,,,,,,,,,,,,,,,
58,2,HR_161,HR_161,8,63,,,,,,,,,,14,,60,6,,3,1,,0,,,,,,,,,
89,2,HR_164,HR_164,3,2,,,,,,,,,,2,,2,,,,,,,1,,0,,,,,,
82,2,HR_165,HR_165,8,11,,,,,,,,,,7,,11,5,,0,,,,,,,,,,,,
61,2,HR_169,HR_169,5,70,,,,,,,,,,20,,53,18,,14,6,,3,,,,,,,,,
68,2,HR_180,HR_180,2,6,,,,,,,1,,0,,,,8,,6,3,,0,,,,,,,,,
68,2,HR_180,HR_180,6,8,,,,,,,,,,3,,6,2,,2,,,,,,,,,,,,
47,2,HR_195,HR_195,3,11,,,,,,,3,,6,3,,5,1,,0,,,,,,,,,,,,
63,2,HR_201,HR_201,6,21,,,,,,,4,,6,8,,14,,,,1,,1,,,,,,,,,
121,3,HR_1,HR_001,7,14,,,,,,,,,,4,,10,5,,4,,,,,,,,,,,,
101,3,HR_4,HR_004,3,0,,,,,,,,,,,,,,,,,,,,,,,,,,,
94,3,HR_9,HR_009,8,22,,,,,,,3,,16,4,,5,,,,4,,1,,,,,,,,,
99,3,HR_17,HR_017,4,22,,,,,,,,,,6,,10,7,,7,11,,5,,,,,,,,,
99,3,HR_17,HR_017,7,31,,,,,,,,,,8,,30,4,,0,3,,1,,,,,,,,,
99,3,HR_17,HR_017,8,4,,,,,,,,,,5,,3,4,,1,4,,0,,,,,,,,,
110,3,HR_19,HR_019,5,44,,,,,,,3,,7,23,,37,5,,0,,,,,,,,,,,,
103,3,HR_21,HR_021,4,13,,,,,,,1,,3,10,,8,5,,2,1,,0,,,,,,,,,
100,3,HR_28,HR_028,1,18,,,,,,,,,,11,,10,10,,4,7,,2,2,,2,,,,,,
137,3,HR_42,HR_042,7,0,,,,,,,,,,1,,0,2,,0,1,,0,,,,,,,,,
129,3,HR_44,HR_044,1,8,,,,,,,,,,3,,8,2,,0,1,,0,,,,,,,,,
129,3,HR_44,HR_044,4,10,,,,,,,1,,2,9,,7,2,,1,4,,0,,,,,,,,,
129,3,HR_44,HR_044,8,34,,,,,,,,,,9,,11,6,,18,4,,5,,,,,,,,,
133,3,HR_53,HR_053,3,0,,,,,,,,,,2,,0,1,,0,1,,0,,,,,,,,,
124,3,HR_56,HR_056,2,1,,,,,,,,,,4,,1,1,,0,,,,,,,,,,,,
124,3,HR_56,HR_056,6,19,,,,,,,1,,7,,,,8,,10,3,,2,,,,,,,,,
124,3,HR_56,HR_056,7,36,,,,,,,4,,18,,,,7,,17,5,,1,,,,,,,,,
128,3,HR_65,HR_065,6,51,,,,,,,,,,16,,46,8,,4,12,,1,1,,0,,,,,,
115,3,HR_66,HR_066,7,6,,,,,,,2,,2,2,,4,,,,,,,,,,,,,,,
114,3,HR_67,HR_067,5,1,,,,,,,,,,4,,1,1,,0,2,,0,4,,0,,,,,,
123,3,HR_68,HR_068,2,4,,,,,,,,,,4,,4,,,,1,,0,,,,,,,,,
93,3,HR_70,HR_070,,0,,,,,,,,,,,,,,,,,,,,,,,,,,,
132,3,HR_79,HR_079,4,9,,,,,,,,,,5,,9,4,,0,2,,0,,,,,,,,,
96,3,HR_87,HR_087,7,0,,,,,,,,,,,,,,,,,,,,,,,,,,,
102,3,HR_103,HR_103,2,19,,,,,,,1,,4,14,,15,,,,,,,,,,,,,,,
122,3,HR_111,HR_111,3,4,,,,,,,,,,4,,4,1,,0,1,,0,,,,,,,,,
108,3,HR_116,HR_116,5,12,,,,,,,,,,7,,1,11,,3,15,,6,3,,2,,,,,,
97,3,HR_118,HR_118,8,21,,,,,,,3,,6,13,,11,8,,4,,,,1,,0,,,,,,
125,3,HR_124,HR_124,6,21,,,,,,,1,,1,10,,20,,,,,,,,,,,,,,,
130,3,HR_127,HR_127,7,36,,,,,,,1,,4,9,,26,4,,6,1,,0,,,,,,,,,
95,3,HR_131,HR_131,6,13,,,,,,,,,,8,,4,6,,9,2,,0,,,,,,,,,
117,3,HR_135,HR_135,4,5,,,,,,,,,,7,,5,8,,0,3,,0,4,,0,,,,,,
135,3,HR_139,HR_139,2,15,,,,,,,,,,4,,9,2,,2,6,,4,,,,,,,,,
118,3,HR_141,HR_141,5,110,,,,,,,2,,10,15,,82,6,,18,4,,0,1,,0,,,,,,
126,3,HR_147,HR_147,7,10,,,,,,,,,,8,,6,4,,4,2,,0,,,,,,,,,
107,3,HR_150,HR_150,2,7,,,,,,,,,,7,,5,5,,1,1,,1,,,,,,,,,
106,3,HR_152,HR_152,1,7,,,,,,,2,,0,3,,5,3,,2,,,,,,,,,,,,
120,3,HR_155,HR_155,7,34,,,,,,,1,,2,12,,29,5,,3,2,,0,,,,,,,,,
113,3,HR_156,HR_156,5,23,,,,,,,,,,21,,10,9,,4,8,,6,3,,3,,,,,,
116,3,HR_159,HR_159,3,11,,,,,,,2,,1,9,,4,4,,5,3,,1,,,,,,,,,
136,3,HR_166,HR_166,4,6,,,,,,,,,,3,,6,1,,0,,,,,,,,,,,,
112,3,HR_168,HR_168,4,10,,,,,,,,,,6,,6,4,,2,2,,2,,,,,,,,,
104,3,HR_174,HR_174,7,4,,,,,,,,,,2,,3,2,,1,,,,,,,,,,,,
111,3,HR_179,HR_179,7,20,,,,,,,,,,14,,18,7,,2,,,,,,,,,,,,
119,3,HR_181,HR_181,5,8,,,,,,,1,,0,5,,8,2,,0,1,,0,,,,,,,,,
98,3,HR_182,HR_182,3,1,,,,,,,,,,5,,1,3,,0,1,,0,,,,,,,,,
134,3,HR_184,HR_184,2,13,,,,,,,,,,8,,6,,,,10,,7,,,,,,,,,
134,3,HR_184,HR_184,3,12,,,,,,,,,,5,,8,,,,1,,4,,,,,,,,,
134,3,HR_184,HR_184,6,5,,,,,,,,,,5,,3,1,,2,1,,0,,,,,,,,,
109,3,HR_190,HR_190,4,18,,,,,,,,,,11,,15,5,,3,,,,,,,,,,,,
131,3,HR_192,HR_192,,0,,,,,,,,,,,,,,,,,,,,,,,,,,,
105,3,HR_193,HR_193,6,23,,,,,,,,,,11,,8,6,,5,6,,10,,,,,,,,,
127,3,HR_197,HR_197,3,15,,,,,,,,,,6,,10,1,,3,2,,2,,,,,,,,,
143,4,HR_4,HR_004,3,0,,,,,,,,,,2,,0,,,,,,,,,,,,,,,
155,4,HR_5,HR_005,8,9,,,,,,,,,,8,,8,4,,1,,,,,,,,,,,,
144,4,HR_7,HR_007,7,11,,,,,,,,,,6,,11,1,,0,1,,0,,,,,,,,,
172,4,HR_11,HR_011,4,11,,,,,,,,,,4,,8,3,,2,2,,1,,,,,,,,,
158,4,HR_12,HR_012,,0,,,,,,,,,,,,,,,,,,,,,,,,,,,
171,4,HR_17,HR_017,2,2,,,,,,,,,,2,,0,3,,1,2,,1,,,,,,,,,
171,4,HR_17,HR_017,3,4,,,,,,,,,,4,,2,10,,2,1,,0,,,,,,,,,
171,4,HR_17,HR_017,6,0,,,,,,,,,,,,,3,,0,,,,,,,,,,,,
160,4,HR_34,HR_034,7,6,,,,,,,,,,,,,3,,6,,,,,,,,,,,,
156,4,HR_35,HR_035,8,6,,,,,,,,,,6,,6,1,,0,,,,,,,,,,,,
141,4,HR_36,HR_036,8,24,,,,,,,,,,15,,22,6,,2,,,,1,,0,,,,,,
181,4,HR_39,HR_039,6,20,,,,,,,,,,12,,8,13,,10,5,,2,,,,,,,,,
180,4,HR_40,HR_040,2,52,,,,,,,,,,16,,50,7,,2,5,,0,,,,,,,,,
180,4,HR_40,HR_040,5,14,,,,,,,,,,,,,11,,9,6,,5,,,,,,,,,
180,4,HR_40,HR_040,8,0,,,,,,,1,,0,,,,3,,0,,,,,,,,,,,,
164,4,HR_42,HR_042,8,1,,,,,,,,,,2,,0,2,,0,5,,1,2,,0,,,,,,
176,4,HR_49,HR_049,4,8,,,,,,,1,,0,9,,7,3,,0,,,,1,,1,,,,,,
161,4,HR_53,HR_053,7,1,,,,,,,,,,,,,3,,1,2,,0,,,,,,,,,
157,4,HR_58,HR_058,2,0,,,,,,,,,,2,,0,5,,0,,,,,,,,,,,,
179,4,HR_61,HR_061,,0,,,,,,,,,,,,,,,,,,,,,,,,,,,
147,4,HR_64,HR_064,4,1,,,,,,,,,,2,,1,,,,,,,,,,,,,,,
147,4,HR_64,HR_064,7,2,,,,,,,,,,,,,,,,3,,2,,,,,,,,,
165,4,HR_67,HR_067,3,0,,,,,,,,,,4,,0,4,,0,4,,0,1,,0,,,,,,
154,4,HR_70,HR_070,5,0,,,,,,,,,,2,,0,2,,0,2,,0,,,,,,,,,
140,4,HR_71,HR_071,2,6,,,,,,,,,,7,,6,6,,0,1,,0,,,,,,,,,
140,4,HR_71,HR_071,4,10,,,,,,,1,,0,9,,3,8,,6,2,,1,,,,,,,,,
140,4,HR_71,HR_071,5,11,,,,,,,,,,12,,10,3,,0,2,,1,,,,,,,,,
170,4,HR_78,HR_078,5,12,,,,,,,,,,3,,12,3,,0,2,,0,,,,,,,,,
174,4,HR_80,HR_080,1,0,,,,,,,,,,2,,0,6,,0,3,,0,,,,,,,,,
174,4,HR_80,HR_080,2,3,,,,,,,,,,2,,3,1,,0,,,,1,,0,,,,,,
174,4,HR_80,HR_080,5,1,,,,,,,,,,4,,1,,,,1,,0,,,,,,,,,
162,4,HR_83,HR_083,4,1,,,,,,,,,,,,,4,,1,1,,0,,,,,,,,,
148,4,HR_85,HR_085,5,1,,,,,,,,,,1,,1,1,,0,,,,,,,,,,,,
138,4,HR_107,HR_107,7,20,,,,,,,1,,0,,,,12,,17,5,,3,,,,,,,,,
142,4,HR_108,HR_108,2,1,,,,,,,,,,,,,4,,1,1,,0,2,,0,,,,,,
167,4,HR_118,HR_118,1,3,,,,,,,,,,4,,2,,,,,,,1,,1,,,,,,
173,4,HR_126,HR_126,8,16,,,,,,,1,,2,11,,6,7,,2,8,,5,2,,1,,,,,,
139,4,HR_136,HR_136,,0,,,,,,,,,,,,,,,,,,,,,,,,,,,
169,4,HR_139,HR_139,6,4,,,,,,,2,,0,4,,4,3,,0,1,,0,,,,,,,,,
182,4,HR_141,HR_141,4,5,,,,,,,,,,4,,5,5,,0,,,,,,,,,,,,
159,4,HR_145,HR_145,1,0,,,,,,,,,,1,,0,2,,0,,,,1,,0,,,,,,
159,4,HR_145,HR_145,3,6,,,,,,,,,,,,,4,,0,4,,6,,,,,,,,,
159,4,HR_145,HR_145,6,4,,,,,,,1,,0,3,,4,3,,0,,,,,,,,,,,,
150,4,HR_146,HR_146,1,31,,,,,,,,,,5,,30,5,,1,,,,3,,0,,,,,,
150,4,HR_146,HR_146,5,4,,,,,,,,,,8,,3,6,,1,1,,0,,,,,,,,,
150,4,HR_146,HR_146,7,14,,,,,,,,,,6,,14,2,,0,2,,0,,,,,,,,,
152,4,HR_147,HR_147,5,12,,,,,,,,,,5,,12,2,,0,,,,,,,,,,,,
175,4,HR_150,HR_150,5,8,,,,,,,,,,5,,5,11,,3,,,,,,,,,,,,
166,4,HR_156,HR_156,6,7,,,,,,,,,,5,,6,1,,0,4,,1,,,,,,,,,
177,4,HR_158,HR_158,7,3,,,,,,,,,,,,,5,,2,3,,1,,,,,,,,,
149,4,HR_164,HR_164,1,6,,,,,,,,,,3,,6,1,,0,,,,,,,,,,,,
153,4,HR_166,HR_166,6,6,,,,,,,,,,,,,1,,5,,,,1,,1,,,,,,
151,4,HR_168,HR_168,4,4,,,,,,,,,,3,,3,,,,,,,1,,1,,,,,,
145,4,HR_169,HR_169,5,7,,,,,,,,,,,,,5,,4,3,,3,,,,,,,,,
146,4,HR_175,HR_175,6,9,,,,,,,,,,5,,4,5,,5,1,,0,,,,,,,,,
163,4,HR_184,HR_184,2,0,,,,,,,,,,,,,4,,0,2,,0,,,,,,,,,
163,4,HR_184,HR_184,6,0,,,,,,,,,,,,,2,,0,,,,,,,,,,,,
163,4,HR_184,HR_184,8,6,,,,,,,,,,,,,5,,6,1,,0,,,,,,,,,
168,4,HR_192,HR_192,6,0,,,,,,,,,,,,,1,,0,1,,0,,,,,,,,,
183,4,HR_193,HR_193,3,15,,,,,,,1,,1,8,,6,6,,8,1,,0,,,,,,,,,
178,4,HR_196,HR_196,1,15,,,,,,,1,,0,5,,10,2,,5,2,,0,,,,,,,,,
228,5,HR_1,HR_001,5,14,,,,,,,,,,10,,14,2,,0,1,,0,,,,,,,,,
209,5,HR_6,HR_006,1,1,,,,,,,,,,,,,1,,1,,,,,,,,,,,,
227,5,HR_9,HR_009,6,23,,,,,,,,,,9,,17,6,,3,4,,3,,,,,,,,,
222,5,HR_20,HR_020,6,7,,,,,,,,,,2,,4,3,,3,,,,,,,,,,,,
215,5,HR_21,HR_021,1,0,,,,,,,,,,1,,0,2,,0,2,,0,,,,,,,,,
200,5,HR_33,HR_033,6,7,,,,,,,,,,9,,7,2,,0,3,,0,,,,,,,,,
225,5,HR_43,HR_043,7,31,,,,,,,,,,3,,22,3,,9,,,,,,,,,,,,
225,5,HR_43,HR_043,1,23,,,,,,,,,,8,,22,3,,1,,,,,,,,,,,,
225,5,HR_43,HR_043,2,25,,,,,,,,,,5,,21,6,,4,,,,,,,,,,,,
214,5,HR_44,HR_044,3,4,,,,,,,,,,2,,2,4,,1,5,,0,2,,1,,,,,,
214,5,HR_44,HR_044,5,9,,,,,,,,,,5,,6,2,,2,3,,0,1,,1,,,,,,
214,5,HR_44,HR_044,6,0,,,,,,,,,,,,,2,,0,,,,,,,,,,,,
226,5,HR_46,HR_046,,0,,,,,,,,,,,,,,,,,,,,,,,,,,,
185,5,HR_47,HR_047,5,7,,,,,,,2,,7,,,,,,,,,,,,,,,,,,
184,5,HR_50,HR_050,6,62,,,,,,,1,,5,20,,37,16,,6,11,,14,,,,,,,,,
201,5,HR_54,HR_054,5,1,,,,,,,,,,2,,1,,,,,,,,,,,,,,,
229,5,HR_56,HR_056,3,27,,,,,,,,,,10,,20,18,,7,3,,0,,,,,,,,,
229,5,HR_56,HR_056,4,4,,,,,,,,,,5,,3,2,,1,1,,0,,,,,,,,,
229,5,HR_56,HR_056,7,44,,,,,,,,,,10,,30,6,,13,3,,1,,,,,,,,,
198,5,HR_57,HR_057,5,15,,,,,,,,,,6,,13,1,,0,2,,2,,,,,,,,,
224,5,HR_62,HR_062,2,20,,,,,,,1,,1,9,,8,9,,7,6,,4,,,,,,,,,
199,5,HR_65,HR_065,4,29,,,,,,,,,,9,,24,5,,5,,,,,,,,,,,,
219,5,HR_66,HR_066,3,7,,,,,,,,,,2,,7,2,,0,,,,,,,1,,0,,,
218,5,HR_68,HR_068,7,0,,,,,,,,,,,,,1,,0,,,,,,,,,,,,
203,5,HR_72,HR_072,6,16,,,,,,,,,,3,,10,3,,6,1,,0,,,,,,,,,
196,5,HR_73,HR_073,5,24,,,,,,,,,,9,,22,7,,2,,,,,,,,,,,,
207,5,HR_86,HR_086,3,0,,,,,,,,,,,,,1,,0,,,,,,,,,,,,
195,5,HR_87,HR_087,3,4,,,,,,,,,,4,,2,1,,2,,,,,,,,,,,,
186,5,HR_103,HR_103,8,62,,,,,,,,,,10,,38,10,,20,3,,4,,,,,,,,,
191,5,HR_109,HR_109,8,0,,,,,,,1,,0,,,,,,,,,,,,,,,,,,
193,5,HR_110,HR_110,4,29,,,,,,,,,,6,,26,2,,3,,,,,,,,,,,,
202,5,HR_119,HR_119,1,31,,,,,,,,,,6,,28,,,,5,,3,,,,,,,,,
202,5,HR_119,HR_119,2,13,,,,,,,,,,5,,13,,,,,,,,,,,,,,,
202,5,HR_119,HR_119,7,12,,,,,,,,,,7,,10,1,,0,2,,2,,,,,,,,,
197,5,HR_123,HR_123,6,12,,,,,,,,,,5,,11,2,,1,,,,,,,,,,,,
216,5,HR_124,HR_124,6,1,,,,,,,,,,1,,0,2,,1,,,,,,,,,,,,
189,5,HR_127,HR_127,1,42,,,,,,,1,,7,6,,30,7,,5,,,,,,,,,,,,
213,5,HR_131,HR_131,2,0,,,,,,,,,,3,,0,,,,,,,,,,,,,,,
211,5,HR_133,HR_133,,0,,,,,,,,,,,,,,,,,,,,,,,,,,,
208,5,HR_134,HR_134,8,11,,,,,,,,,,7,,11,1,,0,,,,,,,,,,,,
220,5,HR_142,HR_142,2,13,,,,,,,,,,5,,4,,,,,,,7,,9,,,,,,
220,5,HR_142,HR_142,5,35,,,,,,,,,,7,,22,,,,,,,10,,13,,,,,,
220,5,HR_142,HR_142,6,10,,,,,,,,,,5,,10,,,,,,,,,,,,,,,
190,5,HR_152,HR_152,,0,,,,,,,,,,,,,,,,,,,,,,,,,,,
187,5,HR_153,HR_153,,0,,,,,,,,,,,,,,,,,,,,,,,,,,,
221,5,HR_162,HR_162,1,4,,,,,,,,,,3,,2,1,,0,2,,2,,,,,,,,,
221,5,HR_162,HR_162,2,3,,,,,,,,,,2,,1,2,,2,1,,0,1,,0,,,,,,
221,5,HR_162,HR_162,6,8,,,,,,,,,,3,,8,2,,0,,,,2,,0,,,,,,
223,5,HR_165,HR_165,5,39,,,,,,,1,,6,9,,27,3,,5,2,,1,,,,,,,,,
188,5,HR_170,HR_170,4,12,,,,,,,1,,0,7,,12,2,,0,,,,,,,,,,,,
217,5,HR_173,HR_173,,0,,,,,,,,,,,,,,,,,,,,,,,,,,,
194,5,HR_176,HR_176,6,15,,,,,,,1,,0,5,,11,1,,2,2,,2,,,,,,,,,
204,5,HR_177,HR_177,6,17,,,,,,,,,,8,,13,,,,2,,4,,,,,,,,,
212,5,HR_180,HR_180,2,4,,,,,,,,,,,,,2,,4,,,,,,,,,,,,
212,5,HR_180,HR_180,4,0,,,,,,,,,,,,,1,,0,,,,,,,,,,,,
212,5,HR_180,HR_180,8,46,,,,,,,,,,7,,30,2,,6,6,,9,1,,1,,,,,,
192,5,HR_181,HR_181,6,16,,,,,,,,,,10,,14,3,,0,2,,2,,,,,,,,,
206,5,HR_183,HR_183,3,6,,,,,,,,,,2,,6,1,,0,,,,,,,,,,,,
210,5,HR_197,HR_197,1,0,,,,,,,,,,1,,0,,,,,,,,,,,,,,,
205,5,HR_201,HR_201,6,5,,,,,,,2,,4,6,,0,3,,1,2,,0,,,,,,,,,
238,6,HR_10,HR_010,,0,,,,,,,,,,,,,,,,,,,,,,,,,,,
248,6,HR_14,HR_014,5,20,,,,,,,2,,0,8,,14,7,,4,1,,1,3,,1,,,,,,
265,6,HR_15,HR_015,2,28,,,,,,,,,,6,,17,1,,3,6,,8,,,,,,,,,
265,6,HR_15,HR_015,6,16,,,,,,,,,,9,,16,4,,0,2,,0,,,,,,,,,
265,6,HR_15,HR_015,7,18,,,,,,,,,,8,,15,2,,0,4,,3,,,,,,,,,
256,6,HR_16,HR_016,8,8,,,,,,,,,,12,,7,7,,1,4,,0,,,,,,,,,
273,6,HR_18,HR_018,,0,,,,,,,,,,,,,,,,,,,,,,,,,,,
234,6,HR_19,HR_019,4,2,,,,,,,2,,0,4,,1,4,,1,1,,0,3,,0,,,,,,
235,6,HR_23,HR_023,3,10,,,,,,,,,,3,,10,2,,0,,,,,,,,,,,,
269,6,HR_25,HR_025,3,9,,,,,,,1,,2,2,,7,,,,1,,0,1,,0,,,,,,
251,6,HR_26,HR_026,2,6,,,,,,,1,,0,7,,5,1,,0,1,,1,,,,,,,,,
230,6,HR_27,HR_027,5,44,,,,,,,,,,13,,39,2,,2,5,,3,,,,,,,,,
232,6,HR_28,HR_028,1,30,,,,,,,,,,6,,22,3,,6,2,,2,,,,,,,,,
272,6,HR_32,HR_032,3,0,,,,,,,,,,1,,0,,,,,,,,,,,,,,,
244,6,HR_37,HR_037,,0,,,,,,,,,,,,,,,,,,,,,,,,,,,
260,6,HR_38,HR_038,,0,,,,,,,,,,,,,,,,,,,,,,,,,,,
268,6,HR_41,HR_041,6,58,,,,,,,,,,6,,23,7,,34,4,,1,,,,,,,,,
264,6,HR_51,HR_051,6,6,,,,,,,,,,5,,5,2,,1,,,,,,,,,,,,
252,6,HR_59,HR_059,3,4,,,,,,,,,,5,,3,3,,1,1,,0,,,,,,,,,
252,6,HR_59,HR_059,4,7,,,,,,,2,,7,2,,0,3,,0,1,,0,,,,,,,,,
242,6,HR_79,HR_079,1,4,,,,,,,,,,4,,4,1,,0,2,,0,,,,,,,,,
262,6,HR_88,HR_088,2,9,,,,,,,,,,4,,1,3,,4,3,,4,,,,,,,,,
233,6,HR_92,HR_092,3,30,,,,,,,,,,5,,25,2,,5,,,,,,,,,,,,
249,6,HR_95,HR_095,6,5,,,,,,,,,,2,,4,2,,0,2,,1,,,,,,,,,
243,6,HR_101,HR_101,1,113,,,,,,,,,,16,,109,14,,0,9,,4,,,,,,,,,
243,6,HR_101,HR_101,2,87,,,,,,,1,,8,19,,78,7,,0,6,,1,,,,,,,,,
243,6,HR_101,HR_101,4,80,,,,,,,,,,22,,64,13,,11,3,,5,,,,,,,,,
257,6,HR_104,HR_104,2,2,,,,,,,,,,4,,2,,,,,,,,,,,,,,,
263,6,HR_105,HR_105,1,3,,,,,,,,,,,,,12,,3,2,,0,,,,,,,,,
236,6,HR_111,HR_111,4,3,,,,,,,,,,4,,3,,,,2,,0,,,,,,,,,
231,6,HR_112,HR_112,1,1,,,,,,,,,,7,,0,8,,1,5,,0,,,,,,,,,
259,6,HR_113,HR_113,5,13,,,,,,,,,,11,,11,2,,0,3,,2,,,,,,,,,
253,6,HR_114,HR_114,7,16,,,,,,,,,,6,,16,,,,2,,0,,,,,,,,,
247,6,HR_115,HR_115,6,2,,,,,,,,,,,,,1,,2,,,,,,,,,,,,
270,6,HR_116,HR_116,3,2,,,,,,,,,,,,,6,,1,12,,1,,,,1,,0,,,
246,6,HR_121,HR_121,7,4,,,,,,,,,,3,,4,2,,0,,,,,,,,,,,,
237,6,HR_129,HR_129,7,17,,,,,,,,,,7,,16,1,,1,1,,0,,,,,,,,,
255,6,HR_135,HR_135,3,0,,,,,,,,,,2,,0,,,,,,,,,,,,,,,
271,6,HR_137,HR_137,4,15,,,,,,,,,,7,,12,4,,2,2,,1,,,,,,,,,
241,6,HR_148,HR_148,3,3,,,,,,,,,,7,,3,,,,,,,,,,,,,,,
241,6,HR_148,HR_148,4,28,,,,,,,,,,8,,28,,,,,,,,,,,,,,,
241,6,HR_148,HR_148,6,1,,,,,,,,,,9,,0,1,,0,1,,1,,,,,,,,,
274,6,HR_149,HR_149,3,0,,,,,,,,,,,,,,,,,,,,,,,,,,,
274,6,HR_149,HR_149,6,0,,,,,,,,,,,,,,,,,,,,,,,,,,,
274,6,HR_149,HR_149,7,1,,,,,,,2,,1,,,,,,,,,,,,,,,,,,
261,6,HR_155,HR_155,4,9,,,,,,,,,,8,,9,3,,0,,,,,,,,,,,,
239,6,HR_159,HR_159,4,9,,,,,,,,,,6,,9,,,,,,,,,,,,,,,
258,6,HR_161,HR_161,7,6,,,,,,,,,,4,,4,5,,2,,,,,,,,,,,,
267,6,HR_174,HR_174,7,1,,,,,,,,,,,,,3,,1,1,,0,,,,,,,,,
266,6,HR_178,HR_178,2,31,,,,,,,,,,8,,31,1,,0,,,,,,,,,,,,
254,6,HR_179,HR_179,6,3,,,,,,,,,,6,,3,1,,0,,,,,,,,,,,,
245,6,HR_182,HR_182,6,3,,,,,,,1,,0,10,,3,3,,0,,,,,,,,,,,,
250,6,HR_190,HR_190,4,6,,,,,,,,,,6,,5,,,,1,,1,,,,,,,,,
240,6,HR_195,HR_195,5,22,,,,,,,,,,5,,22,,,,,,,,,,,,,,,
315,7,HR_1,HR_001,5,51,,,,,,,,,,9,,48,7,,3,,,,,,,,,,,,
284,7,HR_5,HR_005,3,43,,,,,,,,,,7,,5,3,,0,,,,,,,,,,8,,38
297,7,HR_10,HR_010,1,0,,,,,,,,,,,,,,,,,,,,,,,,,,,
305,7,HR_15,HR_015,1,1,,,,,,,,,,,,,1,,1,2,,0,,,,,,,,,
305,7,HR_15,HR_015,2,38,,,,,,,,,,7,,25,13,,12,1,,1,,,,,,,,,
305,7,HR_15,HR_015,6,11,,,,,,,,,,8,,9,2,,0,1,,2,,,,,,,,,
300,7,HR_17,HR_017,1,11,,,,,,,,,,5,,10,4,,1,1,,0,,,,,,,,,
300,7,HR_17,HR_017,3,4,,,,,,,,,,5,,4,3,,0,,,,,,,,,,,,
300,7,HR_17,HR_017,5,2,,,,,,,,,,8,,2,2,,0,2,,0,,,,,,,,,
276,7,HR_23,HR_023,3,193,1,,0,,,,9,,77,22,,110,1,,5,2,,1,,,,,,,,,
282,7,HR_28,HR_028,6,156,2,,0,,,,15,,99,18,,52,14,,4,10,,1,,,,,,,,,
286,7,HR_32,HR_032,1,17,,,,,,,2,,17,,,,,,,,,,,,,,,,,,
295,7,HR_46,HR_046,4,29,,,,,,,3,,13,7,,12,3,,4,,,,,,,,,,,,
319,7,HR_49,HR_049,1,4,,,,,,,4,,4,2,,0,1,,0,,,,,,,,,,,,
303,7,HR_54,HR_054,4,4,,,,,,,,,,,,,,,,,,,,,,,,,3,,4
296,7,HR_56,HR_056,,0,,,,,,,,,,,,,,,,,,,,,,,,,,,
291,7,HR_57,HR_057,2,7,,,,,,,1,,0,4,,7,2,,0,,,,1,,0,,,,,,
301,7,HR_58,HR_058,,0,,,,,,,,,,,,,,,,,,,,,,,,,,,
283,7,HR_59,HR_059,4,23,,,,,,,2,,2,18,,11,11,,10,,,,,,,,,,,,
283,7,HR_59,HR_059,5,11,,,,,,,6,,10,,,,,,,2,,0,1,,1,,,,,,
283,7,HR_59,HR_059,7,41,,,,,,,5,,11,13,,19,7,,8,2,,2,2,,1,,,,,,
285,7,HR_61,HR_061,3,12,,,,,,,5,,8,8,,2,2,,0,2,,2,,,,,,,,,
314,7,HR_65,HR_065,1,13,,,,,,,1,,0,7,,13,6,,0,,,,,,,,,,,,
292,7,HR_67,HR_067,5,23,,,,,,,2,,0,10,,22,2,,1,,,,,,,,,,,,
277,7,HR_70,HR_070,2,71,1,,0,,,,10,,45,11,,25,1,,1,,,,,,,,,,,,
275,7,HR_78,HR_078,3,38,,,,,,,,,,8,,29,3,,7,2,,2,,,,,,,,,
280,7,HR_104,HR_104,5,1,,,,,,,3,,1,,,,,,,,,,,,,,,,,,
293,7,HR_112,HR_112,2,9,,,,,,,,,,13,,7,9,,0,5,,2,,,,,,,,,
293,7,HR_112,HR_112,3,53,,,,,,,,,,10,,36,12,,16,2,,1,,,,,,,,,
293,7,HR_112,HR_112,4,6,,,,,,,,,,3,,5,4,,1,,,,,,,,,,,,
309,7,HR_114,HR_114,3,22,,,,,,,2,,9,6,,13,2,,0,1,,0,,,,,,,,,
308,7,HR_124,HR_124,8,3,,,,,,,,,,2,,3,1,,0,,,,,,,,,,,,
310,7,HR_127,HR_127,2,11,,,,,,,,,,7,,9,2,,2,1,,0,,,,,,,,,
320,7,HR_131,HR_131,1,28,,,,,,,4,,7,7,,4,7,,8,4,,9,,,,,,,,,
313,7,HR_134,HR_134,,0,,,,,,,,,,,,,,,,,,,,,,,,,,,
294,7,HR_136,HR_136,2,3,,,,,,,,,,8,,2,1,,1,,,,,,,,,,,,
299,7,HR_137,HR_137,5,7,,,,,,,,,,5,,3,3,,3,1,,1,,,,,,,,,
298,7,HR_142,HR_142,5,37,,,,,,,1,,0,8,,29,6,,7,2,,0,1,,1,,,,,,
298,7,HR_142,HR_142,7,32,,,,,,,,,,16,,31,2,,1,3,,0,,,,,,,,,
298,7,HR_142,HR_142,8,20,,,,,,,,,,10,,20,,,,2,,0,,,,,,,,,
312,7,HR_147,HR_147,,0,,,,,,,,,,,,,,,,,,,,,,,,,,,
317,7,HR_148,HR_148,1,13,,,,,,,,,,5,,13,,,,,,,,,,,,,,,
317,7,HR_148,HR_148,7,30,,,,,,,,,,7,,25,3,,5,,,,,,,,,,,,
289,7,HR_152,HR_152,2,4,,,,,,,1,,0,,,,5,,4,,,,,,,,,,,,
290,7,HR_155,HR_155,1,19,,,,,,,3,,6,4,,12,5,,1,2,,0,,,,,,,,,
318,7,HR_156,HR_156,7,23,,,,,,,3,,9,8,,11,4,,3,,,,1,,0,,,,,,
281,7,HR_161,HR_161,4,6,,,,,,,2,,6,,,,,,,,,,,,,,,,,,
306,7,HR_165,HR_165,3,4,,,,,,,3,,3,5,,0,4,,1,,,,,,,,,,,,
278,7,HR_173,HR_173,3,0,,,,,,,1,,0,,,,,,,,,,,,,,,,,,
287,7,HR_175,HR_175,7,65,,,,,,,5,,8,17,,52,2,,5,,,,,,,,,,,,
302,7,HR_179,HR_179,5,6,,,,,,,3,,1,6,,3,2,,1,2,,1,,,,,,,,,
288,7,HR_180,HR_180,4,22,,,,,,,,,,5,,22,,,,,,,,,,,,,,,
288,7,HR_180,HR_180,5,0,,,,,,,,,,1,,0,,,,,,,,,,,,,,,
288,7,HR_180,HR_180,8,13,,,,,,,,,,3,,13,,,,,,,,,,,,,,,
311,7,HR_182,HR_182,7,4,,,,,,,,,,3,,4,3,,0,,,,,,,,,,,,
316,7,HR_183,HR_183,1,5,,,,,,,,,,4,,5,2,,0,,,,,,,,,,,,
307,7,HR_184,HR_184,4,13,,,,,,,,,,7,,13,1,,0,,,,,,,,,,,,
307,7,HR_184,HR_184,6,50,,,,,,,,,,13,,41,7,,6,3,,3,,,,,,,,,
279,7,HR_192,HR_192,1,38,,,,,,,6,,14,8,,21,4,,0,2,,3,2,,0,,,,,,
304,7,HR_201,HR_201,4,4,,,,,,,1,,0,5,,2,2,,2,,,,,,,,,,,,
351,8,HR_6,HR_006,1,2,,,,,,,2,,0,3,,1,1,,1,,,,,,,,,,,,
348,8,HR_7,HR_007,3,0,,,,,,,,,,1,,0,,,,,,,,,,,,,,,
339,8,HR_12,HR_012,1,33,,,,,,,6,,17,5,,5,5,,10,1,,1,,,,,,,,,
363,8,HR_14,HR_014,1,6,,,,,,,,,,3,,6,3,,0,,,,,,,,,,,,
360,8,HR_18,HR_018,6,32,,,,,,,3,,11,10,,16,7,,5,,,,,,,,,,,,
322,8,HR_19,HR_019,3,10,,,,,,,2,,3,15,,7,4,,0,2,,0,5,,0,,,,1,,0
361,8,HR_20,HR_020,,0,,,,,,,,,,,,,,,,,,,,,,,,,,,
347,8,HR_25,HR_025,,0,,,,,,,,,,,,,,,,,,,,,,,,,,,
336,8,HR_26,HR_026,2,4,  ,,,,,,,,,8,,4,1,,0,,,,,,,,,,,,
327,8,HR_33,HR_033,7,2,,,,,,,,,,4,,2,,,,,,,,,,,,,,,
359,8,HR_34,HR_034,6,6,,,,,,,3,,0,3,,5,,,,1,,1,,,,,,,,,
364,8,HR_40,HR_040,2,4,,,,,,,,,,,,,1,,4,,,,,,,,,,,,
364,8,HR_40,HR_040,4,0,,,,,,,,,,1,,0,,,,,,,,,,,,,,,
364,8,HR_40,HR_040,8,20,,,,,,,,,,15,,20,7,,0,2,,0,,,,,,,,,
326,8,HR_41,HR_041,6,50,,,,,,,2,,9,10,,36,3,,5,,,,,,,,,,,,
338,8,HR_42,HR_042,8,2,,,,,,,,,,9,,2,3,,0,,,,,,,,,,,,
331,8,HR_51,HR_051,8,2,,,,,,,2,,0,7,,2,5,,0,,,,,,,,,,,,
350,8,HR_64,HR_064,3,24,,,,,,,3,,6,10,,17,3,,1,,,,,,,,,,,,
350,8,HR_64,HR_064,8,8,,,,,,,2,,8,4,,0,,,,,,,,,,,,,,,
350,8,HR_64,HR_064,1,0,,,,,,,,,,5,,0,,,,1,,0,,,,,,,,,
357,8,HR_68,HR_068,7,6,,,,,,,,,,8,,0,4,,6,2,,0,,,,,,,,,
365,8,HR_71,HR_071,1,4,,,,,,,,,,4,,4,,,,,,,,,,,,,,,
365,8,HR_71,HR_071,3,5,,,,,,,,,,5,,5,,,,,,,,,,,,,,,
365,8,HR_71,HR_071,5,4,,,,,,,,,,14,,1,5,,3,,,,,,,,,,,,
329,8,HR_72,HR_072,5,0,,,,,,,2,,0,4,,0,,,,,,,,,,,,,,,
366,8,HR_79,HR_079,8,5,,,,1,,5,,,,,,,,,,,,,,,,,,,,,
353,8,HR_83,HR_083,5,21,,,,,,,6,,18,6,,3,1,,0,,,,,,,,,,,,
355,8,HR_88,HR_088,5,56,,,,,,,7,,23,15,,24,6,,7,6,,2,,,,,,,,,
325,8,HR_92,HR_092,2,16,,,,,,,1,,8,3,,5,1,,3,,,,,,,,,,,,
346,8,HR_109,HR_109,3,7,,,,,,,,,,3,,5,2,,2,,,,,,,,,,,,
342,8,HR_110,HR_110,1,8,,,,,,,2,,1,4,,6,2,,1,1,,0,,,,,,,,,
344,8,HR_111,HR_111,1,4,,,,,,,,,,8,,4,4,,0,1,,0,,,,,,,,,
352,8,HR_115,HR_115,6,8,,,,,,,1,,0,3,,5,1,,0,4,,3,1,,0,,,,,,
362,8,HR_116,HR_116,7,5,,,,,,,3,,5,,,,,,,,,,,,,,,,,,
333,8,HR_119,HR_119,3,30,,,,,,,3,,20,5,,10,,,,,,,,,,,,,,,
333,8,HR_119,HR_119,5,10,,,,,,,2,,3,5,,3,2,,3,2,,1,,,,,,,,,
333,8,HR_119,HR_119,6,79,,,,,,,2,,13,12,,66,,,,,,,,,,,,,,,
323,8,HR_121,HR_121,,0,,,,,,,,,,,,,,,,,,,,,,,,,,,
341,8,HR_133,HR_133,5,21,,,,,,,2,,4,5,,13,5,,4,,,,,,,,,,,,
321,8,HR_139,HR_139,1,49,,,,,,,3,,11,14,,38,4,,0,1,,0,2,,0,,,,,,
334,8,HR_141,HR_141,,0,,,,,,,,,,,,,,,,,,,,,,,,,,,
343,8,HR_145,HR_145,1,6,,,,,,,,,,4,,5,2,,1,,,,,,,,,,,,
343,8,HR_145,HR_145,3,18,,,,,,,,,,3,,8,4,,5,,,,,,,,,,1,,5
343,8,HR_145,HR_145,4,4,,,,,,,,,,3,,4,,,,,,,,,,,,,,,
324,8,HR_150,HR_150,,0,,,,,,,,,,,,,,,,,,,,,,,,,,,
340,8,HR_153,HR_153,3,15,,,,,,,4,,12,2,,1,5,,2,,,,,,,,,,,,
335,8,HR_158,HR_158,,0,,,,,,,,,,,,,,,,,,,,,,,,,,,
345,8,HR_162,HR_162,2,1,,,,,,,,,,3,,1,2,,0,,,,,,,,,,,,
345,8,HR_162,HR_162,7,4,,,,,,,,,,3,,4,2,,0,2,,0,,,,,,,,,
345,8,HR_162,HR_162,8,28,,,,,,,3,,7,5,,20,4,,1,,,,,,,,,,,,
332,8,HR_164,HR_164,3,49,,,,,,,4,,20,7,,28,3,,1,1,,0,,,,,,,,,
354,8,HR_166,HR_166,3,1,,,,,,,,,,1,,0,4,,1,,,,,,,,,,,,
356,8,HR_168,HR_168,2,10,,,,,,,,,,7,,9,1,,0,1,,1,,,,,,,,,
328,8,HR_169,HR_169,6,11,,,,,,,1,,3,8,,8,1,,0,,,,,,,,,,,,
349,8,HR_176,HR_176,8,18,,,,,,,3,,6,10,,11,3,,1,,,,,,,,,,,,
330,8,HR_177,HR_177,2,25,,,,,,,3,,20,6,,5,,,,,,,,,,,,,,,
337,8,HR_178,HR_178,6,24,,,,,,,,,,7,,16,8,,7,3,,1,4,,0,,,,,,
358,8,HR_181,HR_181,6,29,,,,,,,3,,7,10,,22,2,,0,1,,0,,,,,,,,,
370,9,HR_4,HR_004,4,13,,,,,,,1,,7,2,,3,3,,3,,,,,,,,,,,,
372,9,HR_9,HR_009,7,16,,,,,,,4,,12,3,,4,,,,,,,,,,,,,,,
390,9,HR_11,HR_011,8,72,,,,1,,0,9,,59,10,,7,12,,3,3,,3,,,,,,,,,
368,9,HR_16,HR_016,2,10,,,,,,,3,,6,4,,4,,,,,,,,,,,,,,,
376,9,HR_21,HR_021,8,11,,,,,,,2,,4,5,,7,,,,,,,,,,,,,,,
387,9,HR_27,HR_027,3,7,,,,,,,2,,7,,,,,,,,,,,,,,,,,,
396,9,HR_35,HR_035,3,16,,,,,,,2,,8,3,,4,2,,3,,,,,,,,,,1,,1
410,9,HR_36,HR_036,8,0,,,,,,,,,,,,,,,,,,,,,,,,,,,
406,9,HR_37,HR_037,6,33,,,,,,,3,,17,8,,16,,,,,,,,,,,,,,,
401,9,HR_38,HR_038,7,34,,,,,,,3,,7,15,,18,8,,9,2,,0,,,,,,,,,
405,9,HR_39,HR_039,2,50,,,,,,,5,,16,10,,31,5,,2,1,,1,,,,,,,,,
393,9,HR_43,HR_043,3,38,,,,,,,4,,4,18,,30,6,,4,,,,,,,,,,,,
393,9,HR_43,HR_043,4,20,,,,,,,3,,8,10,,12,1,,0,,,,,,,,,,,,
393,9,HR_43,HR_043,8,31,,,,,,,8,,18,18,,13,,,,,,,,,,,,,,,
395,9,HR_44,HR_044,1,12,,,,,,,4,,6,6,,2,2,,4,1,,0,,,,,,,,,
395,9,HR_44,HR_044,6,9,,,,,,,2,,6,2,,3,,,,,,,,,,,,,,,
395,9,HR_44,HR_044,8,28,,,,1,,0,6,,21,4,,7,2,,0,1,,0,,,,,,,,,
392,9,HR_47,HR_047,7,32,,,,1,,0,5,,11,10,,16,5,,5,,,,,,,,,,,,
391,9,HR_50,HR_050,7,21,,,,,,,8,,13,4,,5,3,,3,,,,,,,,,,,,
384,9,HR_53,HR_053,4,28,,,,,,,7,,7,10,,11,4,,6,3,,4,,,,,,,,,
403,9,HR_62,HR_062,,0,,,,,,,,,,,,,,,,,,,,,,,,,,,
402,9,HR_66,HR_066,5,46,,,,,,,5,,28,5,,16,3,,2,,,,,,,,,,,,
374,9,HR_73,HR_073,4,12,,,,,,,4,,8,4,,2,3,,2,,,,,,,,,,,,
400,9,HR_80,HR_080,3,4,,,,,,,2,,0,4,,2,5,,0,7,,2,,,,,,,,,
400,9,HR_80,HR_080,4,17,,,,,,,5,,9,6,,6,5,,1,2,,1,,,,,,,,,
400,9,HR_80,HR_080,5,7,,,,,,,4,,1,7,,0,15,,6,2,,0,,,,,,,,,
380,9,HR_85,HR_085,8,38,,,,,,,9,,24,10,,13,5,,1,,,,,,,,,,,,
377,9,HR_86,HR_086,3,12,,,,,,,3,,11,2,,1,,,,,,,,,,,,,,,
389,9,HR_87,HR_087,4,39,,,,,,,8,,17,15,,20,8,,0,4,,2,,,,,,,,,
383,9,HR_95,HR_095,3,25,,,,,,,1,,1,6,,20,2,,4,,,,1,,0,,,,,,
386,9,HR_101,HR_101,3,23,,,,,,,9,,23,,,,,,,,,,,,,,,,,,
386,9,HR_101,HR_101,6,6,,,,,,,2,,6,,,,,,,,,,,,,,,,,,
386,9,HR_101,HR_101,8,7,,,,1,,7,,,,,,,,,,,,,,,,,,,,,
373,9,HR_103,HR_103,1,5,,,,,,,2,,3,4,,2,1,,0,,,,,,,,,,,,
378,9,HR_105,HR_105,5,43,,,,,,,5,,35,4,,8,,,,,,,,,,,,,,,
407,9,HR_107,HR_107,1,1,,,,,,,1,,0,1,,1,,,,,,,,,,,,,,,
379,9,HR_108,HR_108,1,10,,,,,,,3,,0,17,,8,5,,2,2,,0,1,,0,,,,,,
371,9,HR_113,HR_113,4,26,,,,,,,5,,2,7,,24,,,,,,,,,,,,,,,
397,9,HR_118,HR_118,1,17,,,,,,,5,,3,8,,12,2,,2,,,,,,,,,,,,
394,9,HR_123,HR_123,8,23,,,,,,,6,,8,13,,12,2,,3,,,,,,,,,,,,
398,9,HR_126,HR_126,,0,,,,,,,,,,,,,,,,,,,,,,,,,,,
404,9,HR_129,HR_129,1,12,,,,,,,2,,11,6,,1,3,,0,,,,,,,,,,,,
388,9,HR_135,HR_135,2,7,,,,,,,,,,5,,0,,,,,,,,,,,,,4,,7
382,9,HR_146,HR_146,5,1,,,,,,,4,,0,7,,1,3,,0,,,,,,,,,,,,
382,9,HR_146,HR_146,6,99,,,,,,,,,,14,,99,1,,0,2,,0,,,,,,,,,
375,9,HR_149,HR_149,1,13,,,,,,,3,,9,4,,4,,,,,,,,,,,,,,,
375,9,HR_149,HR_149,6,26,,,,,,,3,,14,3,,12,1,,0,,,,,,,,,,,,
375,9,HR_149,HR_149,7,1,,,,1,,0,5,,1,2,,0,,,,,,,,,,,,,,,
408,9,HR_159,HR_159,5,7,,,,,,,6,,4,3,,3,,,,,,,,,,,,,,,
399,9,HR_170,HR_170,7,55,,,,,,,10,,46,10,,5,6,,3,1,,1,,,,,,,,,
411,9,HR_174,HR_174,6,25,,,,,,,5,,6,8,,16,1,,3,2,,0,,,,1,,0,,,
369,9,HR_190,HR_190,7,18,,,,,,,2,,4,6,,14,,,,,,,,,,,,,,,
367,9,HR_193,HR_193,1,137,,,,,,,8,,13,22,,108,4,,14,5,,2,1,,0,,,,,,
409,9,HR_195,HR_195,7,18,,,,,,,,,,8,,18,1,,0,,,,,,,,,,,,
385,9,HR_196,HR_196,6,29,,,,,,,4,,7,7,,20,3,,0,3,,2,,,,,,,,,
381,9,HR_197,HR_197,4,5,,,,,,,2,,2,2,,3,,,,,,,,,,,,,,,
425,W1,HR_15,HR_015,1,0,,,,,,,,,,6,,0,1,,0,,,,,,,,,,,,
425,W1,HR_15,HR_015,5,14,,,,,,,,,,5,,9,3,,5,,,,,,,,,,,,
425,W1,HR_15,HR_015,8,14,,,,,,,3,,3,4,,4,5,,3,5,,4,,,,,,,,,
426,W1,HR_17,HR_017,1,0,,,,,,,,,,1,,0,,,,,,,,,,,,,,,
426,W1,HR_17,HR_017,4,2,,,,,,,,,,2,,1,3,,1,5,,0,,,,,,,,,
426,W1,HR_17,HR_017,8,5,,,,,,,3,,1,6,,4,2,,0,,,,,,,,,,,,
429,W1,HR_40,HR_040,3,0,,,,,,,,,,2,,0,1,,0,2,,0,,,,,,,,,
429,W1,HR_40,HR_040,6,10,,,,,,,,,,5,,9,3,,1,4,,0,,,,,,,,,
429,W1,HR_40,HR_040,7,5,,,,,,,,,,5,,5,,,,,,,,,,,,,,,
427,W1,HR_43,HR_043,1,9,,,,,,,2,,9,4,,0,,,,,,,,,,,,,,,
427,W1,HR_43,HR_043,2,11,,,,,,,2,,1,7,,7,4,,3,,,,,,,,,,,,
427,W1,HR_43,HR_043,7,10,,,,,,,5,,9,4,,0,2,,1,1,,0,,,,,,,,,
423,W1,HR_44,HR_044,1,2,,,,,,,2,,2,,,,,,,,,,,,,,,,,,
423,W1,HR_44,HR_044,2,7,,,,,,,1,,4,3,,1,2,,1,2,,1,,,,,,,,,
423,W1,HR_44,HR_044,6,2,,,,,,,,,,2,,2,1,,0,3,,0,,,,,,,,,
430,W1,HR_56,HR_056,1,21,,,,,,,2,,6,10,,15,,,,,,,,,,,,,,,
430,W1,HR_56,HR_056,3,9,,,,,,,1,,0,6,,6,4,,2,1,,1,,,,,,,,,
430,W1,HR_56,HR_056,6,9,,,,,,,,,,12,,6,1,,0,3,,1,3,,2,,,,,,
419,W1,HR_59,HR_059,2,3,,,,,,,3,,0,3,,0,17,,3,1,,0,,,,,,,,,
419,W1,HR_59,HR_059,7,19,,,,,,,3,,11,5,,5,3,,3,,,,,,,,,,,,
419,W1,HR_59,HR_059,6,9,,,,,,,5,,2,10,,4,4,,3,,,,2,,0,,,,,,
416,W1,HR_64,HR_064,2,20,,,,,,,,,,11,,17,4,,3,,,,,,,,,,,,
416,W1,HR_64,HR_064,4,22,,,,,,,,,,9,,16,4,,6,,,,,,,,,,,,
416,W1,HR_64,HR_064,8,22,,,,,,,11,,20,4,,0,4,,2,,,,,,,,,,,,
420,W1,HR_71,HR_071,1,3,,,,,,,5,,3,,,,1,,0,2,,0,1,,0,,,,,,
420,W1,HR_71,HR_071,3,22,,,,,,,5,,15,4,,5,2,,0,5,,2,,,,,,,,,
420,W1,HR_71,HR_071,4,21,,,,,,,6,,6,4,,7,7,,6,2,,2,,,,,,,,,
413,W1,HR_80,HR_080,1,1,,,,,,,,,,1,,0,3,,1,,,,,,,,,,,,
413,W1,HR_80,HR_080,2,29,,,,,,,5,,15,1,,0,10,,13,,,,3,,1,,,,,,
424,W1,HR_101,HR_101,1,19,,,,,,,5,,8,5,,4,5,,7,,,,,,,,,,,,
424,W1,HR_101,HR_101,2,51,,,,,,,,,,14,,37,11,,14,,,,,,,,,,,,
424,W1,HR_101,HR_101,7,71,,,,,,,8,,31,6,,24,7,,16,3,,0,,,,,,,,,
412,W1,HR_112,HR_112,1,21,,,,,,,2,,6,4,,8,8,,5,5,,2,,,,,,,,,
412,W1,HR_112,HR_112,5,5,,,,,,,8,,2,7,,1,2,,0,,,,,,,1,,2,,,
412,W1,HR_112,HR_112,7,160,,,,,,,4,,20,19,,88,24,,30,19,,22,3,,0,,,,,,
417,W1,HR_119,HR_119,2,10,,,,,,,3,,7,6,,0,1,,3,,,,,,,,,,,,
417,W1,HR_119,HR_119,6,26,,,,,,,4,,16,9,,8,3,,2,,,,,,,,,,,,
417,W1,HR_119,HR_119,7,11,,,,,,,6,,8,1,,0,3,,3,,,,,,,,,,,,
428,W1,HR_142,HR_142,1,24,,,,,,,1,,,15,,21,4,,1,10,,2,,,,,,,,,
428,W1,HR_142,HR_142,4,16,,,,,,,5,,6,5,,10,2,,0,3,,0,1,,0,,,,,,
428,W1,HR_142,HR_142,6,6,,,,,,,3,,1,9,,3,9,,2,5,,0,3,,0,,,,,,
414,W1,HR_145,HR_145,3,8,,,,,,,2,,8,1,,0,,,,,,,,,,,,,,,
414,W1,HR_145,HR_145,4,26,,,,,,,2,,9,5,,17,1,,0,,,,,,,,,,,,
418,W1,HR_146,HR_146,2,4,,,,,,,2,,0,8,,0,13,,4,,,,,,,,,,,,
418,W1,HR_146,HR_146,7,5,,,,,,,,,,9,,3,6,,1,2,,1,,,,,,,,,
418,W1,HR_146,HR_146,8,10,,,,1,,0,11,,0,6,,0,5,,10,,,,,,,,,,,,
415,W1,HR_148,HR_148,2,18,,,,,,,,,,10,,2,5,,16,,,,1,,0,,,,,,
431,W1,HR_149,HR_149,2,0,,,,,,,,,,,,,,,,,,,,,,,,,,,
431,W1,HR_149,HR_149,7,4,,,,,,,4,,2,4,,0,4,,2,,,,,,,,,,,,
431,W1,HR_149,HR_149,8,30,,,,,,,6,,17,8,,6,11,,7,1,,0,,,,,,,,,
422,W1,HR_162,HR_162,3,8,,,,,,,1,,0,6,,3,6,,5,,,,,,,,,,,,
422,W1,HR_162,HR_162,7,3,,,,,,,6,,0,7,,0,7,,2,8,,1,1,,0,,,,,,
422,W1,HR_162,HR_162,8,6,,,,,,,6,,4,3,,1,5,,0,1,,1,,,,,,,,,
421,W1,HR_180,HR_180,3,24,,,,,,,8,,11,9,,13,3,,0,1,,0,,,,,,,,,
421,W1,HR_180,HR_180,4,90,,,,,,,12,,61,8,,20,8,,2,6,,7,,,,,,,,,
421,W1,HR_180,HR_180,7,42,,,,,,,9,,39,6,,3,9,,0,1,,0,,,,,,,,,
432,W1,HR_184,HR_184,2,0,,,,,,,,,,3,,0,1,,0,,,,,,,,,,,,
432,W1,HR_184,HR_184,4,10,,,,,,,3,,2,6,,6,,,,2,,2,,,,,,,,,
432,W1,HR_184,HR_184,6,9,,,,,,,4,,2,10,,4,8,,3,2,,0,,,,,,,,,
433,W2,HR_15,HR_015,1,10,,,,,,,3,,7,3,,3,2,,0,,,,,,,,,,,,
447,W2,HR_17,HR_017,1,5,,,,,,,,,,5,,4,2,,1,,,,,,,,,,,,
447,W2,HR_17,HR_017,3,2,,,,,,,1,,2,1,,0,3,,0,,,,,,,,,,,,
447,W2,HR_17,HR_017,8,3,,,,,,,,,,4,,3,,,,1,,0,,,,,,,,,
446,W2,HR_40,HR_040,1,11,,,,,,,,,,5,,9,2,,2,,,,,,,,,,,,
446,W2,HR_40,HR_040,5,7,,,,,,,,,,3,,7,,,,,,,,,,,,,,,
446,W2,HR_40,HR_040,7,23,,,,,,,,,,9,,16,4,,7,2,,0,,,,,,,,,
443,W2,HR_43,HR_043,4,3,,,,,,,,,,7,,3,,,,,,,,,,,,,,,
443,W2,HR_43,HR_043,6,22,,,,,,,2,,4,6,,9,6,,4,10,,5,,,,,,,,,
443,W2,HR_43,HR_043,8,27,,,,,,,1,,0,10,,21,4,,4,2,,2,,,,,,,,,
442,W2,HR_44,HR_044,3,27,,,,,,,2,,6,5,,13,8,,8,,,,,,,,,,,,
442,W2,HR_44,HR_044,4,42,,,,,,,1,,4,9,,33,4,,5,,,,,,,,,,,,
442,W2,HR_44,HR_044,7,79,,,,,,,5,,24,11,,34,9,,20,2,,1,,,,,,,,,
438,W2,HR_56,HR_056,2,51,,,,,,,3,,12,6,,23,4,,4,6,,12,,,,,,,,,
438,W2,HR_56,HR_056,4,4,,,,,,,3,,1,4,,1,8,,1,7,,1,,,,,,,,,
438,W2,HR_56,HR_056,8,68,,,,,,,3,,3,25,,64,14,,1,,,,,,,,,,,,
450,W2,HR_59,HR_059,1,8,,,,,,,1,,2,6,,5,3,,1,,,,,,,,,,,,
450,W2,HR_59,HR_059,5,21,,,,,,,5,,3,13,,14,4,,4,1,,0,,,,,,,,,
450,W2,HR_59,HR_059,6,4,,,,,,,2,,3,6,,1,5,,0,1,,0,,,,,,,,,
448,W2,HR_64,HR_064,3,28,,,,,,,2,,16,3,,12,,,,,,,,,,,,,,,
448,W2,HR_64,HR_064,4,33,,,,,,,2,,16,6,,17,1,,0,,,,,,,,,,,,
448,W2,HR_64,HR_064,7,39,,,,,,,,,,10,,39,3,,0,,,,,,,,,,,,
453,W2,HR_71,HR_071,,0,,,,,,,,,,,,,,,,,,,,,,,,,,,
449,W2,HR_80,HR_080,5,0,,,,,,,,,,,,,1,,0,,,,,,,,,,,,
449,W2,HR_80,HR_080,6,4,,,,,,,1,,1,4,,2,2,,0,2,,1,,,,,,,,,
436,W2,HR_101,HR_101,3,18,,,,,,,,,,16,,15,4,,0,2,,3,,,,,,,,,
436,W2,HR_101,HR_101,5,24,,,,,,,,,,8,,20,5,,4,,,,,,,,,,,,
436,W2,HR_101,HR_101,7,43,,,,,,,,,,9,,38,6,,5,,,,,,,,,,,,
452,W2,HR_112,HR_112,3,1,,,,,,,,,,1,,1,1,,0,,,,,,,,,,,,
445,W2,HR_119,HR_119,3,2,,,,,,,1,,2,,,,,,,,,,,,,,,,,,
445,W2,HR_119,HR_119,4,0,,,,,,,0,,0,,,,,,,,,,,,,,,,,,
445,W2,HR_119,HR_119,5,8,,,,,,,1,,8,,,,,,,,,,,,,,,,,,
444,W2,HR_142,HR_142,5,93,,,,,,,,,,21,,82,15,,3,4,,8,,,,,,,,,
444,W2,HR_142,HR_142,6,199,,,,,,,1,,0,46,,144,37,,43,15,,12,,,,,,,,,
444,W2,HR_142,HR_142,8,62,,,,,,,2,,8,12,,54,5,,0,1,,0,,,,,,,,,
441,W2,HR_145,HR_145,2,17,,,,,,,3,,8,8,,7,9,,2,,,,1,,0,,,,,,
441,W2,HR_145,HR_145,4,47,,,,,,,8,,36,6,,11,5,,0,,,,,,,,,,,,
441,W2,HR_145,HR_145,6,37,,,,,,,1,,7,5,,20,3,,10,,,,,,,,,,,,
440,W2,HR_146,HR_146,1,13,,,,,,,3,,2,7,,8,7,,2,3,,1,,,,,,,,,
440,W2,HR_146,HR_146,7,159,,,,,,,3,,23,11,,113,6,,17,1,,6,,,,,,,,,
440,W2,HR_146,HR_146,8,29,,,,,,,1,,13,9,,9,8,,4,4,,3,,,,,,,,,
451,W2,HR_148,HR_148,NA,0,,,,,,,,,,,,,,,,,,,,,,,,,,,
435,W2,HR_149,HR_149,2,44,,,,,,,3,,31,2,,13,,,,,,,,,,,,,,,
435,W2,HR_149,HR_149,4,56,,,,,,,2,,9,10,,46,1,,0,,,,2,,1,,,,,,
435,W2,HR_149,HR_149,7,24,,,,,,,2,,12,4,,11,4,,1,,,,,,,,,,,,
434,W2,HR_162,HR_162,1,2,,,,,,,,,,,,,1,,2,,,,,,,,,,,,
434,W2,HR_162,HR_162,2,1,,,,,,,,,,,,,3,,1,,,,2,,0,,,,,,
434,W2,HR_162,HR_162,3,21,,,,,,,6,,21,,,,1,,0,,,,,,,,,,,,
437,W2,HR_180,HR_180,2,9,,,,,,,,,,5,,9,,,,,,,,,,,,,,,
437,W2,HR_180,HR_180,4,30,,,,,,,2,,12,5,,17,2,,1,,,,,,,,,,,,
437,W2,HR_180,HR_180,8,5,,,,,,,,,,2,,5,,,,,,,,,,,,,,,
439,W2,HR_184,HR_184,1,5,,,,,,,3,,1,5,,4,,,,,,,,,,,,,,,
439,W2,HR_184,HR_184,5,9,,,,,,,,,,12,,6,2,,3,,,,,,,,,,,,
439,W2,HR_184,HR_184,8,24,,,,,,,4,,12,5,,4,8,,8,,,,,,,,,,,,
