,,,,,,,The average of the weekly mean seed mass,Collection Date: 2023-05-05,,,,,Collection Date: 2023-05-17,,,,,Collection Date: 2023-06-02,,,,,Collection Date: 2023-06-15,,,,,Collection Date: 2023-06-28,,,,,Collection Date: NA,,,,
Sequence,Transect,Seg,Gen,Sym,Recipient,Fit_plant,Mean seed mass_mg,# of CLOSED Fruits collected from FITNESS plant,# of FILLED SEEDS from closed fruits collected from fitness plant,# of seeds WEIGHED,Mass of ALL WEIGHED SEEDS_mg,Mean seed mass_mg 2023-05-05,# of CLOSED Fruits collected from FITNESS plant,# of FILLED SEEDS from closed fruits collected from fitness plant,# of seeds WEIGHED,Mass of ALL WEIGHED SEEDS_mg,Mean seed mass_mg 2023-05-17,# of CLOSED Fruits collected from FITNESS plant,# of FILLED SEEDS from closed fruits collected from fitness plant,# of seeds WEIGHED,Mass of ALL WEIGHED SEEDS_mg,Mean seed mass_mg 2023-06-02,# of CLOSED Fruits collected from FITNESS plant,# of FILLED SEEDS from closed fruits collected from fitness plant,# of seeds WEIGHED,Mass of ALL WEIGHED SEEDS_mg,Mean seed mass_mg 2023-06-15,# of CLOSED Fruits collected from FITNESS plant,# of FILLED SEEDS from closed fruits collected from fitness plant,# of seeds WEIGHED,Mass of ALL WEIGHED SEEDS_mg,Mean seed mass_mg 2023-06-28,# of CLOSED Fruits collected from FITNESS plant,# of FILLED SEEDS from closed fruits collected from fitness plant,# of seeds WEIGHED,Mass of ALL WEIGHED SEEDS_mg,Mean seed mass_mg NA
14,1,14L,G1,-,BO_087,4,,,,,,,2,0,0,,,,,,,,,,,,,,,,,,,,,,
15,1,15R,G1,-,BO_177,2,,,,,,,,,,,,,,,,,,,,,,,,,,,,,,,
17,1,17L,G1,-,BO_189,4,4.8,,,,,,,,,,,,,,,,1,4,4,19.2,4.8,,,,,,,,,,
18,1,18R,G1,-,BO_142,3,,,,,,,2,0,0,,,,,,,,,,,,,,,,,,,,,,
19,1,19R,G1,-,BO_055,4,,,,,,,,,,,,,,,,,2,0,0,,,,,,,,,,,,
20,1,20R,G2,X,BO_124,2,,,,,,,,,,,,,,,,,,,,,,,,,,,,,,,
21,1,21L,G2,X,BO_091,1,,,,,,,,,,,,,,,,,,,,,,,,,,,,,,,
22,1,22R,G1,-,BO_190,5,6.785,,,,,,1,0,0,,,,,,,,1,2,2,13.57,6.785,,,,,,,,,,
24,1,24L,G1,-,BO_099,1,,,,,,,1,0,0,,,,,,,,,,,,,,,,,,,,,,
25,1,25L,G1,-,BO_055,5,1.894,,,,,,3,0,0,,,,,,,,2,5,5,9.47,1.894,,,,,,,,,,
26,1,26R,G1,-,BO_037,2,,,,,,,,,,,,,,,,,,,,,,,,,,,,,,,
27,1,27R,G1,-,BO_139,4,4.74,,,,,,,,,,,,,,,,2,1,1,4.74,4.74,,,,,,,,,,
28,1,28L,G1,-,BO_144,1,,,,,,,,,,,,,,,,,,,,,,,,,,,,,,,
28,1,28R,G2,X,BO_124,5,,,,,,,1,0,0,,,,,,,,,,,,,,,,,,,,,,
30,1,30L,G1,-,BO_089,1,4.004673913,,,,,,7,23,23,50.01,2.174347826,,,,,,1,2,2,11.67,5.835,,,,,,,,,,
33,1,33L,G1,-,BO_151,3,3.187857143,,,,,,4,7,7,11.24,1.605714286,,,,,,1,1,1,4.77,4.77,,,,,,,,,,
35,1,35L,G1,-,BO_060,1,,,,,,,,,,,,,,,,,,,,,,,,,,,,,,,
37,1,37L,G1,-,BO_125,5,,,,,,,,,,,,,,,,,,,,,,,,,,,,,,,
39,1,39R,G1,-,BO_140,5,3.208,,,,,,1,5,5,16.04,3.208,,,,,,,,,,,,,,,,,,,,
41,2,1L,G1,-,BO_175,1,7.855,,,,,,,,,,,,,,,,1,1,1,5.25,5.25,1,1,1,10.46,10.46,,,,,
47,2,7L,G2,X,BO_095,5,2.36,,,,,,,,,,,1,0,0,,,2,1,1,2.36,2.36,,,,,,,,,,
48,2,8L,G2,X,BO_094,2,7.22,,,,,,,,,,,1,0,0,,,1,1,1,7.22,7.22,,,,,,,,,,
48,2,8R,G1,-,BO_067,1,,,,,,,,,,,,,,,,,,,,,,,,,,,,,,,
49,2,9L,G1,-,BO_067,1,2.626666667,,,,,,,,,,,3,12,12,31.52,2.626666667,1,0,0,,,,,,,,,,,,
50,2,10R,G2,X,BO_201,4,,,,,,,,,,,,,,,,,,,,,,,,,,,,,,,
51,2,11R,G1,-,BO_143,2,,,,,,,,,,,,,,,,,,,,,,,,,,,,,,,
52,2,12R,G1,-,BO_081,3,,,,,,,,,,,,,,,,,,,,,,,,,,,,,,,
54,2,14L,G1,-,BO_096,5,6.09,,,,,,,,,,,1,1,1,6.09,6.09,,,,,,,,,,,,,,,
55,2,15L,G1,-,BO_104,2,,,,,,,2,0,0,,,1,0,0,,,,,,,,,,,,,,,,,
55,2,15R,G1,-,BO_081,5,1.565,,,,,,2,2,2,3.13,1.565,,,,,,,,,,,,,,,,,,,,
56,2,16R,G1,-,BO_174,4,1.91,,,,,,,,,,,1,3,3,5.73,1.91,,,,,,,,,,,,,,,
58,2,18R,G1,-,BO_144,4,3.95125,,,,,,1,0,0,,,4,16,16,63.22,3.95125,,,,,,,,,,,,,,,
60,2,20L,G1,-,BO_043,1,,,,,,,2,0,0,,,1,0,0,,,,,,,,,,,,,,,,,
60,2,20R,G2,X,BO_060,5,3.815708333,,,,,,4,,0,0,,4,15,15,57.19,3.812666667,3,8,8,30.55,3.81875,,,,,,,,,,
61,2,21L,G1,-,BO_137,5,7.105,,,,,,,,,,,1,2,2,14.21,7.105,,,,,,,,,,,,,,,
62,2,22L,G2,X,BO_015,1,1.641212121,,,,,,1,3,3,2.53,0.843333333,2,11,11,26.83,2.439090909,,,,,,,,,,,,,,,
64,2,24R,G1,-,BO_063,5,2.42425,,,,,,2,10,10,15.46,1.546,3,16,16,52.84,3.3025,,,,,,,,,,,,,,,
66,2,26L,G1,-,BO_044,1,5.139078947,,,,,,,,,,,3,4,4,15.34,3.835,11,19,19,122.42,6.443157895,,,,,,,,,,
69,2,29L,G1,-,BO_031,1,2.638666667,,,,,,2,5,5,11.91,2.382,2,15,15,43.43,2.895333333,,,0,,,,,,,,,,,,
71,2,31L,G1,-,BO_031,2,,,,,,,,,,,,,,,,,,,,,,,,,,,,,,,
71,2,31R,G2,X,BO_169,1,,,,,,,,,,,,,,,,,,,,,,,,,,,,,,,
73,3,2R,G1,-,BO_015,4,,,,,,,,,,,,,,,,,,,,,,,,,,,,,,,
75,3,4R,G1,-,BO_174,2,,,,,,,,,,,,,,,,,,,,,,,,,,,,,,,
76,3,5L,G1,-,BO_177,5,,,,,,,,,,,,,,,,,,,,,,,,,,,,,,,
76,3,5R,G1,-,BO_086,5,4.46,,,,,,,,,,,1,1,1,4.46,4.46,,,,,,,,,,,,,,,
77,3,6R,G1,-,BO_111,4,3.001666667,,,,,,2,0,0,,,1,3,3,6.99,2.33,2,3,3,11.02,3.673333333,,,,,,,,,,
83,3,12L,G2,X,BO_072,3,,,,,,,,,,,,,,,,,,,,,,,,,,,,,,,
85,3,14L,G1,-,BO_180,4,,,,,,,,,,,,,,,,,,,,,,,,,,,,,,,
85,3,14R,G1,-,BO_045,4,3.11875,,,,,,,,,,,3,8,8,24.95,3.11875,,,,,,,,,,,,,,,
86,3,15L,G2,X,BO_154,3,6.27,,,,,,,,,,,,,,,,1,1,1,6.27,6.27,,,,,,,,,,
87,3,16L,G2,X,BO_201,4,,,,,,,,,,,,,,,,,,,,,,,,,,,,,,,
106,4,9L,G1,-,BO_095,5,,,,,,,,,,,,,,,,,,,,,,,,,,,,,,,
107,4,10L,G1,-,BO_180,5,3.993333333,,,,,,,,,,,2,3,3,11.98,3.993333333,,,,,,,,,,,,,,,
116,4,19L,G1,-,BO_125,3,4.4,,,,,,,,,,,1,1,1,4.4,4.4,,,,,,,,,,,,,,,
124,4,27L,G1,-,BO_199,1,3.674166667,,,,,,,,,,,2,0,0,0,,3,12,12,44.09,3.674166667,,,,,,,,,,
126,5,2L,G1,-,BO_126,5,2.31625,,,,,,,,,,,2,12,12,34.95,2.9125,1,1,1,1.72,1.72,,,,,,,,,,
127,5,3L,G2,X,BO_050,1,4.65,,,,,,2,0,,,,4,3,3,13.95,4.65,,,,,,,,,,,,,,,
128,5,4R,G1,-,BO_159,3,1.273333333,,,,,,1,3,3,3.82,1.273333333,,,,,,,,,,,,,,,,,,,,
129,5,5R,G2,X,BO_052,5,2.731872601,3,5,5,32.13,0.155617803,2,3,3,4.8,1.6,,,,,,3,5,5,32.2,6.44,,,,,,,,,,
130,5,6L,G2,X,BO_069,4,2.7625,,,,,,,,,,,1,4,4,11.05,2.7625,,,,,,,,,,,,,,,
130,5,6R,G2,X,BO_008,5,,,,,,,,,,,,,,,,,,,,,,,,,,,,,,,
131,5,7R,G2,X,BO_025,3,3.663333333,,,,,,,,,,,1,3,3,10.99,3.663333333,,,,,,,,,,,,,,,
132,5,8L,G1,-,BO_004,3,3.3675,,,,,,1,4,4,13.47,3.3675,,,,,,,,,,,,,,,,,,,,
132,5,8R,G1,-,BO_013,1,4.015,,,,,,,,,,,1,2,2,8.03,4.015,,,,,,,,,,,,,,,
133,5,9L,G1,-,BO_124,1,2.8,,,,,,1,0,0,,,1,1,1,2.8,2.8,,,,,,,,,,,,,,,
133,5,9R,G2,X,BO_037,1,,,,,,,1,0,0,,,,,,,,,,,,,,,,,,,,,,
136,5,12L,G1,-,BO_184,5,2.17,,,,,,,,,,,1,2,2,4.34,2.17,,,,,,,,,,,,,,,
137,5,13L,G2,X,BO_094,3,2.2975,,,,,,2,4,4,9.19,2.2975,,,,,,,,,,,,,,,,,,,,
138,5,14L,G1,-,BO_094,3,2.3,,,,,,2,4,4,9.2,2.3,,,,,,,,,,,,,,,,,,,,
140,5,16L,G1,-,BO_169,3,,,,,,,,,,,,,,,,,,,,,,,,,,,,,,,
140,5,16R,G1,-,BO_078,5,3.830416667,,,,,,2,12,12,44.17,3.680833333,1,3,3,11.94,3.98,,,,,,,,,,,,,,,
142,5,18L,G1,-,BO_152,2,3.928611111,,,,,,,,,,,4,9,9,35.21,3.912222222,1,2,2,7.89,3.945,,,,,,,,,,
142,5,18R,G2,X,BO_086,5,,,,,,,,,,,,,,,,,,,,,,,,,,,,,,,
144,5,20L,G1,-,BO_124,2,3.293882759,,,,,,6,29,29,75.08,2.588965517,7,25,25,99.97,3.9988,,,,,,,,,,,,,,,
146,5,22L,G1,-,BO_019,3,8.815,,,,,,,,,,,3,2,2,17.63,8.815,,,,,,,,,,,,,,,
147,5,23L,G1,-,BO_177,5,,,,,,,,,,,,,,,,,,,,,,,,,,,,,,,
149,5,25L,G1,-,BO_031,5,,,,,,,1,0,,,,,,,,,,,,,,,,,,,,,,,
153,5,29L,G1,-,BO_001,5,1.62,,,,,,1,0,0,,,1,3,3,4.86,1.62,,,,,,,,,,,,,,,
156,5,32R,G2,X,BO_108,5,1.305,,,,,,,,,,,1,2,2,2.61,1.305,,,,,,,,,,,,,,,
158,5,34L,G2,X,BO_125,2,3.635,,,,,,,,,,,1,4,4,14.54,3.635,,,,,,,,,,,,,,,
158,5,34R,G2,X,BO_146,3,2.657083333,,,,,,2,4,4,7.39,1.8475,1,3,3,10.4,3.466666667,,,,,,,,,,,,,,,
169,6,1R,G1,-,BO_185,3,5.213137255,,,,,,,,,,,8,17,17,49.01,2.882941176,2,3,3,22.63,7.543333333,,,,,,,,,,
170,6,2L,G1,-,BO_056,5,2.94,,,,,,,,,,,1,2,2,5.88,2.94,,,,,,,,,,,,,,,
170,6,2R,G2,X,BO_067,1,3.9825,,,,,,,,,,,1,2,2,6.32,3.16,4,6,6,28.83,4.805,,,,,,,,,,
171,6,3L,G1,-,BO_022,1,4.205,,,,,,,,,,,,,,,,3,2,2,8.41,4.205,,,,,,,,,,
171,6,3R,G1,-,BO_089,5,4.913333333,,,,,,,,,,,1,3,3,14.74,4.913333333,,,,,,,,,,,,,,,
172,6,4L,G1,-,BO_158,1,4.81,,,,,,,,,,,1,2,2,7.26,3.63,1,3,3,17.97,5.99,,,,,,,,,,
172,6,4R,G1,-,BO_182,5,1.84,,,,,,,,,,,1,0,0,,,1,1,1,1.84,1.84,,,,,,,,,,
173,6,5L,G1,-,BO_131,3,,,,,,,,,,,,,,,,,,,,,,,,,,,,,,,
175,6,7L,G2,X,BO_191,1,,,,,,,,,,,,1,0,0,,,,,,,,,,,,,,,,,
176,6,8L,G2,X,BO_072,1,1.876666667,,,,,,,,,,,,,,,,,,,,,2,3,3,5.63,1.876666667,,,,,
176,6,8R,G1,-,BO_121,2,2.553777778,,,,,,7,55,30,30.75,1.025,5,31,30,81.19,2.706333333,5,18,18,70.74,3.93,,,,,,,,,,
177,6,9L,G1,-,BO_166,1,3.010333333,,,,,,1,5,5,7.57,1.514,1,3,3,13.52,4.506666667,,,,,,,,,,,,,,,
177,6,9R,G1,-,BO_087,4,,,,,,,,,,,,,,,,,,,,,,,,,,,,,,,
179,6,11L,G2,X,BO_015,2,2.096363636,,,,,,,,,,,2,11,11,23.06,2.096363636,,,,,,,,,,,,,,,
179,6,11R,G2,X,BO_001,3,2.41375,,,,,,,,,,,1,8,8,19.31,2.41375,,,,,,,,,,,,,,,
180,6,12L,G1,-,BO_145,2,,,,,,,,,,,,,,,,,,,,,,,,,,,,,,,
180,6,12R,G1,-,BO_158,4,3.79,,,,,,1,1,1,3.79,3.79,,,,,,,,,,,,,,,,,,,,
181,6,13L,G1,-,BO_199,1,6.139444444,,,,,,6,20,20,42.6,2.13,3,6,6,38.57,6.428333333,1,1,1,9.86,9.86,,,,,,,,,,
181,6,13R,G2,X,BO_060,3,,,,,,,1,0,0,,,1,0,0,,,,,,,,,,,,,,,,,
182,6,14R,G2,X,BO_130,4,4.765,,,,,,1,0,0,,,,,,,,1,2,2,9.53,4.765,,,,,,,,,,
184,6,16L,G1,-,BO_027,3,2.315333333,,,,,,4,9,9,12.45,1.383333333,4,15,15,48.71,3.247333333,,,,,,,,,,,,,,,
185,6,17L,G1,-,BO_201,1,5.37375,,,,,,,,,,,3,4,4,24.57,6.1425,2,4,4,18.42,4.605,,,,,,,,,,
186,6,18R,G1,-,BO_048,3,3.262759259,,,,,,4,10,10,21.47,2.147,7,27,27,118.22,4.378518519,,,,,,,,,,,,,,,
187,6,19L,G1,-,BO_069,1,1.753333333,,,,,,3,9,9,15.78,1.753333333,,,,,,,,,,,,,,,,,,,,
187,6,19R,G2,X,BO_048,3,,,,,,,,,,,,,,,,,,,,,,,,,,,,,,,
188,6,20L,G1,-,BO_117,4,,,,,,,,,,,,,,,,,,,,,,,,,,,,,,,
188,6,20R,G1,-,BO_071,4,,,,,,,,,,,,,,,,,,,,,,,,,,,,,,,
189,6,21L,G2,X,BO_034,5,,,,,,,,,,,,,,,,,,,,,,,,,,,,,,,
168,6,22L,G2,X,BO_052,5,2.742857143,,,,,,2,0,0,,,3,7,7,19.2,2.742857143,,,,,,,,,,,,,,,
168,6,22R,G2,X,BO_031,3,1.998,,,,,,3,5,5,9.99,1.998,,,,,,,,,,,,,,,,,,,,
190,6,23R,G1,-,BO_140,3,2.023,,,,,,2,10,10,20.23,2.023,,,,,,,,,,,,,,,,,,,,
192,6,25L,G2,X,BO_018,2,,,,,,,1,0,0,,,1,0,0,,,,,,,,,,,,,,,,,
192,6,25R,G2,X,BO_021,5,3.111857143,,,,,,4,15,15,19.62,1.308,4,7,7,34.41,4.915714286,,,,,,,,,,,,,,,
193,6,26L,G2,X,BO_190,1,,,,,,,,,,,,,,,,,,,,,,,,,,,,,,,
194,6,27L,G1,-,BO_120,4,2.35,,,,,,2,2,2,4.7,2.35,,,,,,,,,,,,,,,,,,,,
194,6,27R,G1,-,BO_029,5,,,,,,,,,,,,,,,,,,,,,,,,,,,,,,,
196,6,29R,G2,X,BO_086,2,1.455,,,,,,,,,,,1,2,2,2.91,1.455,,,,,,,,,,,,,,,
197,6,30L,G1,-,BO_019,5,,,,,,,,,,,,,,,,,,,,,,,,,,,,,,,
198,6,31L,G1,-,BO_161,5,4.4234375,,,,,,2,16,16,28.75,1.796875,1,4,4,28.2,7.05,,,,,,,,,,,,,,,
198,6,31R,G2,X,BO_099,1,,,,,,,,,,,,,,,,,,,,,,,,,,,,,,,
199,7,1L,G2,X,BO_115,5,4.626923077,,,,,,,,,,,4,26,26,95.13,3.658846154,1,4,4,22.38,5.595,,,,,,,,,,
199,7,1R,G2,X,BO_176,4,,,,,,,,,,,,,,,,,,,,,,,,,,,,,,,
200,7,2R,G2,X,BO_089,5,5.35375,,,,,,,,,,,,,,,,5,8,8,42.83,5.35375,,,,,,,,,,
201,7,3L,G1,-,BO_085,5,1.06,,,,,,,,,,,2,0,0,,,1,1,1,1.06,1.06,,,,,,,,,,
203,7,5L,G1,-,BO_050,3,2.94,,,,,,1,2,2,5.88,2.94,,,,,,,,,,,,,,,,,,,,
203,7,5R,G1,-,BO_116,1,3.534117647,,,,,,,,,,,2,17,17,60.08,3.534117647,,,,,,,,,,,,,,,
204,7,6L,G1,-,BO_155,5,4.114761905,,,,,,,,,,,6,21,21,86.41,4.114761905,,,,,,,,,,,,,,,
205,7,7L,G1,-,BO_099,1,,,,,,,1,0,0,,,,,,,,,,,,,,,,,,,,,,
206,7,8L,G2,X,BO_034,1,,,,,,,,,,,,,,,,,,,,,,,,,,,,,,,
206,7,8R,G1,-,BO_043,2,3.683076923,,,,,,,,,,,4,13,13,47.88,3.683076923,,,,,,,,,,,,,,,
207,7,9L,G1,-,BO_048,5,4.712222222,,,,,,,,,,,5,9,9,46.3,5.144444444,1,1,1,4.28,4.28,,,,,,,,,,
208,7,10L,G1,-,BO_012,1,,,,,,,1,0,0,,,,,,,,,,,,,,,,,,,,,,
210,7,12L,G2,X,BO_164,1,,,,,,,,,,,,,,,,,,,,,,,,,,,,,,,
210,7,12R,G1,-,BO_150,4,3.900386844,2,2,2,1.63,1.226993865,,,,,,3,12,12,60.41,5.034166667,2,3,3,16.32,5.44,,,,,,,,,,
211,7,13L,G2,X,BO_126,3,2.371818182,,,,,,,,,,,3,11,11,26.09,2.371818182,,,,,,,,,,,,,,,
213,7,15L,G1,-,BO_050,4,3.665,,,,,,2,2,2,7.33,3.665,,,,,,,,,,,,,,,,,,,,
213,7,15R,G1,-,BO_198,2,3.748666667,,,,,,2,0,0,,,4,15,15,56.23,3.748666667,,,,,,,,,,,,,,,
214,7,16L,G1,-,BO_094,3,,,,,,,,,,,,,,,,,,,,,,,,,,,,,,,
217,7,19R,G1,-,BO_024,5,1.895,,,,,,1,6,6,11.37,1.895,,,,,,,,,,,,,,,,,,,,
218,7,20L,G1,-,BO_053,5,2.83,,,,,,,,,,,2,4,4,11.32,2.83,,,,,,,,,,,,,,,
218,7,20R,G2,X,BO_071,5,,,,,,,3,0,0,,,,,,,,,,,,,,,,,,,,,,
219,7,21L,G2,X,BO_021,4,3.09,,,,,,,,,,,1,3,3,9.27,3.09,,,,,,,,,,,,,,,
222,7,24R,G2,X,BO_164,2,3.24,,,,,,,,,,,,,,,,1,1,1,3.24,3.24,,,,,,,,,,
223,7,25R,G1,-,BO_118,1,,,,,,,1,0,0,,,,,,,,,,,,,,,,,,,,,,
224,7,26R,G1,-,BO_146,5,3.128863636,,,,,,4,11,11,20.16,1.832727273,2,4,4,17.7,4.425,,,,,,,,,,,,,,,
225,8,1R,G1,-,BO_157,4,4.604,,,,,,,,,,,3,5,5,23.02,4.604,,,,,,,,,,,,,,,
226,8,2R,G2,X,BO_080,3,,,,,,,,,,,,1,0,0,,,,,,,,,,,,,,,,,
227,8,3L,G2,X,BO_027,5,7.066666667,,,,,,,,,,,1,0,0,,,2,3,3,21.2,7.066666667,1,0,0,,,,,,,
228,8,4L,G2,X,BO_008,1,0.841666667,,,,,,2,12,12,10.1,0.841666667,1,0,0,,,,,,,,,,,,,,,,,
228,8,4R,G1,-,BO_087,1,2.883452381,,,,,,2,2,2,5.97,2.985,2,7,7,26.9,3.842857143,2,4,4,7.29,1.8225,,,,,,,,,,
229,8,5L,G1,-,BO_027,3,4.525,,,,,,1,4,4,18.1,4.525,,,,,,,,,,,,,,,,,,,,
229,8,5R,G2,X,BO_169,1,,,,,,,,,,,,,,,,,,,,,,,,,,,,,,,
230,8,6L,G1,-,BO_122,1,3.708888889,,,,,,3,9,9,33.38,3.708888889,,,,,,,,,,,,,,,,,,,,
230,8,6R,G1,-,BO_115,2,4.3525,,,,,,,,,,,2,4,4,17.41,4.3525,,,,,,,,,,,,,,,
231,8,7L,G2,X,BO_169,3,,,,,,,,,,,,,,,,,,,,,,,,,,,,,,,
231,8,7R,G1,-,BO_122,2,2.357692308,,,,,,3,13,13,30.65,2.357692308,,,,,,,,,,,,,,,,,,,,
232,8,8L,G2,X,BO_056,2,2.68,,,,,,,,,,,2,1,1,2.68,2.68,,,,,,,,,,,,,,,
233,8,9L,G1,-,BO_082,2,,,,,,,,,,,,,,,,,,,,,,,,,,,,,,,
233,8,9R,G1,-,BO_028,2,3.37,,,,,,2,1,1,3.37,3.37,,,,,,,,,,,,,,,,,,,,
234,8,10L,G1,-,BO_140,1,,,,,,,,,,,,,,,,,,,,,,,,,,,,,,,
235,8,11L,G2,X,BO_090,1,,,,,,,,,,,,,,,,,,,,,,,,,,,,,,,
235,8,11R,G1,-,BO_069,3,,,,,,,,,,,,,,,,,,,,,,,,,,,,,,,
236,8,12R,G2,X,BO_090,2,,,,,,,,,,,,,,,,,,,,,,,,,,,,,,,
237,8,13L,G1,-,BO_164,5,2.261666667,,,,,,,,,,,1,6,6,13.57,2.261666667,,,,,,,,,,,,,,,
238,8,14R,G1,-,BO_044,1,,,,,,,,,,,,,,,,,,,,,,,,,,,,,,,
239,8,15R,G1,-,BO_079,2,5.0675,,,,,,2,0,0,,,3,4,4,20.27,5.0675,,,,,,,,,,,,,,,
240,8,16L,G1,-,BO_090,5,,,,,,,1,0,0,,,,,,,,,,,,,,,,,,,,,,
241,8,17L,G1,-,BO_149,1,3.821666667,,,,,,1,0,0,,,3,6,6,22.93,3.821666667,,,,,,,,,,,,,,,
242,8,18R,G1,-,BO_027,3,3.055619048,,,,,,6,15,15,33.74,2.249333333,4,21,21,81.1,3.861904762,,,,,,,,,,,,,,,
243,8,19L,G1,-,BO_072,4,3.173125,,,,,,1,8,8,12.77,1.59625,1,2,2,9.5,4.75,,,,,,,,,,,,,,,
243,8,19R,G2,X,BO_152,5,4.9825,,,,,,,,,,,2,4,4,19.93,4.9825,,,,,,,,,,,,,,,
244,8,20L,G1,-,BO_008,3,5.305,,,,,,3,2,2,8.85,4.425,2,2,2,12.37,6.185,,,,,,,,,,,,,,,
244,8,20R,G2,X,BO_137,2,,,,,,,,,,,,,,,,,,,,,,,,,,,,,,,
245,8,21L,G1,-,BO_008,2,,,,,,,,,,,,,,,,,,,,,,,,,,,,,,,
245,8,21R,G1,-,BO_091,2,,,,,,,,,,,,,,,,,,,,,,,,,,,,,,,
247,8,23L,G2,X,BO_149,5,3.11,,,,,,2,0,0,,,1,2,2,6.22,3.11,,,,,,,,,,,,,,,
248,8,24L,G2,X,BO_152,2,4.573333333,,,,,,1,0,0,,,2,6,6,27.44,4.573333333,,,,,,,,,,,,,,,
248,8,24R,G1,-,BO_066,4,6.405,,,,,,1,0,0,,,1,2,2,12.81,6.405,1,2,,,,,,,,,,,,,
249,8,25R,G1,-,BO_144,5,3.922698413,,,,,,1,7,7,8.48,1.211428571,1,3,3,11.01,3.67,2,3,3,20.66,6.886666667,,,,,,,,,,
251,9,2L,G1,-,BO_032,3,4.162857143,,,,,,,,,,,2,7,7,29.14,4.162857143,,,,,,,,,,,,,,,
251,9,2R,G1,-,BO_117,4,2.503846154,,,,,,,,,,,4,13,13,32.55,2.503846154,,,,,,,,,,,,,,,
253,9,4L,G1,-,BO_137,5,,,,,,,,,,,,,,,,,,,,,,,,,,,,,,,
253,9,4R,G2,X,BO_121,4,,,,,,,,,,,,,,,,,,,,,,,,,,,,,,,
254,9,5R,G1,-,BO_134,1,,,,,,,,,,,,,,,,,,,,,,,,,,,,,,,
255,9,6L,G1,-,BO_082,5,,,,,,,,,,,,,,,,,,,,,,,,,,,,,,,
255,9,6R,G1,-,BO_176,5,1.243333333,,,,,,,,,,,1,3,3,3.73,1.243333333,,,,,,,,,,,,,,,
256,9,7R,G2,X,BO_115,3,,,,,,,,,,,,,,,,,,,,,,,,,,,,,,,
257,9,8L,G2,X,BO_155,5,,,,,,,,,,,,,,,,,,,,,,,,,,,,,,,
257,9,8R,G2,X,BO_027,5,,,,,,,,,,,,,,,,,,,,,,,,,,,,,,,
258,9,9L,G1,-,BO_118,1,,,,,,,,,,,,,,,,,,,,,,,,,,,,,,,
258,9,9R,G1,-,BO_070,4,3.59,,,,,,1,2,2,7.18,3.59,,,,,,,,,,,,,,,,,,,,
259,9,10L,G1,-,BO_127,4,,,,,,,1,0,0,,,,,,,,,,,,,,,,,,,,,,
259,9,10R,G1,-,BO_159,3,,,,,,,,,,,,,,,,,,,,,,,,,,,,,,,
260,9,11L,G2,X,BO_146,1,7.04,,,,,,,,,,,2,2,2,14.08,7.04,,,,,,,,,,,,,,,
260,9,11R,G1,-,BO_056,4,3.3825,,,,,,,,,,,1,4,4,13.53,3.3825,,,,,,,,,,,,,,,
261,9,12L,G1,-,BO_105,5,5.076666667,,,,,,,,,,,3,3,3,15.23,5.076666667,,,,,,,,,,,,,,,
261,9,12R,G1,-,BO_127,5,,,,,,,,,,,,,,,,,,,,,,,,,,,,,,,
262,9,13L,G2,X,BO_080,5,,,,,,,,,,,,,,,,,,,,,,,,,,,,,,,
262,9,13R,G2,X,BO_123,1,,,,,,,1,0,0,,,,,,,,,,,,,,,,,,,,,,
263,9,14R,G1,-,BO_091,3,,,,,,,,,,,,,,,,,,,,,,,,,,,,,,,
264,9,15L,G1,-,BO_089,1,,,,,,,,,,,,,,,,,,,,,,,,,,,,,,,
264,9,15R,G1,-,BO_125,1,,,,,,,,,,,,,,,,,,,,,,,,,,,,,,,
265,9,16L,G1,-,BO_159,2,,,,,,,,,,,,,,,,,,,,,,,,,,,,,,,
265,9,16R,G1,-,BO_130,3,3.78,,,,,,1,2,2,7.56,3.78,,,,,,,,,,,,,,,,,,,,
266,9,17L,G1,-,BO_066,1,2.445,,,,,,,,,,,,,,,,1,2,2,4.89,2.445,,,,,,,,,,
266,9,17R,G1,-,BO_176,3,,,,,,,,,,,,,,,,,,,,,,,,,,,,,,,
267,9,18L,G2,X,BO_150,3,4.54,,,,,,,,,,,1,5,5,22.7,4.54,,,,,,,,,,,,,,,
267,9,18R,G2,X,BO_125,1,NA,,,,,,,,,,,,,,,,,,,,,,,,,,1,6,6,,NA
268,9,19L,G1,-,BO_014,5,3.587142857,,,,,,,,,,,2,7,7,25.11,3.587142857,,,,,,,,,,,,,,,
269,9,20L,G1,-,BO_095,5,3.67,,,,,,,,,,,5,2,2,4.09,2.045,1,4,4,21.18,5.295,,,,,,,,,,
269,9,20R,G1,-,BO_195,3,,,,,,,,,,,,,,,,,,,,,,,,,,,,,,,
270,9,21L,G2,X,BO_043,3,,,,,,,,,,,,,,,,,,,,,,,,,,,,,,,
270,9,21R,G1,-,BO_085,5,2.795714286,,,,,,,,,,,2,7,7,24.09,3.441428571,1,1,1,2.15,2.15,,,,,,,,,,
271,9,22R,G2,X,BO_025,5,,,,,,,,,,,,,,,,,,,,,,,,,,,,,,,
272,9,23L,G1,-,BO_186,1,4.38,,,,,,,,,,,2,3,3,13.14,4.38,,,,,,,,,,,,,,,
272,9,23R,G1,-,BO_052,2,7.64,,,,,,,,,,,1,2,2,15.28,7.64,,,,,,,,,,,,,,,
273,9,24L,G2,X,BO_061,4,,,,,,,,,,,,,,,,,,,,,,,,,,,,,,,
273,9,24R,G1,-,BO_106,1,,,,,,,,,,,,,,,,,,,,,,,,,,,,,,,
274,9,25L,G1,-,BO_111,4,,,,,,,,,,,,,,,,,,,,,,,,,,,,,,,
274,9,25R,G1,-,BO_009,5,4.936666667,,,,,,,,,,,3,6,6,29.62,4.936666667,,,,,,,,,,,,,,,
276,9,27L,G2,X,BO_166,5,,,,,,,,,,,,,,,,,,,,,,,,,,,,,,,
276,9,27R,G1,-,BO_169,2,5.628333333,1,0,,,,,,,,,2,6,6,33.77,5.628333333,,,,,,,,,,,,,,,
279,9,30R,G2,X,BO_018,1,,,,,,,,,,,,,,,,,,,,,,,,,,,,,,,
281,10,2L,G2,X,BO_184,3,6.0475,,,,,,,,,,,5,6,6,23.37,3.895,1,1,1,8.2,8.2,,,,,,,,,,
281,10,2R,G2,X,BO_142,5,4.023684211,,,,,,,,,,,3,19,19,76.45,4.023684211,,,,,,,,,,,,,,,
282,10,3R,G2,X,BO_199,3,,,,,,,,,,,,,,,,,,,,,,,,,,,,,,,
283,10,4R,G1,-,BO_184,5,6.9075,,,,,,,,,,,1,2,2,12.25,6.125,1,1,1,7.69,7.69,,,,,,,,,,
285,10,6L,G2,X,BO_032,3,,,,,,,,,,,,,,,,,,,,,,,,,,,,,,,
286,10,7L,G2,X,BO_115,4,,,,,,,,,,,,,,,,,,,,,,,,,,,,,,,
286,10,7R,G1,-,BO_149,2,,,,,,,1,0,,,,,,,,,,,,,,,,,,,,,,,
287,10,8L,G1,-,BO_142,1,10.27,,,,,,,,,,,1,1,1,10.27,10.27,,,,,,,,,,,,,,,
287,10,8R,G1,-,BO_013,4,,,,,,,,,,,,,,,,,,,,,,,,,,,,,,,
288,10,9L,G1,-,BO_019,5,,,,,,,,,,,,,,,,,,,,,,,,,,,,,,,
288,10,9R,G2,X,BO_089,5,1.44,,,,,,,,,,,1,5,5,7.2,1.44,,,,,,,,,,,,,,,
289,10,10R,G2,X,BO_143,1,,,,,,,,,,,,,,,,,,,,,,,,,,,,,,,
291,10,12L,G2,X,BO_180,1,,,,,,,,,,,,,,,,,,,,,,,,,,,,,,,
291,10,12R,G1,-,BO_008,5,3.205,,,,,,,,,,,7,59,30,96.15,3.205,,,,,,,,,,,,,,,
292,10,13R,G1,-,BO_060,1,,,,,,,,,,,,,,,,,,,,,,,,,,,,,,,
293,10,14L,G1,-,BO_095,4,1.518571429,,,,,,,,,,,2,7,7,10.63,1.518571429,,,,,,,,,,,,,,,
293,10,14R,G1,-,BO_012,3,,,,,,,,,,,,,,,,,,,,,,,,,,,,,,,
294,10,15R,G2,X,BO_125,5,,,,,,,,,,,,,,,,,,,,,,,,,,,,,,,
295,10,16L,G1,-,BO_146,5,5.785,,,,,,,,,,,3,6,6,34.71,5.785,,,,,,,,,,,,,,,
296,10,17R,G2,X,BO_079,3,4.274529412,,,,,,,,,,,5,17,17,71.52,4.207058824,3,5,5,21.71,4.342,,,,,,,,,,
297,10,18R,G1,-,BO_186,4,4.423333333,,,,,,1,0,0,,,2,3,3,13.27,4.423333333,,,,,,,,,,,,,,,
298,10,19R,G1,-,BO_108,3,,,,,,,,,,,,1,0,0,,,,,,,,,,,,,,,,,
301,10,22L,G2,X,BO_001,3,1.74,,,,,,1,4,4,6.96,1.74,,,,,,,,,,,,,,,,,,,,
302,10,23L,G1,-,BO_037,5,,,,,,,1,0,0,,,,,,,,,,,,,,,,,,,,,,
302,10,23R,G1,-,BO_098,2,3.475,,,,,,1,2,2,6.95,3.475,,,,,,,,,,,,,,,,,,,,
303,10,24R,G2,X,BO_025,4,,,,,,,,,,,,,,,,,,,,,,,,,,,,,,,
304,10,25R,G2,X,BO_177,2,,,,,,,,,,,,,,,,,,,,,,,,,,,,,,,
305,10,26L,G1,-,BO_184,5,,,,,,,,,,,,,,,,,,,,,,,,,,,,,,,
305,10,26R,G1,-,BO_171,1,3.552,,,,,,,,,,,3,5,5,17.76,3.552,,,,,,,,,,,,,,,
307,10,28L,G1,-,BO_176,1,3.055714286,,,,,,1,0,0,,,2,7,7,21.39,3.055714286,,,,,,,,,,,,,,,
308,10,29R,G1,-,BO_180,3,,,,,,,,,,,,,,,,,,,,,,,,,,,,,,,
309,10,30L,G2,X,BO_088,1,2.237083333,,,,,,1,6,6,7.66,1.276666667,2,4,4,12.79,3.1975,,,,,,,,,,,,,,,
309,10,30R,G1,-,BO_018,4,NA,,,,,,,,,,,7,23,23,,NA,,,,,,,,,,,,,,,
