"Any count-specific notes should be left as COMMENTS or detailed thoroughly in the NOTES column at the end. Be sure to double-check the row, collection date, and fruit/seed type as you're entering data",,,,,,,The average of the weekly mean seed mass,Collection Date: 2023-05-04,,,,,Collection Date: 2023-05-16,,,,,Collection Date: 2023-06-01,,,,,Collection Date: 2023-06-14,,,,,Collection Date: 2023- NA,,,,,
Sequence,Transect,Seg,Gen,Sym,Recipient,Fit_plant,Mean seed mass_mg,# of CLOSED Fruits collected from FITNESS plant,# of FILLED SEEDS from closed fruits collected from fitness plant,# of seeds WEIGHED,Mass of ALL WEIGHED SEEDS_mg,Mean seed mass_mg 2023-05-04,# of CLOSED Fruits collected from FITNESS plant,# of FILLED SEEDS from closed fruits collected from fitness plant,# of seeds WEIGHED,Mass of ALL WEIGHED SEEDS_mg,Mean seed mass_mg 2023-05-04,# of CLOSED Fruits collected from FITNESS plant,# of FILLED SEEDS from closed fruits collected from fitness plant,# of seeds WEIGHED,Mass of ALL WEIGHED SEEDS_mg,Mean seed mass_mg 2023-06-01,# of CLOSED Fruits collected from FITNESS plant,# of FILLED SEEDS from closed fruits collected from fitness plant,# of seeds WEIGHED,Mass of ALL WEIGHED SEEDS_mg,Mean seed mass_mg 2023-06-01,# of CLOSED Fruits collected from FITNESS plant,# of FILLED SEEDS from closed fruits collected from fitness plant,# of seeds WEIGHED,Mass of ALL WEIGHED SEEDS_mg,Mean seed mass_mg NA,notes
1,1,1L,G2,X,HR_027,4,3.607,4,10,10,26.69,2.669,1,2,2,9.09,4.545,,,,,,,,,,,,,,,,
1,1,1R,G1,-,HR_010,3,,,,,,,,,,,,,,,,,,,,,,,,,,,
2,1,2L,G1,-,HR_051,5,2.068285714,4,14,14,22.66,1.618571429,5,5,5,12.59,2.518,,,,,,,,,,,,,,,,
2,1,2R,G2,X,HR_044,2,2.386666667,2,3,3,7.16,2.386666667,,,,,,,,,,,,,,,,,,,,,
3,1,3L,G2,X,HR_178,4,2.044421053,3,19,19,25.21,1.326842105,3,5,5,13.81,2.762,,,,,,,,,,,,,,,,"5/4 - 1 seed lost, not included in count"
3,1,3R,G2,X,HR_108,1,3.1725,1,2,2,4.69,2.345,2,1,1,4,4,,,,,,,,,,,,,,,,
4,1,4L,G1,-,HR_036,4,3.603253968,4,9,9,21.35,2.372222222,5,7,7,33.84,4.834285714,,,,,,,,,,,,,,,,
4,1,4R,G2,X,HR_121,3,1.207142857,1,7,7,10.81,1.544285714,1,4,4,3.48,0.87,,,,,,,,,,,,,,,,
5,1,5L,G1,-,HR_162,2,2.084166667,1,3,3,4.75,1.583333333,1,2,2,5.17,2.585,,,,,,,,,,,,,,,,
5,1,5R,G1,-,HR_134,4,2.619166667,2,6,6,13.91,2.318333333,4,3,3,8.76,2.92,,,,,,,,,,,,,,,,
6,1,6L,G2,X,HR_041,1,,,,,,,,,,,,,,,,,,,,,,,,,,,
6,1,6R,G2,X,HR_124,3,3.868,5,15,15,43.84,2.922666667,6,6,6,28.88,4.813333333,,,,,,,,,,,,,,,,
7,1,7L,G1,-,HR_162,5,,,,,,,,,,,,,,,,,,,,,,,,,,,
7,1,7R,G1,-,HR_179,3,2.035,1,2,2,4.07,2.035,,,,,,,,,,,,,,,,,,,,,
8,1,8L,G1,-,HR_196,3,2.395,1,2,2,4.79,2.395,,,,,,,,,,,,,,,,,,,,,
8,1,8R,G1,-,HR_005,1,4.99,2,1,1,4.99,4.99,,,,,,,,,,,,,,,,,,,,,
9,1,9L,G1,-,HR_095,4,,1,0,0,,,2,0,0,,,,,,,,,,,,,,,,,,
9,1,9R,G2,X,HR_196,1,,,,,,,,,,,,,,,,,,,,,,,,,,,
10,1,10L,G1,-,HR_019,5,,,,,,,,,,,,,,,,,,,,,,,,,,,
10,1,10R,G2,X,HR_111,4,3.263333333,2,3,3,9.79,3.263333333,,,,,,,,,,,,,,,,,,,,,
11,1,11L,G1,-,HR_047,2,,,,,,,,,,,,,,,,,,,,,,,,,,,
11,1,11R,G1,-,HR_095,1,,1,0,0,,,,,,,,,,,,,,,,,,,,,,,
12,1,12L,G1,-,HR_111,4,,,,,,,,,,,,,,,,,,,,,,,,,,,
12,1,12R,G1,-,HR_042,2,,1,0,0,,,,,,,,,,,,,,,,,,,,,,,
13,1,13L,G2,X,HR_086,4,1.426,,,,,,2,5,5,7.13,1.426,,,,,,,,,,,,,,,,
13,1,13R,G2,X,HR_111,1,2.345,5,9,9,13.86,1.54,3,3,3,9.45,3.15,,,,,,,,,,,,,,,,
14,1,14L,G2,X,HR_174,1,,1,0,0,,,,,,,,,,,,,,,,,,,,,,,
14,1,14R,G1,-,HR_105,1,,,,,,,,,,,,,,,,,,,,,,,,,,,
15,1,15L,G2,X,HR_044,3,2.770833333,1,2,2,4.29,2.145,2,3,3,10.19,3.396666667,,,,,,,,,,,,,,,,
15,1,15R,G2,X,HR_107,2,,,,,,,,,,,,,,,,,,,,,,,,,,,
16,1,16L,G1,-,HR_104,1,,1,0,0,,,1,0,0,,,,,,,,,,,,,,,,,,
16,1,16R,G2,X,HR_012,4,,1,0,0,,,,,,,,,,,,,,,,,,,,,,,
17,1,17L,G2,X,HR_156,3,2.10875,1,0,0,,,5,8,8,16.87,2.10875,,,,,,,,,,,,,,,,
17,1,17R,G2,X,HR_050,2,,,,,,,,,,,,,,,,,,,,,,,,,,,
18,1,18L,G1,-,HR_071,5,,,,,,,1,0,0,,,,,,,,,,,,,,,,,,
18,1,18R,G1,-,HR_137,4,,,,,,,2,0,0,,,,,,,,,,,,,,,,,,
19,1,19L,G2,X,HR_110,5,,1,0,0,,,,,,,,,,,,,,,,,,,,,,,
19,1,19R,G1,-,HR_087,1,,,,,,,,,,,,,,,,,,,,,,,,,,,
20,1,20L,G1,-,HR_047,1,,,,,,,,,,,,,,,,,,,,,,,,,,,
20,1,20R,G2,X,HR_070,3,,,,,,,,,,,,,,,,,,,,,,,,,,,
21,1,21L,G1,-,HR_177,2,,,,,,,,,,,,,,,,,,,,,,,,,,,
21,1,21R,G2,X,HR_061,3,,,,,,,,,,,,,,,,,,,,,,,,,,,
22,1,22L,G1,-,HR_047,3,,1,0,0,,,,,,,,,,,,,,,,,,,,,,,
22,1,22R,G1,-,HR_058,4,1.126666667,1,3,3,3.38,1.126666667,,,,,,,,,,,,,,,,,,,,,
23,1,23L,G2,X,HR_169,5,3.65,1,0,0,,,1,1,1,3.65,3.65,,,,,,,,,,,,,,,,
23,1,23R,G2,X,HR_032,5,2.581666667,1,6,6,8,1.333333333,2,1,1,3.83,3.83,,,,,,,,,,,,,,,,
24,1,24R,G2,X,HR_121,2,,,,,,,,,,,,,,,,,,,,,,,,,,,
25,1,25L,G2,X,HR_118,5,1.895416667,3,3,3,3.97,1.323333333,5,4,4,9.87,2.4675,,,,,,,,,,,,,,,,
25,1,25R,G2,X,HR_020,5,2.35,,,,,,1,1,1,2.35,2.35,,,,,,,,,,,,,,,,
26,1,26L,G1,-,HR_135,4,,,,,,,,,,,,,,,,,,,,,,,,,,,
26,1,26R,G2,X,HR_062,2,,,,,,,3,0,0,,,,,,,,,,,,,,,,,,
27,1,27L,G1,-,HR_111,5,2.41,,,,,,1,1,1,2.41,2.41,,,,,,,,,,,,,,,,
27,1,27R,G1,-,HR_070,2,2.15,2,0,0,,,2,1,1,2.15,2.15,,,,,,,,,,,,,,,,
28,1,28L,G1,-,HR_183,3,,1,0,0,,,1,0,0,,,,,,,,,,,,,,,,,,
28,1,28R,G2,X,HR_028,4,,,,,,,,,,,,,,,,,,,,,,,,,,,
29,1,29L,G1,-,HR_136,1,1.11,1,0,0,,,2,1,1,1.11,1.11,,,,,,,,,,,,,,,,
29,1,29R,G1,-,HR_131,1,1.182222222,2,9,9,10.64,1.182222222,,,,,,,,,,,,,,,,,,,,,
30,1,30L,G1,-,HR_119,3,,,,,,,,,,,,,,,,,,,,,,,,,,,
30,1,30R,G2,X,HR_072,1,2.74,1,0,0,,,3,4,4,10.96,2.74,,,,,,,,,,,,,,,,
31,1,31L,G2,X,HR_044,4,1.43,,,,,,1,2,2,2.86,1.43,,,,,,,,,,,,,,,,
31,1,31R,G2,X,HR_166,1,1.8875,1,0,0,,,2,4,4,7.55,1.8875,,,,,,,,,,,,,,,,
32,1,32L,G1,-,HR_158,1,,1,0,0,,,,,,,,,,,,,,,,,,,,,,,
32,1,32R,G1,-,HR_111,5,1.06875,2,4,4,3.43,0.8575,1,2,2,2.56,1.28,,,,,,,,,,,,,,,,
33,1,33L,G2,X,HR_179,4,,,,,,,,,,,,,,,,,,,,,,,,,,,
33,1,33R,G1,-,HR_178,1,,,,,,,,,,,,,,,,,,,,,,,,,,,
34,1,34L,G2,X,HR_137,4,1.786488095,3,8,8,10.91,1.36375,2,7,7,14.18,2.025714286,1,3,3,5.91,1.97,,,,,,,,,,,
34,1,34R,G1,-,HR_068,5,1.721428571,2,7,7,12.05,1.721428571,,,,,,,,,,,,,,,,,,,,,
35,1,35L,G2,X,HR_005,5,,,,,,,,,,,,,,,,,,,,,,,,,,,
35,1,35R,G2,X,HR_127,3,1.472857143,2,7,7,10.31,1.472857143,,,,,,,,,,,,,,,,,,,,,
36,1,36L,G2,X,HR_038,5,1.2775,2,8,8,10.22,1.2775,,,,,,,,,,,,,,,,,,,,,
36,1,36R,G2,X,HR_005,3,1.3475,1,4,4,5.39,1.3475,,,,,,,,,,,,,,,,,,,,,
37,1,37L,G2,X,HR_109,4,,,,,,,,,,,,,,,,,,,,,,,,,,,
37,1,37R,G1,-,HR_147,2,0.821428571,1,7,7,5.75,0.821428571,,,,,,,,,,,,,,,,,,,,,
38,1,38L,G1,-,HR_197,3,3.71,1,1,1,3.71,3.71,,,,,,,,,,,,,,,,,,,,,
38,1,38R,G2,X,HR_168,1,3.11,4,7,7,19.6,2.8,1,1,1,3.42,3.42,,,,,,,,,,,,,,,,
39,1,39L,G1,-,HR_156,2,2.073055556,3,9,9,18.91,2.101111111,7,6,6,12.27,2.045,,,,,,,,,,,,,,,,
39,1,39R,G1,-,HR_158,5,1.36,1,2,2,2.72,1.36,,,,,,,,,,,,,,,,,,,,,
40,1,40L,G1,-,HR_065,3,1.203333333,3,9,9,10.83,1.203333333,,,,,,,,,,,,,,,,,,,,,
40,1,40R,G1,-,HR_115,3,,1,0,0,,,,,,,,,,,,,,,,,,,,,,,
41,1,41R,G1,-,HR_033,2,2.335,1,2,2,4.67,2.335,,,,,,,,,,,,,,,,,,,,,
42,1,42L,G2,X,HR_184,4,2.26375,8,8,8,18.11,2.26375,,,,,,,,,,,,,,,,,,,,,
42,1,42R,G1,-,HR_135,4,2.864583333,3,9,9,22.2,2.466666667,4,4,4,13.05,3.2625,,,,,,,,,,,,,,,,
43,1,43L,G1,-,HR_178,4,2.73,1,1,1,2.73,2.73,,,,,,,,,,,,,,,,,,,,,
43,1,43R,G1,-,HR_116,4,0.966666667,1,3,3,2.9,0.966666667,,,,,,,,,,,,,,,,,,,,,
44,1,44L,G2,X,HR_101,3,1.219285714,2,14,14,17.07,1.219285714,,,,,,,,,,,,,,,,,,,,,
44,1,44R,G1,-,HR_018,5,1.778181818,2,11,11,21.63,1.966363636,1,4,4,6.36,1.59,,,,,,,,,,,,,,,,
45,1,45L,G2,X,HR_037,2,2.265,,,,,,1,2,2,4.53,2.265,,,,,,,,,,,,,,,,
45,1,45R,G1,-,HR_071,4,1.75719697,2,6,6,9.55,1.591666667,3,11,11,21.15,1.922727273,,,,,,,,,,,,,,,,
46,2,1L,G1,-,HR_059,3,6.949181818,4,5,5,30.86,6.172,7,11,11,84.99,7.726363636,,,,,,,,,,,,,,,,
46,2,1R,G2,X,HR_139,5,2.738,7,15,15,40.49,2.699333333,7,18,18,49.98,2.776666667,,,,,,,,,,,,,,,,
47,2,2L,G1,-,HR_114,5,2.215,2,4,4,8.86,2.215,,,,,,,,,,,,,,,,,,,,,
47,2,2R,G2,X,HR_053,3,,1,0,0,,,,,,,,,,,,,,,,,,,,,,,
48,2,3L,G2,X,HR_146,1,1.525,4,5,5,7.24,1.448,8,10,10,16.02,1.602,,,,,,,,,,,,,,,,
48,2,3R,G1,-,HR_182,1,2.3395,5,10,10,24.94,2.494,7,6,6,13.11,2.185,,,,,,,,,,,,,,,,
49,2,4L,G1,-,HR_156,2,3.5025,3,2,2,6.27,3.135,2,2,2,7.74,3.87,,,,,,,,,,,,,,,,
49,2,4R,G2,X,HR_026,3,1.974166667,3,14,14,21.7,1.55,3,6,6,14.39,2.398333333,3,0,0,,,,,,,,,,,,,
50,2,5L,G2,X,HR_152,2,2.844166667,4,6,6,18.56,3.093333333,4,8,8,20.76,2.595,,,,,,,,,,,,,,,,
50,2,5R,G1,-,HR_009,3,3.3575,3,6,6,13.71,2.285,1,1,1,4.43,4.43,,,,,,,,,,,,,,,,
51,2,6L,G2,X,HR_058,5,3.2725,3,8,8,19,2.375,1,1,1,4.17,4.17,,,,,,,,,,,,,,,,
51,2,6R,G2,X,HR_036,4,3.596,4,5,5,17.98,3.596,3,0,0,,,,,,,,,,,,,,,,,,
52,2,7L,G1,-,HR_145,1,1.36,2,2,2,2.72,1.36,1,0,0,,,,,,,,,,,,,,,,,,
52,2,7R,G2,X,HR_126,4,1.91,1,1,1,2.54,2.54,2,1,1,1.28,1.28,,,,,,,,,,,,,,,,
53,2,8L,G2,X,HR_049,2,2.2,3,6,6,13.2,2.2,,,,,,,,,,,,,,,,,,,,,
53,2,8R,G1,-,HR_155,3,2.41,3,2,2,3.72,1.86,3,4,4,11.84,2.96,,,,,,,,,,,,,,,,
54,2,9L,G1,-,HR_169,4,4.428333333,3,3,3,8.36,2.786666667,2,1,1,6.07,6.07,,,,,,,,,,,,,,,,
54,2,9R,G2,X,HR_179,3,2.346666667,3,3,3,7.04,2.346666667,,,,,,,,,,,,,,,,,,,,,
55,2,10L,G1,-,HR_007,3,1.846875,1,0,0,,,4,16,16,29.55,1.846875,,,,,,,,,,,,,,,,
55,2,10R,G1,-,HR_153,2,1.989,4,10,10,15.03,1.503,1,4,4,9.9,2.475,,,,,,,,,,,,,,,,
56,2,11L,G2,X,HR_007,5,1.136666667,2,3,3,3.41,1.136666667,,,,,,,,,,,,,,,,,,,,,
56,2,11R,G1,-,HR_036,5,2.955,4,2,2,5.91,2.955,,,,,,,,,,,,,,,,,,,,,
57,2,12L,G1,-,HR_001,3,1.3,1,1,1,1.3,1.3,,,,,,,,,,,,,,,,,,,,,
57,2,12R,G1,-,HR_168,1,2.14,1,3,3,6.42,2.14,,,,,,,,,,,,,,,,,,,,,
58,2,13L,G2,X,HR_034,1,,1,0,0,,,,,,,,,,,,,,,,,,,,,,,
58,2,13R,G2,X,HR_088,3,2.05,2,2,2,4.1,2.05,,,,,,,,,,,,,,,,,,,,,
59,2,14L,G1,-,HR_108,5,3.8425,4,1,1,4.96,4.96,1,2,2,5.45,2.725,,,,,,,,,,,,,,,,
59,2,14R,G1,-,HR_035,4,2.688,,,,,,3,5,5,13.44,2.688,1,0,0,,,,,,,,,,,,,
60,2,15L,G1,-,HR_105,2,1.389333333,3,15,15,20.84,1.389333333,,,,,,2,0,0,,,,,,,,,,,,,
60,2,15R,G2,X,HR_104,2,,,,,,,,,,,,1,0,,,,,,,,,,,,,,
61,2,16L,G1,-,HR_026,1,2.14,1,2,2,4.28,2.14,,,,,,,,,,,,,,,,,,,,,
61,2,16R,G2,X,HR_019,3,,,,,,,,,,,,,,,,,,,,,,,,,,,
62,2,17L,G2,X,HR_028,2,,,,,,,,,,,,,,,,,,,,,,,,,,,
62,2,17R,G2,X,HR_168,4,0.8325,1,4,4,3.33,0.8325,,,,,,,,,,,,,,,,,,,,,
63,2,18L,G1,-,HR_103,5,,,,,,,,,,,,,,,,,,,,,,,,,,,
63,2,18R,G2,X,HR_068,4,1.85,1,1,1,1.85,1.85,1,1,0,,,,,,,,,,,,,,,,,,(lost only viable seed 5/16)
64,2,19L,G1,-,HR_021,3,,2,0,0,,,,,,,,,,,,,,,,,,,,,,,
64,2,19R,G1,-,HR_195,4,,,,,,,,,,,,,,,,,,,,,,,,,,,
65,2,20L,G1,-,HR_175,4,,,,,,,,,,,,,,,,,,,,,,,,,,,
65,2,20R,G2,X,HR_067,3,1.2,2,7,7,8.4,1.2,,,,,,,,,,,,,,,,,,,,,
66,2,21L,G2,X,HR_145,2,,,,,,,,,,,,,,,,,,,,,,,,,,,
66,2,21R,G2,X,HR_040,3,0.93,1,2,2,1.86,0.93,,,,,,,,,,,,,,,,,,,,,
67,2,22L,G2,X,HR_068,4,,,,,,,,,,,,,,,,,,,,,,,,,,,
67,2,22R,G1,-,HR_153,5,1.65,3,12,12,17.28,1.44,2,4,4,7.44,1.86,,,,,,,,,,,,,,,,
68,2,23L,G1,-,HR_044,5,1.656666667,3,6,6,9.94,1.656666667,,,,,,,,,,,,,,,,,,,,,
68,2,23R,G2,X,HR_149,1,,1,0,0,,,,,,,,,,,,,,,,,,,,,,,
69,2,24L,G1,-,HR_010,3,3.252,,,,,,3,10,10,32.52,3.252,,,,,,,,,,,,,,,,
69,2,24R,G2,X,HR_015,1,,,,,,,,,,,,,,,,,,,,,,,,,,,
70,2,25L,G2,X,HR_065,4,1.805,2,2,2,2.78,1.39,4,2,2,4.44,2.22,,,,,,,,,,,,,,,,
70,2,25R,G1,-,HR_174,5,4.886666667,1,1,1,2.4,2.4,9,3,3,9.98,3.326666667,3,3,3,26.8,8.933333333,,,,,,,,,,,
71,2,26L,G1,-,HR_065,2,2.435,1,0,0,,,2,2,2,4.87,2.435,,,,,,,,,,,,,,,,
71,2,26R,G1,-,HR_175,1,1.8,2,2,,,,2,2,2,3.6,1.8,,,,,,,,,,,,,,,,
72,2,27L,G2,X,HR_036,4,,,,,,,,,,,,,,,,,,,,,,,,,,,
72,2,27R,G1,-,HR_037,3,,2,0,,,,2,0,,,,,,,,,,,,,,,,,,,
73,2,28L,G1,-,HR_169,1,,,,,,,1,0,,,,,,,,,,,,,,,,,,,
73,2,28R,G2,X,HR_182,1,,,,,,,1,0,,,,,,,,,,,,,,,,,,,
74,2,29L,G2,X,HR_054,5,3.1,1,0,,,,3,1,1,3.1,3.1,,,,,,,,,,,,,,,,
74,2,29R,G1,-,HR_195,5,,,,,,,,,,,,,,,,,,,,,,,,,,,
75,2,30L,G1,-,HR_017,4,,,,,,,,,,,,,,,,,,,,,,,,,,,
75,2,30R,G2,X,HR_073,4,2.605,2,1,1,1.61,1.61,1,1,1,3.6,3.6,,,,,,,,,,,,,,,,
76,2,31L,G1,-,HR_107,5,1.83,1,1,1,1.83,1.83,1,0,,,,,,,,,,,,,,,,,,,
76,2,31R,G1,-,HR_145,2,,3,0,,,,,,,,,,,,,,,,,,,,,,,,
77,2,32L,G2,X,HR_182,1,1.05,1,0,,,,,,,,,1,1,1,1.05,1.05,,,,,,,,,,,
77,2,32R,G1,-,HR_146,1,2.86,1,0,,,,1,3,3,8.58,2.86,,,,,,,,,,,,,,,,
78,2,33L,G2,X,HR_033,2,,1,0,,,,,,,,,,,,,,,,,,,,,,,,
78,2,33R,G1,-,HR_073,2,2.667559524,5,7,7,14.85,2.121428571,6,8,8,25.21,3.15125,1,1,1,2.73,2.73,,,,,,,,,,,
79,2,34L,G1,-,HR_071,1,1.78,1,0,,,,2,2,2,3.56,1.78,,,,,,,,,,,,,,,,
79,2,34R,G1,-,HR_043,3,2.005,3,2,2,4.01,2.005,,,,,,,,,,,,,,,,,,,,,
80,2,35L,G2,X,HR_165,2,,,,,,,,,,,,,,,,,,,,,,,,,,,
80,2,35R,G2,X,HR_062,2,2.938333333,3,3,3,10.22,3.406666667,2,3,3,7.41,2.47,,,,,,,,,,,,,,,,
81,2,36L,G2,X,HR_176,5,5.543333333,2,6,6,33.26,5.543333333,,,,,,,,,,,,,,,,,,,,,
81,2,36R,G1,-,HR_092,1,,1,0,,,,,,,,,,,,,,,,,,,,,,,,
82,2,37L,G1,-,HR_193,2,,,,,,,,,,,,,,,,,,,,,,,,,,,
82,2,37R,G2,X,HR_195,4,,,,,,,,,,,,,,,,,,,,,,,,,,,
83,2,38L,G1,-,HR_166,2,10.19,2,3,3,30.57,10.19,,,,,,,,,,,,,,,,,,,,,
83,2,38R,G2,X,HR_173,1,24.25,1,1,1,24.25,24.25,,,,,,,,,,,,,,,,,,,,,
84,2,39L,G1,-,HR_152,4,2.592105263,5,19,19,49.25,2.592105263,,,,,,,,,,,,,,,,,,,,,
84,2,39R,G2,X,HR_142,5,,,,,,,,,,,,,,,,,,,,,,,,,,,
85,2,40L,G1,-,HR_115,4,2.87,2,5,5,14.35,2.87,,,,,,,,,,,,,,,,,,,,,
85,2,40R,G2,X,HR_058,2,1.782666667,4,15,15,26.74,1.782666667,,,,,,,,,,,,,,,,,,,,,
86,2,41L,G2,X,HR_023,4,1.4225,2,4,4,5.69,1.4225,,,,,,,,,,,,,,,,,,,,,
86,2,41R,G2,X,HR_192,5,1.697,8,46,30,50.91,1.697,,,,,,,,,,,,,,,,,,,,,
87,2,42L,G2,X,HR_067,4,1.24,1,2,2,2.48,1.24,,,,,,,,,,,,,,,,,,,,,
87,2,42R,G1,-,HR_133,4,1.976,7,22,22,39.71,1.805,6,11,10,21.47,2.147,,,,,,,,,,,,,,,,
88,2,43L,G1,-,HR_067,5,,,,,,,,,,,,,,,,,,,,,,,,,,,
88,2,43R,G1,-,HR_038,4,1.706666667,8,47,30,35.24,1.174666667,14,43,30,67.16,2.238666667,,,,,,,,,,,,,,,,
89,2,44L,G1,-,HR_101,1,,1,0,0,,,,,,,,,,,,,,,,,,,,,,,
89,2,44R,G1,-,HR_079,2,1.83,3,5,5,9.15,1.83,,,,,,,,,,,,,,,,,,,,,
90,2,45L,G2,X,HR_175,1,1.988333333,3,12,12,18.86,1.571666667,2,2,2,4.81,2.405,,,,,,,,,,,,,,,,
90,2,45R,G1,-,HR_121,3,1.79,3,5,5,8.95,1.79,,,,,,,,,,,,,,,,,,,,,
91,3,1L,G1,-,HR_088,1,2.52,1,2,2,5.04,2.52,,,,,,,,,,,,,,,,,,,,,
91,3,1R,G2,X,HR_012,1,3.911111111,3,9,9,35.2,3.911111111,1,0,0,,,,,,,,,,,,,,,,,,
92,3,2L,G1,-,HR_193,1,3.6525,1,4,4,15.06,3.765,2,1,1,3.54,3.54,,,,,,,,,,,,,,,,
92,3,2R,G1,-,HR_011,1,2.955166667,1,6,6,16.85,2.808333333,3,5,5,15.51,3.102,,,,,,,,,,,,,,,,
93,3,3L,G1,-,HR_112,2,3.266666667,2,3,3,9.8,3.266666667,,,,,,,,,,,,,,,,,,,,,
93,3,3R,G1,-,HR_056,1,3.313333333,,,,,,3,3,3,9.94,3.313333333,,,,,,,,,,,,,,,,
94,3,4L,G2,X,HR_018,2,1.98625,3,18,18,34.92,1.94,1,4,4,8.13,2.0325,,,,,,,,,,,,,,,,
94,3,4R,G2,X,HR_020,3,1.98,1,1,1,1.98,1.98,,,,,,,,,,,,,,,,,,,,,
95,3,5L,G2,X,HR_149,4,2.52,,,,,,1,1,1,2.52,2.52,,,,,,,,,,,,,,,,
95,3,5R,G1,-,HR_150,3,2.573333333,,,,,,2,3,3,7.72,2.573333333,,,,,,,,,,,,,,,,
96,3,6L,G2,X,HR_134,2,1.575,,,,,,3,2,2,3.15,1.575,,,,,,,,,,,,,,,,
96,3,6R,G2,X,HR_165,5,2.124,4,10,10,21.24,2.124,,,,,,,,,,,,,,,,,,,,,
97,3,7L,G2,X,HR_026,1,,,,,,,,,,,,,,,,,,,,,,,,,,,
98,3,8L,G1,-,HR_067,5,2.942,1,5,5,14.71,2.942,,,,,,,,,,,,,,,,,,,,,
98,3,8R,G1,-,HR_067,5,2.7625,1,4,4,11.05,2.7625,,,,,,,,,,,,,,,,,,,,,
99,3,9L,G2,X,HR_193,4,1.86,1,4,4,7.44,1.86,,,,,,,,,,,,,,,,,,,,,
99,3,9R,G1,-,HR_123,4,,,,,,,,,,,,,,,,,,,,,,,,,,,
100,3,10L,G2,X,HR_006,5,1.91125,1,3,3,4.08,1.36,1,4,4,9.85,2.4625,,,,,,,,,,,,,,,,
100,3,10R,G2,X,HR_066,3,1.92875,2,8,8,15.43,1.92875,,,,,,,,,,,,,,,,,,,,,
101,3,11L,G2,X,HR_046,4,,,,,,,,,,,,,,,,,,,,,,,,,,,
101,3,11R,G2,X,HR_164,3,2.157954545,2,11,11,23.22,2.110909091,1,4,4,8.82,2.205,,,,,,,,,,,,,,,,
102,3,12L,G1,-,HR_170,5,2.936416667,4,12,12,44.51,3.709166667,7,36,30,64.91,2.163666667,,,,,,,,,,,,,,,,
102,3,12R,G2,X,HR_158,2,1.481833333,7,45,30,46.05,1.535,14,67,30,42.86,1.428666667,,,,,,,,,,,,,,,,
103,3,13L,G2,X,HR_193,5,2.6875,1,2,2,3.19,1.595,5,8,8,30.24,3.78,,,,,,,,,,,,,,,,(envleope says 5/17 instead of 5/16)
103,3,13R,G2,X,HR_156,5,2.321333333,,,,,,7,30,30,69.64,2.321333333,,,,,,,,,,,,,,,,
104,3,14L,G1,-,HR_049,1,,,,,,,,,,,,,,,,,,,,,,,,,,,
104,3,14R,G2,X,HR_065,5,1.8,,,,,,2,4,4,7.2,1.8,,,,,,,,,,,,,,,,
105,3,15R,G2,X,HR_145,4,,,,,,,,,,,,,,,,,,,,,,,,,,,
106,3,16L,G1,-,HR_017,3,3.86,,,,,,2,2,2,7.72,3.86,,,,,,,,,,,,,,,,
106,3,16R,G1,-,HR_176,1,,,,,,,,,,,,,,,,,,,,,,,,,,,
107,3,17L,G1,-,HR_164,5,,,,,,,,,,,,,,,,,,,,,,,,,,,
107,3,17R,G1,-,HR_041,1,,,,,,,,,,,,,,,,,,,,,,,,,,,
108,3,18L,G2,X,HR_104,1,,,,,,,,,,,,,,,,,,,,,,,,,,,
108,3,18R,G2,X,HR_153,2,1.726666667,1,5,5,9.05,1.81,2,3,3,4.93,1.643333333,,,,,,,,,,,,,,,,envelope says 5/17
109,3,19L,G2,X,HR_190,3,,1,0,0,,,,,,,,,,,,,,,,,,,,,,,
109,3,19R,G2,X,HR_155,4,,,,,,,,,,,,,,,,,,,,,,,,,,,
110,3,20L,G2,X,HR_021,2,,,,,,,,,,,,,,,,,,,,,,,,,,,
110,3,20R,G2,X,HR_174,5,,,,,,,,,,,,,,,,,,,,,,,,,,,
111,3,21R,G2,X,HR_159,2,2.405,1,2,2,4.81,2.405,,,,,,,,,,,,,,,,,,,,,
112,3,22L,G1,-,HR_175,1,1.841111111,1,1,1,1.84,1.84,2,9,9,16.58,1.842222222,,,,,,,,,,,,,,,,
112,3,22R,G2,X,HR_107,1,1.7275,1,4,4,6.91,1.7275,,,,,,,,,,,,,,,,,,,,,
113,3,23R,G2,X,HR_053,1,1.725,1,2,2,3.45,1.725,,,,,,,,,,,,,,,,,,,,,
114,3,24L,G2,X,HR_083,4,2.43375,3,10,10,19.25,1.925,4,8,8,23.54,2.9425,3,0,0,,,,,,,,,,,,,
114,3,24R,G2,X,HR_071,2,,,,,,,,,,,,,,,,,,,,,,,,,,,
115,3,25L,G1,-,HR_027,4,2.192825397,4,14,14,26.79,1.913571429,14,32,30,68.44,2.281333333,12,14,14,33.37,2.383571429,,,,,,,,,,,
115,3,25R,G1,-,HR_053,4,,,,,,,,,,,,,,,,,,,,,,,,,,,
116,3,26L,G1,-,HR_179,2,1.793333333,2,6,6,10.12,1.686666667,4,5,5,9.5,1.9,,,,,,,,,,,,,,,,
116,3,26R,G1,-,HR_116,5,5.496666667,2,6,6,32.98,5.496666667,,,,,,,,,,,,,,,,,,,,,
117,3,27L,G2,X,HR_039,4,1.736294643,1,7,7,10.26,1.465714286,4,16,16,32.11,2.006875,,,,,,,,,,,,,,,,
117,3,27R,G1,-,HR_006,5,,,,,,,,,,,,,,,,,,,,,,,,,,,
118,3,28L,G1,-,HR_139,3,3.17,,,,,,2,5,5,15.85,3.17,,,,,,,,,,,,,,,,
118,3,28R,G1,-,HR_103,4,2.332083333,1,4,4,6.23,1.5575,1,3,3,9.32,3.106666667,,,,,,,,,,,,,,,,
119,3,29L,G2,X,HR_095,3,3.225,,,,,,1,2,2,6.45,3.225,,,,,,,,,,,,,,,,
119,3,29R,G2,X,HR_005,3,2.024,1,0,0,,,5,10,10,20.24,2.024,,,,,,,,,,,,,,,,
120,3,30L,G2,X,HR_015,4,2.075,1,4,4,8.3,2.075,,,,,,,,,,,,,,,,,,,,,
120,3,30R,G2,X,HR_042,2,,,,,,,,,,,,,,,,,,,,,,,,,,,
121,3,31L,G2,X,HR_190,3,1.17,,,,,,,,,,,1,3,3,3.51,1.17,,,,,,,,,,,
121,3,31R,G2,X,HR_079,1,,1,0,,,,2,0,,,,,,,,,,,,,,,,,,,
122,3,32L,G2,X,HR_161,5,2.9525,,,,,,2,4,4,11.81,2.9525,,,,,,,,,,,,,,,,
122,3,32R,G2,X,HR_112,3,2.63,,,,,,1,1,1,2.63,2.63,,,,,,,,,,,,,,,,
123,3,33L,G2,X,HR_047,5,2.125,,,,,,2,4,4,8.5,2.125,,,,,,,,,,,,,,,,
123,3,33R,G2,X,HR_036,2,1.793333333,1,3,3,5.38,1.793333333,,,,,,,,,,,,,,,,,,,,,
124,3,34L,G2,X,HR_179,3,2.155,1,8,8,17.68,2.21,3,13,13,27.3,2.1,,,,,,,,,,,,,,,,
124,3,34R,G1,-,HR_104,5,,,,,,,,,,,,,,,,,,,,,,,,,,,
125,3,35L,G2,X,HR_201,1,3.815,,,,,,2,4,4,15.26,3.815,,,,,,,,,,,,,,,,
125,3,35R,G1,-,HR_164,2,3.02525,2,10,10,27.98,2.798,1,4,4,13.01,3.2525,,,,,,,,,,,,,,,,
126,3,36L,G1,-,HR_147,1,2.853518519,2,9,9,20.57,2.285555556,3,1,1,2.96,2.96,2,2,2,6.63,3.315,,,,,,,,,,,
126,3,36R,G1,-,HR_162,1,,,,,,,,,,,,,,,,,,,,,,,,,,,
127,3,37L,G2,X,HR_116,3,2.545,1,6,6,15.27,2.545,,,,,,,,,,,,,,,,,,,,,
127,3,37R,G1,-,HR_046,3,,,,,,,,,,,,,,,,,,,,,,,,,,,
128,3,38L,G1,-,HR_014,5,2.79,,,,,,2,1,1,2.79,2.79,,,,,,,,,,,,,,,,
128,3,38R,G1,-,HR_020,3,,,,,,,,,,,,,,,,,,,,,,,,,,,
129,3,39L,G1,-,HR_147,5,,,,,,,,,,,,,,,,,,,,,,,,,,,
129,3,39R,G1,-,HR_032,2,1.157142857,1,7,7,10.93,1.561428571,2,7,7,5.27,0.752857143,,,,,,,,,,,,,,,,
130,3,40L,G2,X,HR_173,1,2.74,,,,,,6,10,10,27.4,2.74,,,,,,,,,,,,,,,,
130,3,40R,G2,X,HR_119,4,,,,,,,,,,,,,,,,,,,,,,,,,,,
131,3,41L,G1,-,HR_166,5,5.675652174,,,,,,13,23,23,130.54,5.675652174,,,,,,,,,,,,,,,,
131,3,41R,G1,-,HR_037,5,,,,,,,,,,,,,,,,,,,,,,,,,,,
132,3,42L,G1,-,HR_078,2,2.213865079,2,1,1,1.33,1.33,22,47,30,91.13,3.037666667,11,28,28,63.67,2.273928571,,,,,,,,,,,
132,3,42R,G2,X,HR_153,3,1.941076923,1,5,5,10.38,2.076,3,13,13,23.48,1.806153846,,,,,,,,,,,,,,,,
133,3,43L,G2,X,HR_068,1,2.373333333,1,3,3,6.51,2.17,5,12,12,30.92,2.576666667,,,,,,,,,,,,,,,,
133,3,43R,G2,X,HR_023,3,2.295166667,2,10,10,21.67,2.167,2,6,6,14.54,2.423333333,,,,,,,,,,,,,,,,
134,3,44L,G2,X,HR_026,4,4.622416667,3,8,8,35.34,4.4175,8,15,15,72.41,4.827333333,,,,,,,,,,,,,,,,
134,3,44R,G1,-,HR_142,1,,,,,,,1,0,0,,,,,,,,,,,,,,,,,,
135,3,45R,G2,X,HR_126,5,,,,,,,,,,,,,,,,,,,,,,,,,,,
136,4,1L,G2,X,HR_108,5,3.023166667,2,6,6,20.66,3.443333333,5,10,10,26.03,2.603,,,,,,,,,,,,,,,,
136,4,1R,G2,X,HR_177,2,,,,,,,,,,,,,,,,,,,,,,,,,,,
137,4,2L,G1,-,HR_124,1,2.848333333,1,3,3,5.02,1.673333333,2,3,3,12.07,4.023333333,,,,,,,,,,,,,,,,
137,4,2R,G1,-,HR_165,2,1.923333333,3,6,6,11.54,1.923333333,,,,,,,,,,,,,,,,,,,,,
138,4,3L,G1,-,HR_019,4,2.070740741,3,9,9,15.77,1.752222222,16,12,12,36.3,3.025,4,2,2,2.87,1.435,,,,,,,,,,,
138,4,3R,G2,X,HR_123,5,2.053125,3,16,16,32.85,2.053125,,,,,,,,,,,,,,,,,,,,,
139,4,4L,G2,X,HR_190,4,1.359375,3,8,8,21.75,2.71875,2,1,1,,0,,,,,,,,,,,,,,,,
139,4,4R,G1,-,HR_015,5,1.621111111,5,18,18,29.18,1.621111111,,,,,,,,,,,,,,,,,,,,,
140,4,5L,G1,-,HR_041,3,1.031666667,1,6,6,8.4,1.4,2,3,3,1.99,0.663333333,,,,,,,,,,,,,,,,
140,4,5R,G2,X,HR_135,4,2.939375,3,8,8,25.51,3.18875,3,4,4,10.76,2.69,,,,,,,,,,,,,,,,
141,4,6L,G1,-,HR_006,1,2.71,1,1,1,2.71,2.71,,,,,,,,,,,,,,,,,,,,,
141,4,6R,G1,-,HR_184,3,,1,0,0,,,,,,,,,,,,,,,,,,,,,,,
142,4,7L,G1,-,HR_017,3,,3,0,0,,,,,,,,,,,,,,,,,,,,,,,
142,4,7R,G1,-,HR_141,4,,1,0,0,,,,,,,,,,,,,,,,,,,,,,,
143,4,8L,G1,-,HR_150,1,2.13,1,1,1,2.13,2.13,,,,,,,,,,,,,,,,,,,,,
143,4,8R,G2,X,HR_146,3,1.05125,3,16,16,21.8,1.3625,1,1,1,0.74,0.74,,,,,,,,,,,,,,,,
144,4,9L,G2,X,HR_181,5,,,,,,,,,,,,,,,,,,,,,,,,,,,
144,4,9R,G2,X,HR_183,3,,2,0,0,,,,,,,,,,,,,,,,,,,,,,,
145,4,10L,G1,-,HR_174,4,3.218333333,5,3,3,7.4,2.466666667,7,3,3,11.91,3.97,,,,,,,,,,,,,,,,
145,4,10R,G1,-,HR_072,4,2.903333333,2,3,3,8.71,2.903333333,,,,,,,,,,,,,,,,,,,,,
146,4,11L,G2,X,HR_137,2,1.606875,4,16,16,25.71,1.606875,1,0,0,,,,,,,,,,,,,,,,,,
146,4,11R,G2,X,HR_056,3,,,,,,,,,,,,,,,,,,,,,,,,,,,
147,4,12L,G2,X,HR_009,1,,,,,,,,,,,,,,,,,,,,,,,,,,,
147,4,12R,G2,X,HR_078,3,1.086,2,5,5,5.43,1.086,,,,,,,,,,,,,,,,,,,,,
148,4,13L,G1,-,HR_159,1,2.480369318,4,16,16,46.79,2.924375,7,11,11,22.4,2.036363636,,,,,,,,,,,,,,,,
148,4,13R,G1,-,HR_166,1,2.475208333,3,8,8,21.31,2.66375,1,3,3,6.86,2.286666667,,,,,,,,,,,,,,,,
149,4,14L,G1,-,HR_042,5,2.948333333,3,6,6,17.69,2.948333333,,,,,,,,,,,,,,,,,,,,,
149,4,14R,G1,-,HR_046,3,,2,0,0,,,,,,,,,,,,,,,,,,,,,,,
150,4,15L,G2,X,HR_088,1,2.156666667,3,12,12,27.42,2.285,2,6,6,12.17,2.028333333,,,,,,,,,,,,,,,,
150,4,15R,G1,-,HR_192,1,,,,,,,,,,,,,,,,,,,,,,,,,,,
151,4,16R,G2,X,HR_170,5,,1,0,0,,,,,,,,,,,,,,,,,,,,,,,
152,4,17L,G2,X,HR_001,1,2.12,2,1,1,2.12,2.12,,,,,,,,,,,,,,,,,,,,,
152,4,17R,G1,-,HR_118,5,0.95,1,2,2,1.9,0.95,1,2,,,,,,,,,,,,,,,,,,,
153,4,18L,G1,-,HR_064,3,1.65875,2,8,8,18.42,2.3025,2,2,2,2.03,1.015,,,,,,,,,,,,,,,,
153,4,18R,G1,-,HR_127,3,2.5,3,1,1,2.5,2.5,,,,,,,,,,,,,,,,,,,,,
154,4,19L,G2,X,HR_177,5,,,,,,,,,,,,,,,,,,,,,,,,,,,
154,4,19R,G2,X,HR_016,5,1.866333333,3,5,5,11.33,2.266,2,3,3,4.4,1.466666667, ,,,,,,,,,,,,,,,
155,4,20L,G2,X,HR_073,4,2.522,2,5,5,12.61,2.522,3,0,0,,,,,,,,,,,,,,,,,,
155,4,20R,G1,-,HR_192,3,,,,,,,,,,,,,,,,,,,,,,,,,,,
156,4,21L,G2,X,HR_158,2,3.3225,2,4,4,13.29,3.3225,,,,,,,,,,,,,,,,,,,,,
156,4,21R,G1,-,HR_112,2,1.8525,1,2,2,4.69,2.345,2,3,3,4.08,1.36,,,,,,,,,,,,,,,,
157,4,22L,G2,X,HR_180,4,1.81,1,5,5,9.05,1.81,,,,,,,,,,,,,,,,,,,,,
157,4,22R,G2,X,HR_043,1,2.9075,1,2,2,5.59,2.795,3,1,1,3.02,3.02,,,,,,,,,,,,,,,,
158,4,23L,G2,X,HR_201,3,2.272,4,5,5,11.36,2.272,,,,,,,,,,,,,,,,,,,,,
158,4,23R,G1,-,HR_088,3,2.496666667,1,3,3,7.49,2.496666667,,,,,,,,,,,,,,,,,,,,,
159,4,24L,G2,X,HR_162,3,3.195,1,2,2,6.39,3.195,,,,,,,,,,,,,,,,,,,,,
159,4,24R,G2,X,HR_039,2,,,,,,,,,,,,,,,,,,,,,,,,,,,
160,4,25L,G1,-,HR_056,1,2.486666667,,,,,,4,3,3,7.46,2.486666667,,,,,,,,,,,,,,,,
160,4,25R,G1,-,HR_124,2,,,,,,,,,,,,,,,,,,,,,,,,,,,
161,4,26L,G2,X,HR_110,1,1.73,2,3,3,5.19,1.73,,,,,,,,,,,,,,,,,,,,,
161,4,26R,G2,X,HR_039,3,3.41,1,0,0,,,1,3,3,10.23,3.41,,,,,,,,,,,,,,,,
162,4,27L,G2,X,HR_134,3,0.965,2,2,2,1.93,0.965,1,0,0,,,,,,,,,,,,,,,,,,
162,4,27R,G2,X,HR_123,3,0.325,,,,,,1,2,2,0.65,0.325,,,,,,,,,,,,,,,,
163,4,28L,G1,-,HR_050,3,3.4775,2,4,4,13.46,3.365,3,3,3,10.77,3.59,,,,,,,,,,,,,,,,
163,4,28R,G2,X,HR_164,3,1.946,1,5,5,9.73,1.946,,,,,,,,,,,,,,,,,,,,,
164,4,29L,G1,-,HR_038,5,,,,,,,,,,,,,,,,,,,,,,,,,,,
164,4,29R,G1,-,HR_023,3,1.652,2,10,10,16.52,1.652,,,,,,,,,,,,,,,,,,,,,
165,4,30L,G2,X,HR_107,3,,,,,,,,,,,,,,,,,,,,,,,,,,,
165,4,30R,G1,-,HR_181,3,,,,,,,,,,,,,,,,,,,,,,,,,,,
166,4,31L,G1,-,HR_050,4,3.565,1,2,2,8.78,4.39,2,3,3,8.22,2.74,,,,,,,,,,,,,,,,
166,4,31R,G2,X,HR_062,4,4.715,2,2,,,,2,2,2,9.43,4.715,,,,,,,,,,,,,,,,
167,4,32L,G1,-,HR_007,1,2.173333333,2,3,,,,2,3,3,6.52,2.173333333,,,,,,,,,,,,,,,,
167,4,32R,G1,-,HR_042,3,,,,,,,,,,,,,,,,,,,,,,,,,,,
168,4,33L,G1,-,HR_018,2,2.931785714,3,7,7,16.09,2.298571429,1,2,2,7.13,3.565,,,,,,,,,,,,,,,,
168,4,33R,G1,-,HR_005,4,,,,,,,3,0,0,,,,,,,,,,,,,,,,,,
169,4,34L,G2,X,HR_009,5,2.000166667,4,12,12,21.13,1.760833333,7,20,20,44.79,2.2395,,,,,,,,,,,,,,,,
169,4,34R,G2,X,HR_033,4,3.0135,2,5,5,12.46,2.492,4,2,2,7.07,3.535,,,,,,,,,,,,,,,,
170,4,35L,G2,X,HR_181,1,1.42,1,2,2,2.84,1.42,1,0,0,,,,,,,,,,,,,,,,,,
170,4,35R,G1,-,HR_182,1,4.5375,1,2,2,8.29,4.145,3,2,2,9.86,4.93,,,,,,,,,,,,,,,,
171,4,36L,G2,X,HR_083,1,,,,,,,,,,,,,,,,,,,,,,,,,,,
171,4,36R,G2,X,HR_115,4,1.797272727,2,11,11,19.77,1.797272727,,,,,,,,,,,,,,,,,,,,,
172,4,37L,G1,-,HR_016,5,,1,0,0,,,1,0,0,,,,,,,,,,,,,,,,,,
172,4,37R,G2,X,HR_114,4,,,,,,,,,,,,,,,,,,,,,,,,,,,
173,4,38L,G2,X,HR_070,2,,1,0,0,,,,,,,,,,,,,,,,,,,,,,,
173,4,38R,G2,X,HR_113,3,3.63,1,2,2,7.26,3.63,,,,,,,,,,,,,,,,,,,,,
174,4,39L,G1,-,HR_043,1,2.2315,4,8,6,15.03,2.505,4,5,5,9.79,1.958,,,,,,,,,,,,,,,,
174,4,39R,G1,-,HR_021,4,,,,,,,,,,,,,,,,,,,,,,,,,,,
175,4,40L,G2,X,HR_017,5,1.38,2,9,9,12.42,1.38,,,,,,,,,,,,,,,,,,,,,
175,4,40R,G2,X,HR_149,4,,,,,,,,,,,,,,,,,,,,,,,,,,,
176,4,41L,G2,X,HR_079,5,0.84,1,3,3,2.52,0.84,,,,,,,,,,,,,,,,,,,,,
176,4,41R,G2,X,HR_142,2,,,,,,,,,,,,,,,,,,,,,,,,,,,
177,4,42L,G2,X,HR_085,4,2.446666667,1,6,6,14.68,2.446666667,,,,,,,,,,,,,,,,,,,,,
177,4,42R,G2,X,HR_025,2,1.998541667,4,15,15,34.25,2.283333333,7,16,16,27.42,1.71375,,,,,,,,,,,,,,,,
178,4,43L,G2,X,HR_004,3,2.690625,4,16,16,34.19,2.136875,5,16,16,51.91,3.244375,,,,,,,,,,,,,,,,
178,4,43R,G1,-,HR_028,5,1.588333333,1,3,3,2.93,0.976666667,1,3,3,6.6,2.2,,,,,,,,,,,,,,,,
179,4,44L,G2,X,HR_124,4,1.757,2,5,5,6.96,1.392,2,5,5,10.61,2.122,,,,,,,,,,,,,,,,
179,4,44R,G2,X,HR_181,1,2.558888889,2,9,9,23.03,2.558888889,,,,,,,,,,,,,,,,,,,,,
180,4,45L,G2,X,HR_180,5,,,,,,,,,,,,,,,,,,,,,,,,,,,
180,4,45R,G1,-,HR_065,2,1.786666667,2,12,12,21.44,1.786666667,,,,,,,,,,,,,,,,,,,,,
181,5,1L,G2,X,HR_118,3,1.428333333,1,6,,,,3,0,0,,,1,6,6,8.57,1.428333333,,,,,,,,,,,
181,5,1R,G1,-,HR_196,5,,,,,,,,,,,,,,,,,,,,,,,,,,,
182,5,2L,G1,-,HR_112,4,,,,,,,,,,,,,,,,,,,,,,,,,,,
182,5,2R,G1,-,HR_201,3,,,,,,,,,,,,,,,,,,,,,,,,,,,
183,5,3L,G1,-,HR_059,1,4.97125,2,4,4,21.41,5.3525,4,1,1,4.59,4.59,,,,,,,,,,,,,,,,
183,5,3R,G1,-,HR_146,5,1.468333333,2,12,12,17.62,1.468333333,2,0,0,,,,,,,,,,,,,,,,,,
184,5,4L,G2,X,HR_071,2,2.468927536,6,15,15,28.82,1.921333333,9,23,23,69.38,3.016521739,,,,,,,,,,,,,,,,
184,5,4R,G2,X,HR_145,4,1.561666667,3,18,18,28.11,1.561666667,,,,,,,,,,,,,,,,,,,,,
185,5,5L,G1,-,HR_044,3,,2,0,0,,,,,,,,,,,,,,,,,,,,,,,
185,5,5R,G1,-,HR_078,1,,,,,,,,,,,,,,,,,,,,,,,,,,,
186,5,6L,G1,-,HR_153,4,1.105,1,2,2,2.21,1.105,,,,,,,,,,,,,,,,,,,,,
186,5,6R,G1,-,HR_054,2,4.073717949,4,15,15,67.15,4.476666667,8,13,13,47.72,3.670769231,,,,,,,,,,,,,,,,
187,5,7L,G1,-,HR_139,1,0.486666667,1,3,3,1.46,0.486666667,,,,,,,,,,,,,,,,,,,,,
187,5,7R,G1,-,HR_126,4,1.715,3,10,,,,2,4,4,6.86,1.715,,,,,,,,,,,,,,,,
188,5,8R,G1,-,HR_061,1,2.823333333,2,3,3,8.47,2.823333333,,,,,,,,,,,,,,,,,,,,,
189,5,9L,G1,-,HR_053,2,2.042,4,5,5,7.48,1.496,7,5,5,12.94,2.588,,,,,,,,,,,,,,,,
189,5,9R,G1,-,HR_028,3,2.773333333,4,0,0,,,8,3,3,8.32,2.773333333,,,,,,,,,,,,,,,,
190,5,10L,G2,X,HR_011,5,3.153333333,1,3,3,9.46,3.153333333,,,,,,,,,,,,,,,,,,,,,
190,5,10R,G1,-,HR_197,3,2.315,3,8,8,18.52,2.315,,,,,,,,,,,,,,,,,,,,,
191,5,11L,G1,-,HR_170,1,1.24,2,4,4,4.96,1.24,,,,,,,,,,,,,,,,,,,,,
191,5,11R,G1,-,HR_073,2,2.463179825,5,14,12,28.87,2.405833333,7,19,19,47.89,2.520526316,,,,,,,,,,,,,,,,"5/4 1 seed lost, included in count"
192,5,12L,G2,X,HR_061,5,2.403,2,10,10,22.81,2.281,5,8,8,20.2,2.525,,,,,,,,,,,,,,,,
193,5,13L,G1,-,HR_173,5,2.718666667,3,10,10,27.69,2.769,3,6,6,16.01,2.668333333,,,,,,,,,,,,,,,,
193,5,13R,G1,-,HR_079,5,2.298,1,5,5,11.49,2.298,,,,,,,,,,,,,,,,,,,,,
194,5,14L,G2,X,HR_159,3,,1,0,0,,,,,,,,,,,,,,,,,,,,,,,
194,5,14R,G1,-,HR_137,1,2.800892857,1,4,4,11.23,2.8075,2,7,7,19.56,2.794285714,,,,,,,,,,,,,,,,
195,5,15L,G1,-,HR_173,5,,,,,,,,,,,,,,,,,,,,,,,,,,,
195,5,15R,G2,X,HR_057,3,,,,,,,,,,,,,,,,,,,,,,,,,,,
196,5,16L,G1,-,HR_141,1,0.94,2,1,1,0.94,0.94,,,,,,,,,,,,,,,,,,,,,
196,5,16R,G1,-,HR_012,3,,1,0,0,,,,,,,,,,,,,,,,,,,,,,,
197,5,17L,G1,-,HR_110,5,1.7875,2,4,4,7.15,1.7875,,,,,,,,,,,,,,,,,,,,,
197,5,17R,G2,X,HR_042,1,2.625,2,2,2,5.25,2.625,,,,,,,,,,,,,,,,,,,,,
198,5,18L,G2,X,HR_103,1,1.85,2,2,2,3.7,1.85,,,,,,,,,,,,,,,,,,,,,
198,5,18R,G1,-,HR_085,5,2.434181818,5,32,30,60.51,2.017,6,22,22,62.73,2.851363636,,,,,,,,,,,,,,,,
199,5,19L,G1,-,HR_155,4,1.85,1,3,3,7.47,2.49,3,5,5,6.05,1.21,,,,,,,,,,,,,,,,
199,5,19R,G2,X,HR_042,5,0,2,2,2,,0,,,,,,,,,,,,,,,,,,,,,
200,5,20L,G1,-,HR_040,2,,2,1,0,,,2,0,,,,,,,,,,,,,,,,,,,
200,5,20R,G2,X,HR_165,4,,1,0,,,,,,,,,,,,,,,,,,,,,,,,
201,5,21L,G2,X,HR_192,3,1.74525,1,4,4,6.99,1.7475,4,10,10,17.43,1.743,,,,,,,,,,,,,,,,
201,5,21R,G1,-,HR_179,4,1.093333333,1,6,6,6.56,1.093333333,,,,,,,,,,,,,,,,,,,,,
202,5,22L,G2,X,HR_109,1,3.166547619,3,7,7,20.52,2.931428571,8,12,12,40.82,3.401666667,1,0,0,,,,,,,,,,,,,5/16: 1 seed lost
202,5,22R,G1,-,HR_141,3,1.776,2,5,5,8.88,1.776,,,,,,,,,,,,,,,,,,,,,
203,5,23L,G2,X,HR_108,1,4.1425,1,4,4,16.57,4.1425,2,0,0,,,,,,,,,,,,,,,,,,
203,5,23R,G1,-,HR_037,4,1.753529412,3,17,17,29.81,1.753529412,,,,,,,,,,,,,,,,,,,,,
204,5,24L,G1,-,HR_101,5,2.779264706,4,17,17,42.39,2.493529412,1,2,2,6.13,3.065,,,,,,,,,,,,,,,,
204,5,24R,G2,X,HR_004,5,2.34,2,5,5,11.7,2.34,,,,,,,,,,,,,,,,,,,,,
205,5,25L,G2,X,HR_124,3,,1,0,0,,,,,,,,,,,,,,,,,,,,,,,
205,5,25R,G2,X,HR_184,4,2.541,3,5,5,8.11,1.622,2,3,3,10.38,3.46,,,,,,,,,,,,,,,,
206,5,26L,G1,-,HR_092,5,,1,0,0,,,2,0,0,,,,,,,,,,,,,,,,,,
206,5,26R,G2,X,HR_168,3,3.12,1,3,3,9.36,3.12,,,,,,,,,,,,,,,,,,,,,
207,5,27L,G2,X,HR_150,1,2.954583333,3,8,8,19.98,2.4975,7,6,6,20.47,3.411666667,,,,,,,,,,,,,,,,
207,5,27R,G1,-,HR_040,2,2.740909091,2,11,11,30.15,2.740909091,1,0,0,,,,,,,,,,,,,,,,,,
208,5,28R,G2,X,HR_035,2,1.815,2,14,14,25.34,1.81,4,2,2,3.64,1.82,,,,,,,,,,,,,,,,
209,5,29L,G2,X,HR_054,5,2.54,3,6,6,16.02,2.67,1,1,1,2.41,2.41,,,,,,,,,,,,,,,,
209,5,29R,G1,-,HR_114,1,2.79575,5,20,20,47.28,2.364,1,4,4,12.91,3.2275,,,,,,,,,,,,,,,,
210,5,30L,G1,-,HR_184,2,,,,,,,,,,,,,,,,,,,,,,,,,,,
210,5,30R,G2,X,HR_033,1,3.903333333,2,3,3,11.71,3.903333333,,,,,,,,,,,,,,,,,,,,,
211,5,31L,G1,-,HR_057,1,2.961777778,9,44,30,58.96,1.965333333,6,13,13,32.24,2.48,1,1,1,4.44,4.44,,,,,,,,,,,
211,5,31R,G2,X,HR_129,4,2.283958333,3,8,8,26.33,3.29125,2,3,3,3.83,1.276666667,,,,,,,,,,,,,,,,
212,5,32L,G2,X,HR_133,4,2.299423077,7,26,26,50.15,1.928846154,10,15,15,40.05,2.67,,,,,,,,,,,,,,,,
212,5,32R,G1,-,HR_165,4,1.3,2,11,11,14.3,1.3,,,,,,,,,,,,,,,,,,,,,
213,5,33L,G2,X,HR_147,1,2.086904762,4,9,9,17.43,1.936666667,6,16,14,31.32,2.237142857,,,,,,,,,,,,,,,,
213,5,33R,G2,X,HR_043,1,1.863333333,1,3,3,5.59,1.863333333,2,0,0,,,,,,,,,,,,,,,,,,
214,5,34L,G2,X,HR_115,2,2.679705882,3,17,17,27.19,1.599411765,1,1,1,3.76,3.76,,,,,,,,,,,,,,,,
214,5,34R,G1,-,HR_155,4,1.351666667,1,6,6,8.11,1.351666667,,,,,,,,,,,,,,,,,,,,,
215,5,35L,G2,X,HR_105,3,3.11125,2,8,8,26.18,3.2725,2,1,1,2.95,2.95,,,,,,,,,,,,,,,,
215,5,35R,G2,X,HR_109,5,2.928571429,3,7,7,20.5,2.928571429,,,,,,,,,,,,,,,,,,,,,
216,5,36L,G2,X,HR_032,4,1.7175,1,4,4,6.87,1.7175,,,,,,,,,,,,,,,,,,,,,
216,5,36R,G2,X,HR_150,1,,,,,,,,,,,,,,,,,,,,,,,,,,,
217,5,37L,G2,X,HR_018,3,,2,0,0,,,,,,,,,,,,,,,,,,,,,,,
217,5,37R,G1,-,HR_051,4,2.089642857,3,14,14,21.27,1.519285714,1,2,2,5.32,2.66,,,,,,,,,,,,,,,,
218,5,38L,G1,-,HR_108,3,4.22,3,1,1,4.22,4.22,1,0,0,,,,,,,,,,,,,,,,,,
218,5,38R,G2,X,HR_193,3,,2,0,0,,,,,,,,,,,,,,,,,,,,,,,
219,5,39L,G1,-,HR_080,3,2.39,,,,,,4,2,2,4.78,2.39,,,,,,,,,,,,,,,,envelope says 5/17/23
219,5,39R,G2,X,HR_001,5,,1,0,0,,,,,,,,,,,,,,,,,,,,,,,
220,5,40L,G2,X,HR_173,4,2.478333333,4,8,8,23.2,2.9,3,6,6,12.34,2.056666667,,,,,,,,,,,,,,,,
220,5,40R,G1,-,HR_134,3,2.279166667,6,20,20,37.78,1.889,15,35,30,80.08,2.669333333,,,,,,,,,,,,,,,,
221,5,41L,G2,X,HR_131,5,1.125,2,9,9,11.61,1.29,1,1,1,0.96,0.96,,,,,,,,,,,,,,,,
221,5,41R,G2,X,HR_028,1,3.5775,3,2,2,4.83,2.415,4,2,2,9.48,4.74,,,,,,,,,,,,,,,,
222,5,42L,G2,X,HR_051,5,1.5425,1,4,4,6.17,1.5425,,,,,,,,,,,,,,,,,,,,,
222,5,42R,G2,X,HR_038,3,1.782222222,8,18,18,32.08,1.782222222,,,,,,,,,,,,,,,,,,,,,
223,5,43L,G1,-,HR_119,3,2.62625,2,8,8,21.01,2.62625,,,,,,,,,,,,,,,,,,,,,
223,5,43R,G1,-,HR_123,3,2.645454545,3,11,11,29.1,2.645454545,,,,,,,,,,,,,,,,,,,,,
224,5,44L,G2,X,HR_135,5,3.286785714,7,28,28,85.22,3.043571429,2,4,4,14.12,3.53,,,,,,,,,,,,,,,,
224,5,44R,G1,-,HR_083,1,2.000666667,13,105,30,62.95,2.098333333,9,10,10,19.03,1.903,,,,,,,,,,,,,,,,
225,5,45L,G2,X,HR_103,2,,,,,,,,,,,,,,,,,,,,,,,,,,,
225,5,45R,G1,-,HR_161,1,,,,,,,,,,,,,,,,,,,,,,,,,,,
226,6,1L,G2,X,HR_177,4,4.740555556,6,9,9,37.54,4.171111111,6,12,12,63.72,5.31,,,,,,,,,,,,,,,,
226,6,1R,G1,-,HR_015,4,0.83,2,1,1,0.83,0.83,,,,,,,,,,,,,,,,,,,,,
227,6,2L,G2,X,HR_123,5,1.8615,4,5,5,13.44,2.688,3,2,2,2.07,1.035,,,,,,,,,,,,,,,,
227,6,2R,G1,-,HR_062,4,3.731666667,4,7,7,28.14,4.02,5,9,9,30.99,3.443333333,,,,,,,,,,,,,,,,
228,6,3L,G2,X,HR_129,5,,,,,,,,,,,,,,,,,,,,,,,,,,,
228,6,3R,G1,-,HR_056,3,2.936428571,2,7,7,20.6,2.942857143,4,6,6,17.58,2.93,,,,,,,,,,,,,,,,
229,6,4L,G1,-,HR_121,5,2.966176471,3,17,17,60.73,3.572352941,2,2,2,4.72,2.36,,,,,,,,,,,,,,,,
229,6,4R,G2,X,HR_080,1,,,,,,,,,,,,,,,,,,,,,,,,,,,
230,6,5L,G1,-,HR_049,4,1.483333333,1,3,3,4.45,1.483333333,,,,,,,,,,,,,,,,,,,,,
230,6,5R,G2,X,HR_017,5,,,,,,,,,,,,,,,,,,,,,,,,,,,
231,6,6L,G1,-,HR_119,4,2.007058824,6,17,17,34.12,2.007058824,,,,,,,,,,,,,,,,,,,,,
231,6,6R,G1,-,HR_051,4,2.347264706,5,10,10,21.41,2.141,10,17,17,43.41,2.553529412,,,,,,,,,,,,,,,,
232,6,7L,G2,X,HR_087,5,4.41,2,2,2,6.44,3.22,2,1,1,5.6,5.6,,,,,,,,,,,,,,,,
232,6,7R,G1,-,HR_107,1,2.915692308,6,26,26,67.61,2.600384615,10,35,30,96.93,3.231,,,,,,,,,,,,,,,,
233,6,8L,G1,-,HR_026,5,,1,0,0,,,,,,,,,,,,,,,,,,,,,,,
233,6,8R,G2,X,HR_034,1,2.156666667,2,3,3,6.47,2.156666667,,,,,,,,,,,,,,,,,,,,,
234,6,9L,G1,-,HR_061,5,,1,0,0,,,,,,,,,,,,,,,,,,,,,,,
234,6,9R,G1,-,HR_142,1,1.376666667,1,6,6,8.26,1.376666667,,,,,,,,,,,,,,,,,,,,,
235,6,10L,G2,X,HR_152,1,1.684285714,2,7,7,11.79,1.684285714,,,,,,,,,,,,,,,,,,,,,
235,6,10R,G1,-,HR_110,1,1.9776,3,25,25,43.63,1.7452,2,7,7,15.47,2.21,,,,,,,,,,,,,,,,
236,6,11L,G2,X,HR_041,4,,1,0,0,,,,,,,,,,,,,,,,,,,,,,,
236,6,11R,G1,-,HR_182,3,3.202,2,5,5,16.01,3.202,,,,,,,,,,,,,,,,,,,,,
237,6,12L,G1,-,HR_032,1,,1,0,0,,,,,,,,,,,,,,,,,,,,,,,
237,6,12R,G2,X,HR_118,2,1.43625,2,8,8,11.49,1.43625,,,,,,,,,,,,,,,,,,,,,
238,6,13L,G2,X,HR_112,2,2.566666667,3,4,3,7.7,2.566666667,,,,,,,,,,,,,,,,,,,,,"(1 seed lost for 5/4, added to count)"
239,6,14L,G2,X,HR_126,4,2.037142857,2,7,7,14.26,2.037142857,,,,,,,,,,,,,,,,,,,,,
239,6,14R,G2,X,HR_027,2,0.545,1,2,2,1.09,0.545,,,,,,,,,,,,,,,,,,,,,
240,6,15L,G2,X,HR_051,4,,1,0,0,,,,,,,,,,,,,,,,,,,,,,,
240,6,15R,G2,X,HR_142,1,,1,0,0,,,,,,,,,,,,,,,,,,,,,,,
241,6,16L,G1,-,HR_109,5,,1,0,0,,,,,,,,,,,,,,,,,,,,,,,
241,6,16R,G1,-,HR_181,2,2.41,1,4,3,7.23,2.41,,,,,,,,,,,,,,,,,,,,,"(1 seed lost for 5/4/23, added to count)"
242,6,17L,G2,X,HR_197,3,3,3,1,1,3,3,2,0,0,,,,,,,,,,,,,,,,,,
242,6,17R,G2,X,HR_071,4,1.53,1,1,1,1.53,1.53,,,,,,,,,,,,,,,,,,,,,
243,6,18L,G1,-,HR_066,1,,,,,,,,,,,,,,,,,,,,,,,,,,,
243,6,18R,G1,-,HR_146,5,1.49,6,2,2,3.06,1.53,1,2,2,2.9,1.45,,,,,,,,,,,,,,,,
244,6,19L,G2,X,HR_012,3,2.39,2,2,2,4.78,2.39,,,,,,,,,,,,,,,,,,,,,
244,6,19R,G2,X,HR_004,4,2.404545455,3,11,11,26.45,2.404545455,,,,,,,,,,,,,,,,,,,,,
245,6,20L,G1,-,HR_016,2,3.084285714,3,7,7,22.2,3.171428571,3,7,7,20.98,2.997142857,,,,,,,,,,,,,,,,
245,6,20R,G1,-,HR_059,4,4.25,3,2,2,8.5,4.25,,,,,,,,,,,,,,,,,,,,,
246,6,21L,G1,-,HR_201,4,3.53,1,1,1,3.53,3.53,,,,,,,,,,,,,,,,,,,,,
246,6,21R,G2,X,HR_049,3,1.59,2,4,4,6.36,1.59,,,,,,,,,,,,,,,,,,,,,
247,6,22L,G1,-,HR_108,5,,,,,,,,,,,,,,,,,,,,,,,,,,,
247,6,22R,G1,-,HR_195,1,1.6775,2,4,4,6.71,1.6775,,,,,,,,,,,,,,,,,,,,,
248,6,23L,G1,-,HR_066,2,1.465,1,4,4,5.86,1.465,,,,,,,,,,,,,,,,,,,,,
248,6,23R,G2,X,HR_119,5,1.724,4,10,10,17.24,1.724,,,,,,,,,,,,,,,,,,,,,
249,6,24L,G1,-,HR_072,4,,,,,,,,,,,,,,,,,,,,,,,,,,,
249,6,24R,G2,X,HR_037,2,1.21,4,1,1,1.21,1.21,1,0,0,,,,,,,,,,,,,,,,,,
250,6,25L,G2,X,HR_070,2,1.908,2,5,5,9.54,1.908,2,0,0,,,,,,,,,,,,,,,,,,
250,6,25R,G1,-,HR_072,3,1.514285714,2,7,7,10.6,1.514285714,,,,,,,,,,,,,,,,,,,,,
251,6,26L,G1,-,HR_015,3,2.506666667,2,3,3,7.52,2.506666667,1,0,0,,,,,,,,,,,,,,,,,,
251,6,26R,G2,X,HR_178,4,2.415,1,2,2,4.83,2.415,,,,,,,,,,,,,,,,,,,,,
252,6,27L,G2,X,HR_085,5,2.41,1,4,4,9.64,2.41,,,,,,,,,,,,,,,,,,,,,
252,6,27R,G1,-,HR_190,1,2.144,1,5,5,10.72,2.144,,,,,,,,,,,,,,,,,,,,,
253,6,28L,G2,X,HR_014,1,2.343571429,3,14,14,32.81,2.343571429,,,,,,,,,,,,,,,,,,,,,
253,6,28R,G1,-,HR_129,5,,,,,,,,,,,,,,,,,,,,,,,,,,,
254,6,29L,G2,X,HR_161,4,1.433333333,2,3,3,4.3,1.433333333,,,,,,,,,,,,,,,,,,,,,
254,6,29R,G2,X,HR_040,2,2.41,1,3,3,7.23,2.41,,,,,,,,,,,,,,,,,,,,,
255,6,30L,G2,X,HR_170,5,,,,,,,,,,,,,,,,,,,,,,,,,,,
255,6,30R,G1,-,HR_116,3,,,,,,,,,,,,,,,,,,,,,,,,,,,
256,6,31L,G1,-,HR_058,4,2.03,4,8,8,16.24,2.03,,,,,,,,,,,,,,,,,,,,,
256,6,31R,G2,X,HR_183,1,2.1825,1,4,4,8.73,2.1825,,,,,,,,,,,,,,,,,,,,,
257,6,32L,G1,-,HR_174,2,,,,,,,,,,,,,,,,,,,,,,,,,,,
257,6,32R,G2,X,HR_057,2,1.52,5,16,16,24.32,1.52,,,,,,,,,,,,,,,,,,,,,
258,6,33L,G2,X,HR_087,4,1.28625,2,8,8,10.29,1.28625,3,0,0,,,,,,,,,,,,,,,,,,
258,6,33R,G2,X,HR_196,5,2.3,3,8,8,18.4,2.3,,,,,,,,,,,,,,,,,,,,,
259,6,34L,G1,-,HR_004,3,2.895,1,2,2,5.79,2.895,,,,,,,,,,,,,,,,,,,,,
259,6,34R,G2,X,HR_072,1,1.24,1,3,3,3.72,1.24,,,,,,,,,,,,,,,,,,,,,
260,6,35L,G1,-,HR_025,5,1.265,2,2,2,2.53,1.265,,,,,,,,,,,,,,,,,,,,,
260,6,35R,G1,-,HR_036,2,2.38,1,2,2,4.76,2.38,,,,,,,,,,,,,,,,,,,,,
261,6,36L,G2,X,HR_016,2,2.51,2,5,5,12.1,2.42,1,1,1,2.6,2.6,,,,,,,,,,,,,,,,
261,6,36R,G1,-,HR_176,5,1.578333333,3,12,12,26.78,2.231666667,1,2,2,1.85,0.925,,,,,,,,,,,,,,,,
262,6,37L,G1,-,HR_148,1,3.81,2,2,2,7.62,3.81,,,,,,,,,,,,,,,,,,,,,
262,6,37R,G2,X,HR_192,4,,1,0,0,,,,,,,,,,,,,,,,,,,,,,,
263,6,38L,G1,-,HR_104,2,,,,,,,,,,,,,,,,,,,,,,,,,,,
263,6,38R,G1,-,HR_034,5,,,,,,,,,,,,,,,,,,,,,,,,,,,
264,6,39L,G2,X,HR_065,3,1.155,3,2,2,2.31,1.155,,,,,,,,,,,,,,,,,,,,,
264,6,39R,G1,-,HR_180,4,0.827708333,2,8,8,10.15,1.26875,2,6,6,2.32,0.386666667,,,,,,,,,,,,,,,,
265,6,40L,G1,-,HR_137,3,2.50625,1,4,4,14.01,3.5025,1,2,2,3.02,1.51,,,,,,,,,,,,,,,,
265,6,40R,G1,-,HR_197,4,1.115,2,2,2,2.23,1.115,,,,,,,,,,,,,,,,,,,,,
266,6,41L,G2,X,HR_064,1,2.10077193,6,15,15,29.06,1.937333333,7,19,19,43.02,2.264210526,,,,,,,,,,,,,,,,
266,6,41R,G2,X,HR_133,1,2.013333333,2,3,3,6.04,2.013333333,,,,,,,,,,,,,,,,,,,,,
267,6,42L,G2,X,HR_101,1,1.09,3,6,6,6.54,1.09,,,,,,,,,,,,,,,,,,,,,
267,6,42R,G2,X,HR_133,2,3.97,2,1,1,3.97,3.97,,,,,,,,,,,,,,,,,,,,,
268,6,43L,G2,X,HR_021,1,,,,,,,,,,,,,,,,,,,,,,,,,,,
268,6,43R,G1,-,HR_039,1,0.976666667,1,3,3,2.93,0.976666667,,,,,,,,,,,,,,,,,,,,,
269,6,44L,G1,-,HR_057,3,2.502,2,5,5,12.51,2.502,,,,,,,,,,,,,,,,,,,,,
269,6,44R,G2,X,HR_088,3,,,,,,,,,,,,,,,,,,,,,,,,,,,
270,6,45L,G2,X,HR_139,4,3.82,3,4,4,15.28,3.82,,,,,,,,,,,,,,,,,,,,,
270,6,45R,G1,-,HR_113,1,1.251052632,5,19,19,23.77,1.251052632,,,,,,,,,,,,,,,,,,,,,
274,7,1L,G2,X,HR_067,3,3.765,2,2,2,7.53,3.765,,,,,,,,,,,,,,,,,,,,,
274,7,1R,G1,-,HR_149,1,,,,,,,,,,,,,,,,,,,,,,,,,,,
275,7,2L,G1,-,HR_009,3,2.81580303,10,34,30,72.13,2.404333333,4,11,11,35.5,3.227272727,,,,,,,,,,,,,,,,
275,7,2R,G1,-,HR_026,2,3.08,1,0,0,,,1,1,1,3.08,3.08,,,,,,,,,,,,,,,,
,7,3L,G2,X,HR_066,2,1.659473684,3,19,19,31.53,1.659473684,,,,,,,,,,,,,,,,,,,,,
,7,3R,G1,-,HR_054,2,2.294444444,4,9,9,20.65,2.294444444,,,,,,,,,,,,,,,,,,,,,
,7,4L,G2,X,HR_056,5,2.155166667,11,50,30,52.81,1.760333333,1,3,3,7.65,2.55,,,,,,,,,,,,,,,,
,7,4R,G1,-,HR_025,2,,,,,,,,,,,,,,,,,,,,,,,,,,,
,7,5L,G1,-,HR_020,4,1.969230769,6,13,13,25.6,1.969230769,,,,,,,,,,,,,,,,,,,,,
,7,5R,G2,X,HR_166,5,1.11,1,3,3,3.33,1.11,,,,,,,,,,,,,,,,,,,,,
,7,6L,G2,X,HR_095,5,1.846666667,2,6,6,11.08,1.846666667,,,,,,,,,,,,,,,,,,,,,
,7,6R,G2,X,HR_083,1,2.253333333,3,3,3,6.76,2.253333333,,,,,,,,,,,,,,,,,,,,,
,7,7L,G2,X,HR_139,3,2.4825,3,12,12,29.79,2.4825,,,,,,,,,,,,,,,,,,,,,
,7,7R,G1,-,HR_133,4,2.451818182,5,11,11,26.97,2.451818182,,,,,,,,,,,,,,,,,,,,,
,7,8L,G2,X,HR_014,3,1.134,3,6,5,5.67,1.134,,,,,,,,,,,,,,,,,,,,,
,7,8R,G1,-,HR_092,4,,,,,,,,,,,,,,,,,,,,,,,,,,,
,7,9L,G1,-,HR_095,2,1.779333333,10,47,30,49.91,1.663666667,7,26,26,49.27,1.895,,,,,,,,,,,,,,,,
,7,9R,G1,-,HR_011,4,1.889,10,43,30,56.67,1.889,,,,,,,,,,,,,,,,,,,,,
,7,10L,G2,X,HR_195,2,,,,,,,,,,,,,,,,,,,,,,,,,,,
,7,10R,G1,-,HR_080,4,2.193403361,7,17,17,33.29,1.958235294,2,7,7,17,2.428571429,,,,,,,,,,,,,,,,
,7,11L,G2,X,HR_073,5,1.280416667,2,12,12,8.25,0.6875,2,9,9,16.86,1.873333333,,,,,,,,,,,,,,,,
,7,11R,G2,X,HR_072,2,2.305,1,2,2,4.61,2.305,,,,,,,,,,,,,,,,,,,,,
,7,12L,G2,X,HR_135,4,1.834444444,4,9,9,16.51,1.834444444,,,,,,,,,,,,,,,,,,,,,
,7,12R,G1,-,HR_177,2,1.205194805,3,11,11,14.65,1.331818182,2,7,7,7.55,1.078571429,,,,,,,,,,,,,,,,
,7,13L,G1,-,HR_178,1,1.16,1,1,1,1.16,1.16,,,,,,,,,,,,,,,,,,,,,
,7,13R,G1,-,HR_007,2,1.387857143,3,14,14,19.43,1.387857143,,,,,,,,,,,,,,,,,,,,,
,7,14L,G1,-,HR_134,4,,,,,,,,,,,,,,,,,,,,,,,,,,,
,7,14R,G1,-,HR_110,5,1.914,5,15,15,28.71,1.914,,,,,,,,,,,,,,,,,,,,,
,7,15L,G2,X,HR_047,5,1.986666667,2,3,3,5.96,1.986666667,,,,,,,,,,,,,,,,,,,,,
,7,15R,G1,-,HR_136,2,2.22,,,,,,1,1,1,2.22,2.22,,,,,,,,,,,,,,,,
,7,16R,G1,-,HR_014,3,2.04875,2,2,2,2.71,1.355,2,4,4,10.97,2.7425,,,,,,,,,,,,,,,,
,7,17L,G1,-,HR_170,2,1.6,1,1,1,1.6,1.6,,,,,,,,,,,,,,,,,,,,,
,7,18L,G2,X,HR_035,1,,,,,,,,,,,,,,,,,1,0,0,,,,,,,,
,7,19L,G1,-,HR_039,3,,,,,,,,,,,,,,,,,,,,,,,,,,,
,7,19R,G2,X,HR_050,1,,,,,,,,,,,,,,,,,,,,,,,,,,,
,7,20L,G2,X,HR_150,4,,,,,,,,,,,,,,,,,,,,,,,,,,,
,7,21R,G1,-,HR_127,5,4.006666667,1,0,0,,,3,3,3,12.02,4.006666667,,,,,,,,,,,,,,,,
,7,22L,G1,-,HR_184,2,,1,0,0,,,,,,,,,,,,,,,,,,,,,,,
,7,22R,G1,-,HR_148,2,1.07,1,1,1,1.07,1.07,,,,,,,,,,,,,,,,,,,,,
,7,23L,G1,-,HR_033,4,,,,,,,,,,,,,,,,,,,,,,,,,,,
,7,23R,G1,-,HR_156,4,,,,,,,,,,,,,,,,,,,,,,,,,,,
,7,24L,G1,-,HR_129,2,2.1,,,,,,1,2,2,4.2,2.1,,,,,,,,,,,,,,,,
,7,24R,G2,X,HR_087,5,1.097,1,1,1,0.68,0.68,4,10,10,15.14,1.514,,,,,,,,,,,,,,,,
,7,25L,G2,X,HR_006,5,,,,,,,,,,,,,,,,,,,,,,,,,,,
,7,25R,G2,X,HR_110,2,,,,,,,,,,,,,,,,,,,,,,,,,,,
,7,26L,G1,-,HR_087,5,0.483333333,,,,,,1,3,3,1.45,0.483333333,,,,,,,,,,,,,,,,
,7,26R,G1,-,HR_173,1,,,,,,,,,,,,,,,,,,,,,,,,,,,
,7,27L,G2,X,HR_131,5,,,,,,,2,0,0,,,,,,,,,,,,,,,,,,
,7,27R,G1,-,HR_083,5,5.1575,1,0,0,,,2,1,1,5.29,5.29,4,2,2,10.05,5.025,,,,,,,,,,,
,7,28L,G2,X,HR_011,1,3.033333333,1,0,0,,,1,3,3,9.1,3.033333333,,,,,,,,,,,,,,,,
,7,28R,G2,X,HR_023,1,1.958,1,0,0,,,3,5,5,9.79,1.958,,,,,,,,,,,,,,,,
,7,29L,G2,X,HR_113,5,,1,0,0,,,1,0,0,,,,,,,,,,,,,,,,,,
,7,29R,G1,-,HR_176,3,,,,,,,,,,,,,,,,,,,,,,,,,,,
,7,30L,G2,X,HR_161,5,,,,,,,,,,,,,,,,,,,,,,,,,,,
,7,30R,G2,X,HR_148,5,,1,0,0,,,,,,,,,,,,,,,,,,,,,,,
,7,31L,G1,-,HR_014,5,,,,,,,,,,,,,,,,,,,,,,,,,,,
,7,31R,G2,X,HR_049,2,1.01,2,6,6,6.06,1.01,,,,,,,,,,,,,,,,,,,,,
,7,32L,G1,-,HR_101,1,1.137777778,3,9,9,10.24,1.137777778,,,,,,,,,,,,,,,,,,,,,
,7,32R,G2,X,HR_184,1,4.29,1,0,0,,,1,1,1,4.29,4.29,,,,,,,,,,,,,,,,
,7,33L,G1,-,HR_113,5,,5,0,0,,,5,0,0,,,,,,,,,,,,,,,,,,
,7,33R,G1,-,HR_161,2,0.36,,,,,,2,1,1,0.36,0.36,,,,,,,,,,,,,,,,
,7,34L,G2,X,HR_114,1,1.7725,1,1,1,0.79,0.79,3,8,8,22.04,2.755,,,,,,,,,,,,,,,,
,7,34R,G1,-,HR_193,4,2.24125,3,0,0,,,4,8,8,17.93,2.24125,,,,,,,,,,,,,,,,
,7,35L,G1,-,HR_168,1,,,,,,,,,,,,,,,,,,,,,,,,,,,
,7,35R,G2,X,HR_197,5,,,,,,,,,,,,,,,,,,,,,,,,,,,
,7,36L,G2,X,HR_057,2,,,,,,,,,,,,,,,,,,,,,,,,,,,
,7,36R,G1,-,HR_088,3,1.67,1,0,0,,,3,14,14,23.38,1.67,,,,,,,,,,,,,,,,
,7,37L,G2,X,HR_059,2,3.065,,,,,,4,10,10,30.65,3.065,,,,,,,,,,,,,,,,
,7,38L,G2,X,HR_195,2,1.1525,3,4,4,4.61,1.1525,,,,,,,,,,,,,,,,,,,,,
,7,38R,G2,X,HR_066,4,,,,,,,,,,,,,,,,,,,,,,,,,,,
,7,39L,G1,-,HR_169,2,5.41,1,0,0,,,1,2,2,10.82,5.41,,,,,,,,,,,,,,,,
,7,39R,G1,-,HR_068,2,,1,0,0,,,,,,,,,,,,,,,,,,,,,,,
,7,40L,G2,X,HR_197,4,,,,,,,,,,,,,,,,,,,,,,,,,,,
,7,40R,G1,-,HR_012,3,3.218333333,11,12,12,38.62,3.218333333,,,,,,,,,,,,,,,,,,,,,
,7,41L,G2,X,HR_007,4,,,,,,,,,,,,,,,,,,,,,,,,,,,
,7,41R,G1,-,HR_040,2,,,,,,,,,,,,,,,,,,,,,,,,,,,
,7,42L,G2,X,HR_018,3,,,,,,,,,,,,,,,,,,,,,,,,,,,
,7,42R,G1,-,HR_159,2,0.55,1,3,3,1.65,0.55,,,,,,,,,,,,,,,,,,,,,
,7,43L,G1,-,HR_087,4,,,,,,,,,,,,,,,,,,,,,,,,,,,
,7,43R,G2,X,HR_129,2,,,,,,,,,,,,,,,,,,,,,,,,,,,
,7,44R,G1,-,HR_053,1,,,,,,,,,,,,,,,,,,,,,,,,,,,
,7,45L,G2,X,HR_059,4,,,,,,,1,0,0,,,,,,,,,,,,,,,,,,
,7,45R,G1,-,HR_183,1,,,,,,,,,,,,,,,,,,,,,,,,,,,
,8,1L,G1,-,HR_103,5,1.371285714,4,20,20,24.68,1.234,2,7,7,10.56,1.508571429,,,,,,,,,,,,,,,,
,8,1R,G2,X,HR_147,2,1.843333333,1,3,3,5.53,1.843333333,,,,,,,,,,,,,,,,,,,,,
,8,2L,G2,X,HR_011,1,1.848333333,2,6,6,11.09,1.848333333,,,,,,,,,,,,,,,,,,,,,
,8,2R,G1,-,HR_001,2,1.540769231,5,13,13,20.03,1.540769231,,,,,,,,,,,,,,,,,,,,,
,8,3L,G1,-,HR_145,2,1.798461538,2,13,13,23.38,1.798461538,,,,,,,,,,,,,,,,,,,,,
,8,3R,G1,-,HR_114,4,,1,0,0,,,,,,,,,,,,,,,,,,,,,,,
,8,4L,G1,-,HR_109,1,4.064,3,5,5,22.49,4.498,2,5,5,18.15,3.63,,,,,,,,,,,,,,,,
,8,4R,G2,X,HR_155,4,1.7264,6,25,25,43.16,1.7264,1,0,0,,,,,,,,,,,,,,,,,,
,8,5L,G1,-,HR_011,3,1.40125,2,8,8,11.21,1.40125,,,,,,,,,,,,,,,,,,,,,
,8,6L,G2,X,HR_014,1,1.5275,3,4,4,6.11,1.5275,,,,,,,,,,,,,,,,,,,,,
,8,6R,G1,-,HR_073,5,2.031428571,6,14,14,28.44,2.031428571,,,,,,,,,,,,,,,,,,,,,
,8,7L,G1,-,HR_046,1,2.797142857,5,7,7,19.58,2.797142857,,,,,,,,,,,,,,,,,,,,,
,8,7R,G1,-,HR_105,4,1.493333333,1,3,3,4.48,1.493333333,,,,,,,,,,,,,,,,,,,,,
,8,8L,G1,-,HR_113,3,1.747772727,7,42,30,48.63,1.621,4,11,11,20.62,1.874545455,,,,,,,,,,,,,,,,
,8,8R,G2,X,HR_046,3,2.39,2,2,2,4.78,2.39,,,,,,,,,,,,,,,,,,,,,
,8,9L,G2,X,HR_176,4,1,2,0,0,,,1,1,1,1,1,,,,,,,,,,,,,,,,
,8,9R,G2,X,HR_001,4,,,,,,,,,,,,,,,,,,,,,,,,,,,
,8,10L,G1,-,HR_079,4,1.8175,5,4,4,7.27,1.8175,,,,,,,,,,,,,,,,,,,,,
,8,10R,G1,-,HR_010,5,,,,,,,,,,,,,,,,,,,,,,,,,,,
,8,11L,G2,X,HR_158,5,,,,,,,,,,,,,,,,,,,,,,,,,,,
,8,11R,G2,X,HR_183,5,,,,,,,,,,,,,,,,,,,,,,,,,,,
,8,12L,G2,X,HR_059,3,1.87,2,4,4,7.48,1.87,,,,,,,,,,,,,,,,,,,,,
,8,12R,G2,X,HR_078,3,0.7,1,1,1,0.7,0.7,,,,,,,,,,,,,,,,,,,,,
,8,13L,G1,-,HR_005,4,0.715,1,2,2,1.43,0.715,,,,,,,,,,,,,,,,,,,,,
,8,13R,G1,-,HR_023,3,1.8805,3,16,16,27.44,1.715,2,5,5,10.23,2.046,,,,,,,,,,,,,,,,
,8,14L,G1,-,HR_080,4,,,,,,,,,,,,,,,,,,,,,,,,,,,
,8,14R,G1,-,HR_018,3,1.735,2,8,8,13.88,1.735,,,,,,,,,,,,,,,,,,,,,
,8,15L,G1,-,HR_196,1,2.798928571,1,7,7,12.62,1.802857143,1,2,2,7.59,3.795,,,,,,,,,,,,,,,,
,8,15R,G1,-,HR_159,4,,,,,,,,,,,,,,,,,,,,,,,,,,,
,8,16L,G2,X,HR_095,2,,,,,,,,,,,,,,,,,,,,,,,,,,,
,8,16R,G1,-,HR_078,1,,,,,,,,,,,,,,,,,,,,,,,,,,,
,8,17L,G1,-,HR_165,5,1.401428571,3,7,7,9.81,1.401428571,,,,,,,,,,,,,,,,,,,,,
,8,17R,G1,-,HR_168,1,,,,,,,,,,,,,,,,,,,,,,,,,,,
,8,18L,G2,X,HR_016,1,,1,0,0,,,,,,,,,,,,,,,,,,,,,,,
,8,18R,G2,X,HR_170,4,,,,,,,,,,,,,,,,,,,,,,,,,,,
,8,19L,G2,X,HR_116,5,,,,,,,,,,,,,,,,,,,,,,,,,,,
,8,19R,G2,X,HR_086,2,1.9375,1,4,4,7.75,1.9375,1,0,0,,,,,,,,,,,,,,,,,,
,8,20R,G2,X,HR_079,3,,,,,,,,,,,,,,,,,,,,,,,,,,,
,8,21R,G1,-,HR_085,3,,,,,,,,,,,,,,,,,,,,,,,,,,,
,8,22L,G2,X,HR_040,3,,,,,,,,,,,,,,,,,,,,,,,,,,,
,8,22R,G1,-,HR_068,2,,,,,,,,,,,,,,,,,,,,,,,,,,,
,8,23L,G2,X,HR_041,1,,,,,,,3,0,0,,,,,,,,,,,,,,,,,,
,8,23R,G1,-,HR_118,2,,2,0,0,,,2,0,0,,,,,,,,,,,,,,,,,,
,8,24L,G2,X,HR_047,4,2.045,3,0,0,,,1,2,2,4.09,2.045,,,,,,,,,,,,,,,,
,8,24R,G2,X,HR_156,5,,,,,,,,,,,,,,,,,,,,,,,,,,,
,8,25L,G2,X,HR_121,1,,,,,,,,,,,,,,,,,,,,,,,,,,,
,8,25R,G2,X,HR_019,1,,,,,,,,,,,,,,,,,,,,,,,,,,,
,8,26L,G1,-,HR_035,2,,1,0,0,,,,,,,,,,,,,,,,,,,,,,,
,8,26R,G1,-,HR_149,3,1.9725,1,4,4,7.89,1.9725,,,,,,,,,,,,,,,,,,,,,
,8,27L,G2,X,HR_019,3,2.865833333,5,2,2,3.39,1.695,2,3,3,12.11,4.036666667,,,,,,,,,,,,,,,,
,8,27R,G2,X,HR_027,1,3.358,3,5,5,16.79,3.358,,,,,,,,,,,,,,,,,,,,,
,8,28L,G1,-,HR_004,2,,,,,,,,,,,,,,,,,,,,,,,,,,,
,8,29L,G1,-,HR_035,5,,,,,,,,,,,,,,,,,,,,,,,,,,,
,8,29R,G2,X,HR_164,2,1.777954545,7,11,11,17.94,1.630909091,2,2,2,3.85,1.925,,,,,,,,,,,,,,,,
,8,30L,G1,-,HR_123,5,3.34,3,4,4,16.28,4.07,2,4,4,10.44,2.61,,,,,,,,,,,,,,,,
,8,30R,G1,-,HR_070,2,1.840416667,5,16,16,26.44,1.6525,2,6,6,12.17,2.028333333,,,,,,,,,,,,,,,,
,8,31L,G1,-,HR_190,5,,,,,,,,,,,,,,,,,,,,,,,,,,,
,8,31R,G2,X,HR_153,1,,,,,,,,,,,,,,,,,,,,,,,,,,,
,8,32L,G2,X,HR_032,2,,3,0,0,,,,,,,,,,,,,,,,,,,,,,,
,8,32R,G2,X,HR_056,4,2.125,1,2,2,4.25,2.125,,,,,,,,,,,,,,,,,,,,,
,8,33L,G2,X,HR_175,2,,2,0,0,,,1,0,0,,,,,,,,,,,,,,,,,,
,8,33R,G1,-,HR_126,2,1.910666667,3,5,5,10.59,2.118,,,,,,2,3,3,5.11,1.703333333,,,,,,,,,,,
,8,34L,G2,X,HR_169,1,2.38,2,1,1,2.38,2.38,,,,,,,,,,,,,,,,,,,,,
,8,34R,G1,-,HR_124,5,,,,,,,,,,,,,,,,,,,,,,,,,,,
,8,35R,G1,-,HR_183,3,1.77,1,2,2,3.54,1.77,,,,,,,,,,,,,,,,,,,,,
,8,36L,G2,X,HR_006,1,,,,,,,,,,,,,,,,,,,,,,,,,,,
,8,36R,G1,-,HR_131,2,,,,,,,,,,,,,,,,,,,,,,,,,,,
,8,37L,G2,X,HR_152,5,,,,,,,,,,,,,,,,,,,,,,,,,,,
,8,37R,G2,X,HR_064,4,1.095,1,2,2,2.19,1.095,,,,,,,,,,,,,,,,,,,,,
,8,38L,G1,-,HR_107,3,2.59,4,8,8,20.72,2.59,2,0,0,,,,,,,,,,,,,,,,,,
,8,38R,G2,X,HR_111,1,,2,0,0,,,,,,,,,,,,,,,,,,,,,,,
,8,39L,G2,X,HR_064,5,,,,,,,,,,,,,,,,,,,,,,,,,,,
,8,39R,G1,-,HR_044,2,2.955,,,,,,1,2,2,5.91,2.955,,,,,,,,,,,,,,,,
,8,40L,G2,X,HR_178,3,,,,,,,,,,,,,,,,,,,,,,,,,,,
,8,40R,G1,-,HR_062,5,,,,,,,,,,,,,,,,,,,,,,,,,,,
,8,41L,G2,X,HR_101,4,,,,,,,,,,,,,,,,,,,,,,,,,,,
,8,41R,G2,X,HR_175,5,,,,,,,,,,,,,,,,,,,,,,,,,,,
,8,42L,G1,-,HR_129,2,,,,,,,,,,,,,,,,,,,,,,,,,,,
,8,42R,G1,-,HR_152,5,,,,,,,,,,,,,,,,,,,,,,,,,,,
,8,43L,G1,-,HR_027,4,2.035,3,2,2,4.63,2.315,1,2,2,3.51,1.755,,,,,,,,,,,,,,,,
,8,43R,G2,X,HR_146,4,,,,,,,,,,,,,,,,,,,,,,,,,,,
,8,44L,G2,X,HR_085,4,,,,,,,,,,,,,,,,,,,,,,,,,,,
,8,44R,G1,-,HR_083,1,,,,,,,,,,,,,,,,,,,,,,,,,,,
,8,45L,G1,-,HR_033,1,,1,0,0,,,,,,,,,,,,,,,,,,,,,,,
,8,45R,G1,-,HR_028,2,,2,0,0,,,,,,,,,,,,,,,,,,,,,,,
,9,1L,G1,-,HR_190,2,1.771166667,13,43,30,59.89,1.996333333,4,5,5,7.73,1.546,,,,,,,,,,,,,,,,envelope says 5/5/23
,9,1R,G1,-,HR_020,3,3.659,4,5,5,18.29,3.658,3,4,4,14.64,3.66,,,,,,,,,,,,,,,,
,9,2L,G1,-,HR_001,3,1.798571429,3,7,7,12.59,1.798571429,,,,,,,,,,,,,,,,,,,,,
,9,2R,G2,X,HR_196,2,2.413333333,3,3,3,7.24,2.413333333,,,,,,,,,,,,,,,,,,,,,
,9,3R,G1,-,HR_019,2,1.472166667,13,31,30,53.68,1.789333333,5,4,4,4.62,1.155,,,,,,,,,,,,,,,,
,9,4L,G2,X,HR_148,5,1.698,3,5,5,8.49,1.698,,,,,,,,,,,,,,,,,,,,,
,9,4R,G2,X,HR_086,1,1.619333333,6,15,15,24.29,1.619333333,,,,,,,,,,,,,,,,,,,,,
,9,5L,G2,X,HR_035,3,3.976666667,3,6,6,23.86,3.976666667,,,,,,,,,,,,,,,,,,,,,
,9,5R,G1,-,HR_039,4,2.502111111,16,66,30,72.06,2.402,6,9,9,23.42,2.602222222,,,,,,,,,,,,,,,,
,9,6L,G2,X,HR_034,5,2.678181818,3,11,11,29.46,2.678181818,,,,,,,,,,,,,,,,,,,,,
,9,7L,G1,-,HR_025,3,,2,0,0,,,,,,,,,,,,,,,,,,,,,,,
,9,7R,G2,X,HR_080,2,1.702,4,20,20,34.04,1.702,,,,,,,,,,,,,,,,,,,,,
,9,8L,G2,X,HR_021,1,2.474833333,10,43,30,67.64,2.254666667,4,10,10,26.95,2.695,,,,,,,,,,,,,,,,
,9,8R,G1,-,HR_118,3,,2,0,0,,,,,,,,,,,,,,,,,,,,,,,
,9,9L,G1,-,HR_032,5,2.704090909,5,22,22,55.07,2.503181818,1,2,2,5.81,2.905,,,,,,,,,,,,,,,,
,9,9R,G1,-,HR_009,4,3.1075,11,20,20,62.15,3.1075,,,,,,,,,,,,,,,,,,,,,
,9,10L,G2,X,HR_015,5,1.51,2,3,3,4.53,1.51,,,,,,,,,,,,,,,,,,,,,
,9,10R,G2,X,HR_137,1,0.81,4,11,11,17.82,1.62,2,1,1,,0,,,,,,,,,,,,,,,,
,9,11L,G1,-,HR_064,4,0.755,3,4,4,,0,3,4,4,6.04,1.51,,,,,,,,,,,,,,,,
,9,11R,G2,X,HR_105,5,1.1875,2,4,4,4.75,1.1875,,,,,,,,,,,,,,,,,,,,,
,9,12L,G2,X,HR_114,2,2.362857143,2,7,7,16.54,2.362857143,,,,,,,,,,,,,,,,,,,,,
,9,13L,G2,X,HR_053,1,2.528668831,4,14,14,25.15,1.796428571,5,11,11,35.87,3.260909091,,,,,,,,,,,,,,,,
,9,13R,G1,-,HR_139,3,,,,,,,,,,,,,,,,,,,,,,,,,,,
,9,14L,G1,-,HR_161,1,0.74,1,2,2,1.48,0.74,,,,,,,,,,,,,,,,,,,,,
,9,14R,G2,X,HR_159,4,4.785,1,2,2,9.57,4.785,,,,,,,,,,,,,,,,,,,,,
,9,15L,G2,X,HR_115,5,,,,,,,,,,,,,,,,,,,,,,,,,,,
,9,15R,G2,X,HR_092,4,2.002857143,3,7,7,14.02,2.002857143,1,0,0,,,,,,,,,,,,,,,,,,
,9,16L,G2,X,HR_174,4,,,,,,,,,,,,,,,,,,,,,,,,,,,
,9,16R,G2,X,HR_116,2,2.834166667,7,6,6,22.1,3.683333333,1,2,2,3.97,1.985,,,,,,,,,,,,,,,,
,9,17L,G1,-,HR_133,4,,,,,,,,,,,,,,,,,,,,,,,,,,,
,9,17R,G2,X,HR_038,1,1.627857143,3,14,14,22.79,1.627857143,,,,,,,,,,,,,,,,,,,,,
,9,18L,G2,X,HR_103,3,1.603333333,1,3,3,4.97,1.656666667,1,1,1,1.55,1.55,,,,,,,,,,,,,,,,
,9,18R,G1,-,HR_121,1,4.67,2,2,2,9.34,4.67,,,,,,,,,,,,,,,,,,,,,
,9,19L,G1,-,HR_023,3,1.2175,2,8,8,9.74,1.2175,,,,,,,,,,,,,,,,,,,,,
,9,19R,G1,-,HR_021,3,1.9425,1,4,4,7.77,1.9425,,,,,,,,,,,,,,,,,,,,,
,9,20L,G1,-,HR_016,3,,,,,,,1,0,0,,,,,,,,,,,,,,,,,,
,9,20R,G2,X,HR_141,4,1.681666667,2,12,12,20.18,1.681666667,,,,,,,,,,,,,,,,,,,,,
,9,21L,G1,-,HR_027,1,1.848452381,5,21,21,33.85,1.611904762,1,2,2,4.17,2.085,,,,,,,,,,,,,,,,
,9,21R,G1,-,HR_086,2,2.33,2,8,8,18.64,2.33,,,,,,,,,,,,,,,,,,,,,
,9,22L,G1,-,HR_126,3,1.076,3,10,10,10.76,1.076,,,,,,,,,,,,,,,,,,,,,
,9,22R,G2,X,HR_009,4,1.658,2,5,5,8.29,1.658,,,,,,,,,,,,,,,,,,,,,
,9,23L,G1,-,HR_054,1,2.208333333,4,10,10,31.3,3.13,3,6,6,7.72,1.286666667,,,,,,,,,,,,,,,,
,9,23R,G1,-,HR_127,4,1.6275,3,8,8,18.36,2.295,1,2,2,1.92,0.96,,,,,,,,,,,,,,,,
,9,24L,G1,-,HR_131,1,,,,,,,,,,,,,,,,,,,,,,,,,,,
,9,24R,G2,X,HR_176,4,,,,,,,,,,,,,,,,,,,,,,,,,,,
,9,25L,G2,X,HR_112,2,,,,,,,,,,,,,,,,,,,,,,,,,,,
,9,25R,G2,X,HR_136,5,,,,,,,,,,,,,,,,,,,,,,,,,,,
,9,26L,G2,X,HR_141,2,0.87,1,4,4,3.48,0.87,,,,,,,,,,,,,,,,,,,,,
,9,26R,G1,-,HR_150,3,2.85975,3,5,5,14.11,2.822,3,4,4,11.59,2.8975,,,,,,,,,,,,,,,,
,9,27L,G1,-,HR_050,5,1.5675,2,4,4,6.27,1.5675,,,,,,,,,,,,,,,,,,,,,
,9,27R,G1,-,HR_057,4,2.695210526,5,19,19,43.48,2.288421053,3,5,5,15.51,3.102,,,,,,,,,,,,,,,,
,9,28L,G1,-,HR_148,3,1.12,2,5,5,5.6,1.12,,,,,,,,,,,,,,,,,,,,,
,9,28R,G2,X,HR_148,5,1.928888889,2,9,9,17.36,1.928888889,,,,,,,,,,,,,,,,,,,,,
,9,29L,G2,X,HR_162,2,3.08,,,,,,2,1,1,3.08,3.08,,,,,,,,,,,,,,,,
,9,29R,G2,X,HR_046,3,1.1835,4,20,20,28.34,1.417,2,1,1,0.95,0.95,,,,,,,,,,,,,,,,
,9,30L,G2,X,HR_147,1,,1,0,0,,,,,,,,,,,,,,,,,,,,,,,
,9,30R,G2,X,HR_141,5,,,,,,,,,,,,,,,,,,,,,,,,,,,
,9,31L,G1,-,HR_136,5,,,,,,,,,,,,,,,,,,,,,,,,,,,
,9,31R,G1,-,HR_043,5,2.333333333,3,6,6,15.64,2.606666667,2,3,3,6.18,2.06,,,,,,,,,,,,,,,,
,9,32L,G2,X,HR_037,3,2.317272727,4,11,11,25.49,2.317272727,,,,,,,,,,,,,,,,,,,,,
,9,32R,G2,X,HR_020,5,,,,,,,,,,,,,,,,,,,,,,,,,,,
,9,33L,G2,X,HR_061,4,,,,,,,,,,,,,,,,,,,,,,,,,,,
,9,33R,G2,X,HR_050,1,3.4325,,,,,,2,4,4,13.73,3.4325,,,,,,,,,,,,,,,,
,9,34L,G2,X,HR_169,2,,,,,,,1,0,0,,,,,,,,,,,,,,,,,,
,9,34R,G2,X,HR_155,5,,,,,,,,,,,,,,,,,,,,,,,,,,,
,9,35L,G1,-,HR_201,5,1.71,1,3,3,5.13,1.71,,,,,,,,,,,,,,,,,,,,,
,9,35R,G1,-,HR_012,4,,,,,,,,,,,,,,,,,,,,,,,,,,,
,9,36R,G1,-,HR_085,2,,1,0,0,,,,,,,,,,,,,,,,,,,,,,,
,9,37L,G1,-,HR_064,4,,,,,,,,,,,,,,,,,,,,,,,,,,,
,9,38L,G2,X,HR_180,1,2.66,3,7,7,13.86,1.98,2,2,2,6.68,3.34,,,,,,,,,,,,,,,,
,9,38R,G2,X,HR_051,3,,,,,,,,,,,,,,,,,,,,,,,,,,,
,9,39L,G2,X,HR_092,3,,,,,,,,,,,,,,,,,,,,,,,,,,,
,9,39R,G2,X,HR_131,2,1.486666667,1,3,3,4.46,1.486666667,,,,,,,,,,,,,,,,,,,,,
,9,40L,G1,-,HR_041,4,,,,,,,1,0,0,,,,,,,,,,,,,,,,,,
,9,40R,G2,X,HR_105,4,,,,,,,,,,,,,,,,,,,,,,,,,,,
,9,41L,G2,X,HR_201,3,,,,,,,,,,,,,,,,,,,,,,,,,,,
,9,41R,G1,-,HR_109,1,,,,,,,,,,,,,,,,,,,,,,,,,,,
,9,42R,G1,-,HR_152,1,3.5325,2,4,4,14.13,3.5325,,,,,,,,,,,,,,,,,,,,,
,9,43L,G1,-,HR_058,3,,,,,,,,,,,,,,,,,,,,,,,,,,,
,9,43R,G2,X,HR_092,1,,,,,,,,,,,,,,,,,,,,,,,,,,,
,9,44L,G2,X,HR_043,2,2.57125,4,8,8,22.46,2.8075,3,4,4,9.34,2.335,,,,,,,,,,,,,,,,
,9,44R,G2,X,HR_113,3,,,,,,,,,,,,,,,,,,,,,,,,,,,
,9,45L,G2,X,HR_166,5,,,,,,,,,,,,,,,,,,,,,,,,,,,
,9,45R,G1,-,HR_177,2,,,,,,,,,,,,,,,,,,,,,,,,,,,
,9,46R,G1,-,HR_038,3,,,,,,,,,,,,,,,,,,,,,,,,,,,
,,,,,,,,,,,,,,,,,,,,,,,,,,,,,,,,,
,,,,,,,,,,,,,,,,,,,,,,,,,,,,,,,,,
,,,,,,,,,,,,,,,,,,,,,,,,,,,,,,,,,
,,,,,,,,,,,,,,,,,,,,,,,,,,,,,,,,,
,,,,,,,,,,,,,,,,,,,,,,,,,,,,,,,,,
,,,,,,,,,,,,,,,,,,,,,,,,,,,,,,,,,
,,,,,,,,,,,,,,,,,,,,,,,,,,,,,,,,,
,,,,,,,,,,,,,,,,,,,,,,,,,,,,,,,,,
,,,,,,,,,,,,,,,,,,,,,,,,,,,,,,,,,
,,,,,,,,,,,,,,,,,,,,,,,,,,,,,,,,,
,,,,,,,,,,,,,,,,,,,,,,,,,,,,,,,,,
,,,,,,,,,,,,,,,,,,,,,,,,,,,,,,,,,
,,,,,,,,,,,,,,,,,,,,,,,,,,,,,,,,,
,,,,,,,,,,,,,,,,,,,,,,,,,,,,,,,,,
,,,,,,,,,,,,,,,,,,,,,,,,,,,,,,,,,
,,,,,,,,,,,,,,,,,,,,,,,,,,,,,,,,,
,,,,,,,,,,,,,,,,,,,,,,,,,,,,,,,,,
,,,,,,,,,,,,,,,,,,,,,,,,,,,,,,,,,
,,,,,,,,,,,,,,,,,,,,,,,,,,,,,,,,,
,,,,,,,,,,,,,,,,,,,,,,,,,,,,,,,,,
,,,,,,,,,,,,,,,,,,,,,,,,,,,,,,,,,
,,,,,,,,,,,,,,,,,,,,,,,,,,,,,,,,,
,,,,,,,,,,,,,,,,,,,,,,,,,,,,,,,,,
,,,,,,,,,,,,,,,,,,,,,,,,,,,,,,,,,
,,,,,,,,,,,,,,,,,,,,,,,,,,,,,,,,,
,,,,,,,,,,,,,,,,,,,,,,,,,,,,,,,,,
,,,,,,,,,,,,,,,,,,,,,,,,,,,,,,,,,
,,,,,,,,,,,,,,,,,,,,,,,,,,,,,,,,,
,,,,,,,,,,,,,,,,,,,,,,,,,,,,,,,,,
,,,,,,,,,,,,,,,,,,,,,,,,,,,,,,,,,
,,,,,,,,,,,,,,,,,,,,,,,,,,,,,,,,,
,,,,,,,,,,,,,,,,,,,,,,,,,,,,,,,,,
,,,,,,,,,,,,,,,,,,,,,,,,,,,,,,,,,
,,,,,,,,,,,,,,,,,,,,,,,,,,,,,,,,,
,,,,,,,,,,,,,,,,,,,,,,,,,,,,,,,,,
,,,,,,,,,,,,,,,,,,,,,,,,,,,,,,,,,
,,,,,,,,,,,,,,,,,,,,,,,,,,,,,,,,,
,,,,,,,,,,,,,,,,,,,,,,,,,,,,,,,,,
,,,,,,,,,,,,,,,,,,,,,,,,,,,,,,,,,
,,,,,,,,,,,,,,,,,,,,,,,,,,,,,,,,,
,,,,,,,,,,,,,,,,,,,,,,,,,,,,,,,,,
,,,,,,,,,,,,,,,,,,,,,,,,,,,,,,,,,
,,,,,,,,,,,,,,,,,,,,,,,,,,,,,,,,,
,,,,,,,,,,,,,,,,,,,,,,,,,,,,,,,,,
,,,,,,,,,,,,,,,,,,,,,,,,,,,,,,,,,
,,,,,,,,,,,,,,,,,,,,,,,,,,,,,,,,,
,,,,,,,,,,,,,,,,,,,,,,,,,,,,,,,,,
,,,,,,,,,,,,,,,,,,,,,,,,,,,,,,,,,
,,,,,,,,,,,,,,,,,,,,,,,,,,,,,,,,,
,,,,,,,,,,,,,,,,,,,,,,,,,,,,,,,,,
,,,,,,,,,,,,,,,,,,,,,,,,,,,,,,,,,
,,,,,,,,,,,,,,,,,,,,,,,,,,,,,,,,,
,,,,,,,,,,,,,,,,,,,,,,,,,,,,,,,,,
,,,,,,,,,,,,,,,,,,,,,,,,,,,,,,,,,
,,,,,,,,,,,,,,,,,,,,,,,,,,,,,,,,,
,,,,,,,,,,,,,,,,,,,,,,,,,,,,,,,,,
,,,,,,,,,,,,,,,,,,,,,,,,,,,,,,,,,
,,,,,,,,,,,,,,,,,,,,,,,,,,,,,,,,,
,,,,,,,,,,,,,,,,,,,,,,,,,,,,,,,,,
,,,,,,,,,,,,,,,,,,,,,,,,,,,,,,,,,
,,,,,,,,,,,,,,,,,,,,,,,,,,,,,,,,,
,,,,,,,,,,,,,,,,,,,,,,,,,,,,,,,,,
,,,,,,,,,,,,,,,,,,,,,,,,,,,,,,,,,
,,,,,,,,,,,,,,,,,,,,,,,,,,,,,,,,,
,,,,,,,,,,,,,,,,,,,,,,,,,,,,,,,,,
,,,,,,,,,,,,,,,,,,,,,,,,,,,,,,,,,
,,,,,,,,,,,,,,,,,,,,,,,,,,,,,,,,,
,,,,,,,,,,,,,,,,,,,,,,,,,,,,,,,,,
,,,,,,,,,,,,,,,,,,,,,,,,,,,,,,,,,
,,,,,,,,,,,,,,,,,,,,,,,,,,,,,,,,,
,,,,,,,,,,,,,,,,,,,,,,,,,,,,,,,,,
,,,,,,,,,,,,,,,,,,,,,,,,,,,,,,,,,
,,,,,,,,,,,,,,,,,,,,,,,,,,,,,,,,,
,,,,,,,,,,,,,,,,,,,,,,,,,,,,,,,,,
,,,,,,,,,,,,,,,,,,,,,,,,,,,,,,,,,
,,,,,,,,,,,,,,,,,,,,,,,,,,,,,,,,,
,,,,,,,,,,,,,,,,,,,,,,,,,,,,,,,,,
,,,,,,,,,,,,,,,,,,,,,,,,,,,,,,,,,
,,,,,,,,,,,,,,,,,,,,,,,,,,,,,,,,,
,,,,,,,,,,,,,,,,,,,,,,,,,,,,,,,,,
,,,,,,,,,,,,,,,,,,,,,,,,,,,,,,,,,
,,,,,,,,,,,,,,,,,,,,,,,,,,,,,,,,,
,,,,,,,,,,,,,,,,,,,,,,,,,,,,,,,,,
,,,,,,,,,,,,,,,,,,,,,,,,,,,,,,,,,
,,,,,,,,,,,,,,,,,,,,,,,,,,,,,,,,,
,,,,,,,,,,,,,,,,,,,,,,,,,,,,,,,,,
,,,,,,,,,,,,,,,,,,,,,,,,,,,,,,,,,
,,,,,,,,,,,,,,,,,,,,,,,,,,,,,,,,,
,,,,,,,,,,,,,,,,,,,,,,,,,,,,,,,,,
,,,,,,,,,,,,,,,,,,,,,,,,,,,,,,,,,
,,,,,,,,,,,,,,,,,,,,,,,,,,,,,,,,,
,,,,,,,,,,,,,,,,,,,,,,,,,,,,,,,,,
,,,,,,,,,,,,,,,,,,,,,,,,,,,,,,,,,
,,,,,,,,,,,,,,,,,,,,,,,,,,,,,,,,,
,,,,,,,,,,,,,,,,,,,,,,,,,,,,,,,,,
,,,,,,,,,,,,,,,,,,,,,,,,,,,,,,,,,
,,,,,,,,,,,,,,,,,,,,,,,,,,,,,,,,,
,,,,,,,,,,,,,,,,,,,,,,,,,,,,,,,,,
,,,,,,,,,,,,,,,,,,,,,,,,,,,,,,,,,
,,,,,,,,,,,,,,,,,,,,,,,,,,,,,,,,,
,,,,,,,,,,,,,,,,,,,,,,,,,,,,,,,,,
,,,,,,,,,,,,,,,,,,,,,,,,,,,,,,,,,
,,,,,,,,,,,,,,,,,,,,,,,,,,,,,,,,,
,,,,,,,,,,,,,,,,,,,,,,,,,,,,,,,,,
,,,,,,,,,,,,,,,,,,,,,,,,,,,,,,,,,
,,,,,,,,,,,,,,,,,,,,,,,,,,,,,,,,,
,,,,,,,,,,,,,,,,,,,,,,,,,,,,,,,,,
,,,,,,,,,,,,,,,,,,,,,,,,,,,,,,,,,
,,,,,,,,,,,,,,,,,,,,,,,,,,,,,,,,,
,,,,,,,,,,,,,,,,,,,,,,,,,,,,,,,,,
,,,,,,,,,,,,,,,,,,,,,,,,,,,,,,,,,
,,,,,,,,,,,,,,,,,,,,,,,,,,,,,,,,,
,,,,,,,,,,,,,,,,,,,,,,,,,,,,,,,,,
,,,,,,,,,,,,,,,,,,,,,,,,,,,,,,,,,
,,,,,,,,,,,,,,,,,,,,,,,,,,,,,,,,,
,,,,,,,,,,,,,,,,,,,,,,,,,,,,,,,,,
,,,,,,,,,,,,,,,,,,,,,,,,,,,,,,,,,
,,,,,,,,,,,,,,,,,,,,,,,,,,,,,,,,,
,,,,,,,,,,,,,,,,,,,,,,,,,,,,,,,,,
,,,,,,,,,,,,,,,,,,,,,,,,,,,,,,,,,
,,,,,,,,,,,,,,,,,,,,,,,,,,,,,,,,,
,,,,,,,,,,,,,,,,,,,,,,,,,,,,,,,,,
,,,,,,,,,,,,,,,,,,,,,,,,,,,,,,,,,
,,,,,,,,,,,,,,,,,,,,,,,,,,,,,,,,,
,,,,,,,,,,,,,,,,,,,,,,,,,,,,,,,,,
,,,,,,,,,,,,,,,,,,,,,,,,,,,,,,,,,
,,,,,,,,,,,,,,,,,,,,,,,,,,,,,,,,,
,,,,,,,,,,,,,,,,,,,,,,,,,,,,,,,,,
,,,,,,,,,,,,,,,,,,,,,,,,,,,,,,,,,
,,,,,,,,,,,,,,,,,,,,,,,,,,,,,,,,,
,,,,,,,,,,,,,,,,,,,,,,,,,,,,,,,,,
,,,,,,,,,,,,,,,,,,,,,,,,,,,,,,,,,
,,,,,,,,,,,,,,,,,,,,,,,,,,,,,,,,,
,,,,,,,,,,,,,,,,,,,,,,,,,,,,,,,,,
,,,,,,,,,,,,,,,,,,,,,,,,,,,,,,,,,
,,,,,,,,,,,,,,,,,,,,,,,,,,,,,,,,,
,,,,,,,,,,,,,,,,,,,,,,,,,,,,,,,,,
,,,,,,,,,,,,,,,,,,,,,,,,,,,,,,,,,
,,,,,,,,,,,,,,,,,,,,,,,,,,,,,,,,,
,,,,,,,,,,,,,,,,,,,,,,,,,,,,,,,,,
,,,,,,,,,,,,,,,,,,,,,,,,,,,,,,,,,
,,,,,,,,,,,,,,,,,,,,,,,,,,,,,,,,,
,,,,,,,,,,,,,,,,,,,,,,,,,,,,,,,,,
,,,,,,,,,,,,,,,,,,,,,,,,,,,,,,,,,
,,,,,,,,,,,,,,,,,,,,,,,,,,,,,,,,,
,,,,,,,,,,,,,,,,,,,,,,,,,,,,,,,,,
,,,,,,,,,,,,,,,,,,,,,,,,,,,,,,,,,
,,,,,,,,,,,,,,,,,,,,,,,,,,,,,,,,,
,,,,,,,,,,,,,,,,,,,,,,,,,,,,,,,,,
,,,,,,,,,,,,,,,,,,,,,,,,,,,,,,,,,
,,,,,,,,,,,,,,,,,,,,,,,,,,,,,,,,,
,,,,,,,,,,,,,,,,,,,,,,,,,,,,,,,,,
,,,,,,,,,,,,,,,,,,,,,,,,,,,,,,,,,
,,,,,,,,,,,,,,,,,,,,,,,,,,,,,,,,,
,,,,,,,,,,,,,,,,,,,,,,,,,,,,,,,,,
,,,,,,,,,,,,,,,,,,,,,,,,,,,,,,,,,
,,,,,,,,,,,,,,,,,,,,,,,,,,,,,,,,,
,,,,,,,,,,,,,,,,,,,,,,,,,,,,,,,,,
,,,,,,,,,,,,,,,,,,,,,,,,,,,,,,,,,
,,,,,,,,,,,,,,,,,,,,,,,,,,,,,,,,,
,,,,,,,,,,,,,,,,,,,,,,,,,,,,,,,,,
,,,,,,,,,,,,,,,,,,,,,,,,,,,,,,,,,
,,,,,,,,,,,,,,,,,,,,,,,,,,,,,,,,,
,,,,,,,,,,,,,,,,,,,,,,,,,,,,,,,,,
,,,,,,,,,,,,,,,,,,,,,,,,,,,,,,,,,
,,,,,,,,,,,,,,,,,,,,,,,,,,,,,,,,,
,,,,,,,,,,,,,,,,,,,,,,,,,,,,,,,,,
,,,,,,,,,,,,,,,,,,,,,,,,,,,,,,,,,
,,,,,,,,,,,,,,,,,,,,,,,,,,,,,,,,,
,,,,,,,,,,,,,,,,,,,,,,,,,,,,,,,,,
,,,,,,,,,,,,,,,,,,,,,,,,,,,,,,,,,
,,,,,,,,,,,,,,,,,,,,,,,,,,,,,,,,,
,,,,,,,,,,,,,,,,,,,,,,,,,,,,,,,,,
,,,,,,,,,,,,,,,,,,,,,,,,,,,,,,,,,
,,,,,,,,,,,,,,,,,,,,,,,,,,,,,,,,,
,,,,,,,,,,,,,,,,,,,,,,,,,,,,,,,,,
,,,,,,,,,,,,,,,,,,,,,,,,,,,,,,,,,
,,,,,,,,,,,,,,,,,,,,,,,,,,,,,,,,,
,,,,,,,,,,,,,,,,,,,,,,,,,,,,,,,,,
,,,,,,,,,,,,,,,,,,,,,,,,,,,,,,,,,
,,,,,,,,,,,,,,,,,,,,,,,,,,,,,,,,,
,,,,,,,,,,,,,,,,,,,,,,,,,,,,,,,,,
,,,,,,,,,,,,,,,,,,,,,,,,,,,,,,,,,
,,,,,,,,,,,,,,,,,,,,,,,,,,,,,,,,,
,,,,,,,,,,,,,,,,,,,,,,,,,,,,,,,,,
,,,,,,,,,,,,,,,,,,,,,,,,,,,,,,,,,
,,,,,,,,,,,,,,,,,,,,,,,,,,,,,,,,,
,,,,,,,,,,,,,,,,,,,,,,,,,,,,,,,,,
,,,,,,,,,,,,,,,,,,,,,,,,,,,,,,,,,
,,,,,,,,,,,,,,,,,,,,,,,,,,,,,,,,,
,,,,,,,,,,,,,,,,,,,,,,,,,,,,,,,,,
,,,,,,,,,,,,,,,,,,,,,,,,,,,,,,,,,
,,,,,,,,,,,,,,,,,,,,,,,,,,,,,,,,,
,,,,,,,,,,,,,,,,,,,,,,,,,,,,,,,,,
,,,,,,,,,,,,,,,,,,,,,,,,,,,,,,,,,
,,,,,,,,,,,,,,,,,,,,,,,,,,,,,,,,,
,,,,,,,,,,,,,,,,,,,,,,,,,,,,,,,,,
,,,,,,,,,,,,,,,,,,,,,,,,,,,,,,,,,
,,,,,,,,,,,,,,,,,,,,,,,,,,,,,,,,,
,,,,,,,,,,,,,,,,,,,,,,,,,,,,,,,,,
,,,,,,,,,,,,,,,,,,,,,,,,,,,,,,,,,
,,,,,,,,,,,,,,,,,,,,,,,,,,,,,,,,,
,,,,,,,,,,,,,,,,,,,,,,,,,,,,,,,,,
,,,,,,,,,,,,,,,,,,,,,,,,,,,,,,,,,
,,,,,,,,,,,,,,,,,,,,,,,,,,,,,,,,,
,,,,,,,,,,,,,,,,,,,,,,,,,,,,,,,,,
,,,,,,,,,,,,,,,,,,,,,,,,,,,,,,,,,
,,,,,,,,,,,,,,,,,,,,,,,,,,,,,,,,,
,,,,,,,,,,,,,,,,,,,,,,,,,,,,,,,,,
,,,,,,,,,,,,,,,,,,,,,,,,,,,,,,,,,
,,,,,,,,,,,,,,,,,,,,,,,,,,,,,,,,,
,,,,,,,,,,,,,,,,,,,,,,,,,,,,,,,,,
,,,,,,,,,,,,,,,,,,,,,,,,,,,,,,,,,
,,,,,,,,,,,,,,,,,,,,,,,,,,,,,,,,,
,,,,,,,,,,,,,,,,,,,,,,,,,,,,,,,,,
,,,,,,,,,,,,,,,,,,,,,,,,,,,,,,,,,
,,,,,,,,,,,,,,,,,,,,,,,,,,,,,,,,,
,,,,,,,,,,,,,,,,,,,,,,,,,,,,,,,,,
,,,,,,,,,,,,,,,,,,,,,,,,,,,,,,,,,
,,,,,,,,,,,,,,,,,,,,,,,,,,,,,,,,,
,,,,,,,,,,,,,,,,,,,,,,,,,,,,,,,,,
,,,,,,,,,,,,,,,,,,,,,,,,,,,,,,,,,
,,,,,,,,,,,,,,,,,,,,,,,,,,,,,,,,,
,,,,,,,,,,,,,,,,,,,,,,,,,,,,,,,,,
,,,,,,,,,,,,,,,,,,,,,,,,,,,,,,,,,
,,,,,,,,,,,,,,,,,,,,,,,,,,,,,,,,,